palabra,valencia_m,valencia_sd,activacion_m,activacion_sd,familiaridad_m,familiaridad_sd,concrecion_m,concrecion_sd,categoria_palabra,palabra_noaccents
abeja,3.34,1.85,6.79,1.51,4.99,1.38,6.64,0.69,1,abeja
abejorro,2.13,1.32,7.08,1.58,3.55,1.81,5.89,1.15,1,abejorro
águila,6.16,1.55,6.0,1.68,3.49,1.83,5.77,1.35,1,aguila
alce,5.47,1.67,4.57,2.02,1.72,0.9,5.17,1.66,1,alce
almeja,4.92,1.7,3.42,1.75,3.43,1.79,5.29,1.97,1,almeja
anguila,3.76,2.14,5.55,1.8,2.5,1.39,5.83,1.37,1,anguila
ardilla,6.76,1.24,4.47,2.02,2.59,1.6,6.73,0.37,1,ardilla
asno,5.32,1.69,4.53,1.59,2.74,1.73,5.41,1.46,1,asno
atún,5.74,1.77,4.84,1.7,5.23,1.57,5.98,1.18,1,atun
avestruz,5.26,1.5,4.5,1.89,3.19,1.63,6.61,0.58,1,avestruz
babosa,2.13,1.34,5.08,2.53,2.83,1.65,5.32,1.44,1,babosa
ballena,6.38,1.36,4.43,1.97,3.91,1.7,6.22,1.05,1,ballena
bisonte,4.54,1.43,5.32,2.21,1.63,1.01,5.5,1.63,1,bisonte
buey,5.0,1.45,4.0,1.95,1.78,1.2,6.22,0.93,1,buey
búfalo,4.21,1.61,5.39,2.11,2.32,1.44,6.46,0.73,1,bufalo
buitre,3.18,1.29,5.42,1.35,2.86,1.61,5.44,1.8,1,buitre
burro,5.26,1.81,3.92,1.4,4.27,1.8,5.89,1.11,1,burro
caimán,4.39,2.1,5.66,2.11,1.87,0.96,6.28,0.85,1,caiman
camaleón,5.58,1.73,5.11,1.87,2.35,1.35,5.92,0.99,1,camaleon
camello,5.82,1.5,4.87,1.91,3.46,1.97,5.92,0.97,1,camello
canario,6.05,1.64,4.34,2.03,3.22,1.66,5.08,1.55,1,canario
cangrejo,5.16,1.73,3.97,2.07,4.18,1.82,6.25,0.94,1,cangrejo
canguro,6.13,1.07,4.95,2.0,3.58,2.0,6.01,1.29,1,canguro
caracol,5.05,1.96,3.21,2.11,4.0,1.48,6.16,0.93,1,caracol
cebra,5.71,1.45,5.03,1.73,3.37,2.04,5.89,1.69,1,cebra
chacal,4.5,1.86,5.56,1.9,1.75,1.28,5.41,1.75,1,chacal
chimpancé,6.24,1.22,5.89,1.45,3.46,1.93,6.16,1.39,1,chimpance
chinche,2.51,1.69,5.91,2.16,2.17,1.26,5.41,1.62,1,chinche
ciervo,6.53,1.2,4.87,1.73,2.68,1.69,5.74,1.5,1,ciervo
cigüeña,5.87,1.34,4.63,1.81,2.71,1.52,6.34,0.9,1,ciguena
cisne,7.32,1.12,4.39,1.98,3.31,1.56,6.31,0.61,1,cisne
cochinilla,4.05,1.86,4.05,2.28,2.38,1.99,4.87,1.9,1,cochinilla
cocodrilo,4.63,1.94,6.61,1.82,3.64,1.94,6.16,1.09,1,cocodrilo
colibrí,5.97,1.65,4.18,2.25,1.66,1.0,6.16,1.36,1,colibri
comadreja,4.29,1.47,4.87,1.77,1.9,1.26,6.01,1.16,1,comadreja
cotorra,4.05,1.79,4.97,1.9,3.43,1.95,4.36,1.61,1,cotorra
cuervo,3.66,1.55,4.45,2.05,2.68,1.3,6.4,0.57,1,cuervo
culebra,1.82,1.18,7.58,1.54,3.16,1.76,5.74,1.16,1,culebra
delfín,7.74,1.08,5.21,2.29,3.1,1.56,6.58,0.62,1,delfin
dromedario,5.32,1.32,3.55,1.88,2.41,1.76,6.07,1.49,1,dromedario
elefante,5.97,1.3,5.08,2.07,3.16,1.89,6.49,0.74,1,elefante
erizo,5.13,1.98,5.42,1.78,1.93,0.95,6.25,0.94,1,erizo
escarabajo,3.37,1.68,4.55,2.29,2.77,1.35,5.89,1.15,1,escarabajo
faisán,5.19,1.13,4.32,2.1,2.17,1.4,6.13,1.05,1,faisan
foca,5.95,1.84,5.0,1.72,2.41,1.55,5.5,1.9,1,foca
gacela,5.57,1.12,4.68,2.12,2.29,1.57,6.37,0.8,1,gacela
gallina,4.58,1.22,4.61,1.6,3.73,1.97,5.44,1.74,1,gallina
ganso,4.87,1.85,4.32,1.97,2.29,1.31,5.38,1.4,1,ganso
garrapata,1.95,1.27,5.95,2.4,2.41,1.3,5.92,1.32,1,garrapata
garza,4.86,1.55,4.46,1.69,2.17,1.75,5.8,1.63,1,garza
gaviota,5.0,1.99,5.03,1.92,3.52,1.74,6.19,1.16,1,gaviota
golondrina,6.32,1.32,4.34,1.83,2.59,1.55,5.62,1.05,1,golondrina
gorila,5.47,1.84,5.89,1.66,3.13,1.85,6.28,1.05,1,gorila
gorrión,5.71,1.39,4.37,1.89,2.74,1.86,5.92,1.58,1,gorrion
grillo,4.82,1.81,4.68,1.97,2.83,1.9,6.4,0.75,1,grillo
hámster,5.58,2.14,4.34,1.95,3.31,1.73,6.52,0.68,1,hamster
hiena,3.29,1.8,5.87,2.23,2.44,1.47,5.83,1.42,1,hiena
hipopótamo,5.5,1.62,5.05,2.09,1.87,0.94,6.43,0.73,1,hipopotamo
hormiga,4.45,1.46,3.5,2.04,4.18,1.83,6.43,1.04,1,hormiga
iguana,4.16,2.01,5.18,1.96,3.31,1.9,6.46,1.11,1,iguana
jabalí,4.0,1.86,5.82,2.09,2.89,1.45,6.52,0.61,1,jabali
jirafa,6.21,1.54,4.66,1.99,2.92,1.56,6.64,0.58,1,jirafa
koala,7.05,1.52,4.26,2.26,2.62,1.81,6.46,0.85,1,koala
lagartija,4.61,1.99,4.84,2.03,3.58,1.91,6.46,0.67,1,lagartija
lagarto,4.03,1.76,5.61,1.87,3.97,1.75,4.51,1.63,1,lagarto
lechuza,5.24,1.65,4.29,1.96,2.05,1.48,6.28,0.98,1,lechuza
leopardo,6.08,1.92,6.29,1.84,2.86,1.45,6.22,0.96,1,leopardo
libélula,5.16,1.87,5.16,1.88,2.41,1.41,6.46,0.63,1,libelula
liebre,5.61,1.22,4.68,1.88,3.37,1.67,5.8,1.42,1,liebre
lince,6.89,1.33,6.66,1.73,2.95,1.63,5.32,1.6,1,lince
lobo,4.82,2.36,6.82,1.74,3.55,1.81,6.01,1.33,1,lobo
lombriz,3.0,1.69,4.68,2.56,2.02,1.01,6.04,1.23,1,lombriz
loro,6.47,1.22,5.16,1.64,3.75,1.69,5.89,1.3,1,loro
luciérnaga,5.59,1.57,5.05,1.86,2.5,1.56,6.43,0.85,1,luciernaga
mapache,5.53,1.78,4.95,2.0,2.35,1.17,5.8,1.21,1,mapache
medusa,2.79,1.91,6.71,1.92,3.49,1.76,6.55,0.72,1,medusa
mejillón,5.34,1.66,3.58,2.07,3.52,1.76,6.07,1.29,1,mejillon
mofeta,3.68,1.89,5.55,1.74,2.53,1.58,5.91,1.47,1,mofeta
mono,6.34,1.65,5.68,2.04,3.43,1.68,4.96,1.25,1,mono
morsa,4.82,1.57,4.37,1.85,1.99,1.62,6.28,1.03,1,morsa
mosca,2.92,1.42,5.29,1.8,6.04,1.2,5.8,1.37,1,mosca
murciélago,3.58,2.27,5.42,2.49,3.49,1.85,6.28,0.96,1,murcielago
nutria,5.92,1.26,4.47,1.56,2.11,1.32,6.07,1.19,1,nutria
oca,5.39,1.62,4.18,2.12,3.07,2.0,5.83,1.4,1,oca
orangután,5.5,1.96,5.97,1.97,2.62,1.63,6.25,1.22,1,orangutan
oso,5.61,1.79,5.24,2.07,3.79,2.01,5.98,1.1,1,oso
ostra,3.87,1.88,3.74,1.97,2.56,1.78,5.86,1.65,1,ostra
oveja,5.66,1.34,4.03,1.98,3.01,1.6,6.13,0.94,1,oveja
pantera,5.74,2.02,6.58,1.72,2.68,1.75,6.43,0.87,1,pantera
papagayo,5.58,1.48,4.03,2.05,2.53,1.67,6.25,1.17,1,papagayo
pato,6.24,1.28,3.76,1.9,3.82,2.01,6.1,1.22,1,pato
pavo,5.42,1.65,3.97,1.98,4.81,1.95,5.29,1.55,1,pavo
pelícano,5.66,1.26,4.82,1.75,2.17,1.15,5.74,1.6,1,pelicano
perdiz,5.32,1.68,3.95,1.9,3.76,1.88,6.25,0.97,1,perdiz
periquito,5.92,1.67,4.32,1.56,3.82,2.21,5.41,1.43,1,periquito
pingüino,7.0,1.51,4.95,2.28,3.25,2.01,5.53,1.54,1,pinguino
polilla,2.5,1.47,5.16,2.4,2.56,1.3,5.98,1.47,1,polilla
pulga,2.29,1.29,5.63,2.15,3.07,1.83,5.68,1.47,1,pulga
pulpo,4.84,2.09,4.32,2.21,4.51,1.71,6.04,1.22,1,pulpo
ratón,2.97,2.03,5.97,2.2,4.81,1.87,5.89,1.06,1,raton
reno,5.87,1.51,5.55,1.55,1.78,1.18,6.01,1.16,1,reno
rinoceronte,5.32,1.6,6.13,1.73,3.22,1.54,6.64,0.49,1,rinoceronte
ruiseñor,6.53,1.35,4.58,1.81,1.93,1.3,5.68,1.39,1,ruisenor
salamandra,4.63,2.06,4.18,2.18,2.56,1.65,6.13,0.96,1,salamandra
saltamontes,3.53,2.24,6.16,2.12,3.01,1.69,6.46,0.93,1,saltamontes
sanguijuela,1.76,1.22,6.03,2.35,1.81,1.18,5.8,1.53,1,sanguijuela
sapo,3.55,1.93,5.34,2.07,2.83,1.76,6.37,0.98,1,sapo
sepia,5.39,1.82,4.11,1.83,4.78,1.82,5.59,1.34,1,sepia
tábano,2.11,1.3,6.44,1.86,1.63,1.1,5.91,1.61,1,tabano
tarántula,2.11,1.5,7.55,1.43,2.2,1.22,6.55,0.53,1,tarantula
tigre,5.97,2.02,7.24,1.84,3.07,1.88,5.95,1.39,1,tigre
topo,4.84,1.81,4.71,1.87,2.47,1.52,5.71,1.51,1,topo
toro,3.42,1.94,7.0,1.77,3.82,1.95,6.13,1.16,1,toro
tortuga,6.11,1.41,3.97,2.09,4.54,1.91,5.71,1.4,1,tortuga
trucha,4.79,1.51,4.08,1.62,2.44,1.38,5.68,1.36,1,trucha
tucán,6.21,1.74,5.16,1.75,2.32,1.75,6.55,0.72,1,tucan
urraca,3.84,2.02,4.5,2.2,2.59,1.87,6.01,1.03,1,urraca
víbora,2.71,1.77,7.08,2.05,2.47,1.52,4.9,1.95,1,vibora
zorro,5.63,1.92,5.92,1.7,2.66,1.65,6.09,1.19,1,zorro
abogado,4.66,1.56,5.03,1.4,4.54,1.79,5.65,1.32,1,abogado
abuelo,8.08,1.15,5.42,2.6,5.84,1.43,5.98,1.06,1,abuelo
actriz,6.32,1.32,5.42,1.9,5.41,1.41,4.99,1.51,1,actriz
albañil,4.42,1.13,4.03,1.59,3.97,1.68,6.13,0.98,1,albanil
amante,6.74,2.33,7.37,1.87,4.9,1.52,5.05,1.35,1,amante
anciano,5.89,1.41,4.84,1.6,4.87,1.54,5.65,1.24,1,anciano
arqueólogo,6.08,1.38,4.53,1.8,3.79,1.98,5.68,1.44,1,arqueologo
arquitecto,5.89,1.39,4.29,2.19,3.55,1.89,5.29,1.75,1,arquitecto
artista,7.16,1.1,5.71,2.01,5.38,1.38,4.09,1.78,1,artista
atleta,6.13,1.4,5.79,2.22,4.69,1.56,5.08,1.75,1,atleta
banquero,4.03,1.59,4.37,1.94,4.03,1.52,5.77,1.33,1,banquero
barrendero,4.68,1.38,4.13,1.73,4.09,2.08,5.59,1.44,1,barrendero
basurero,3.0,1.59,3.66,1.76,3.79,1.63,5.31,1.79,1,basurero
beato,4.29,1.47,3.24,1.98,2.89,1.84,4.87,1.69,1,beato
bombero,6.42,1.57,6.21,1.56,4.66,1.64,6.4,0.65,1,bombero
bruja,5.0,1.82,5.53,1.48,3.76,1.85,4.33,1.69,1,bruja
caballero,6.66,1.07,5.26,1.73,3.4,1.55,4.39,1.26,1,caballero
camarero,5.47,1.29,5.16,1.88,5.62,1.24,6.16,0.95,1,camarero
camionero,4.13,1.34,3.95,1.71,3.91,1.88,5.92,1.19,1,camionero
cantante,6.97,1.17,5.97,1.95,5.8,1.21,5.2,1.17,1,cantante
carnicero,3.58,1.55,4.63,1.63,4.69,1.7,5.88,1.29,1,carnicero
carpintero,5.34,1.12,3.71,2.0,2.89,1.37,6.13,0.88,1,carpintero
cazador,2.39,1.42,5.97,2.24,3.67,2.02,5.05,1.42,1,cazador
chulo,2.89,1.96,5.95,1.96,4.75,1.82,3.01,1.78,1,chulo
científico,6.55,1.41,5.37,1.65,4.57,1.6,4.72,1.43,1,cientifico
compañero,7.58,1.18,5.74,1.94,6.01,1.22,3.91,1.61,1,companero
compositor,6.55,1.57,4.95,2.04,3.49,1.63,4.48,1.14,1,compositor
conde,4.47,1.43,4.03,1.84,2.35,1.56,5.32,1.27,1,conde
conserje,4.95,1.16,3.66,2.03,4.81,1.87,5.68,1.25,1,conserje
contable,4.53,1.62,3.34,1.91,3.28,1.55,4.75,1.73,1,contable
criado,2.89,1.89,4.29,2.15,1.99,1.18,4.96,1.68,1,criado
dama,6.37,1.36,5.0,2.19,2.83,1.83,3.49,1.45,1,dama
decorador,5.61,1.59,4.26,1.81,3.85,1.89,4.6,1.91,1,decorador
delincuente,2.05,1.29,6.47,2.05,4.15,1.63,4.54,1.89,1,delincuente
dictador,1.55,1.27,7.26,2.13,3.28,1.87,4.93,1.88,1,dictador
director,4.61,1.44,5.08,2.14,5.98,1.04,4.93,1.6,1,director
diseñador,6.63,1.48,5.34,1.76,3.79,1.6,4.3,1.17,1,disenador
divorciado,3.61,1.59,4.76,1.75,4.84,1.76,5.74,1.1,1,divorciado
drogadicto,2.71,1.69,6.08,2.14,4.15,1.88,5.71,1.11,1,drogadicto
ecologista,6.97,1.68,5.0,2.31,4.09,1.65,5.23,1.69,1,ecologista
educador,5.97,1.55,4.18,2.0,5.35,2.01,3.82,1.84,1,educador
encargado,4.71,1.49,3.79,2.03,4.06,1.58,3.64,1.44,1,encargado
enemigo,1.89,1.23,6.53,1.97,3.79,1.46,3.79,1.99,1,enemigo
escultor,6.03,1.26,4.37,1.81,3.19,1.76,5.62,1.26,1,escultor
estafador,2.71,1.97,6.45,1.7,4.09,1.49,4.3,1.48,1,estafador
fontanero,4.82,1.27,4.0,1.78,3.31,1.37,5.8,1.13,1,fontanero
futbolista,5.63,1.99,5.61,1.99,6.13,1.29,5.47,1.49,1,futbolista
gamberro,2.84,1.7,6.16,1.88,4.51,1.54,4.9,1.81,1,gamberro
ganador,7.97,1.0,7.32,1.86,4.81,1.33,4.24,2.0,1,ganador
genio,6.84,1.22,5.87,1.55,3.76,1.53,3.16,1.47,1,genio
guardaespaldas,5.39,1.72,4.95,2.27,2.98,1.56,5.56,1.38,1,guardaespaldas
guardia,4.45,1.61,5.45,1.9,4.75,1.28,4.19,1.61,1,guardia
héroe,6.82,1.27,5.74,1.77,3.91,1.89,3.07,1.44,1,heroe
herrero,4.89,0.92,3.82,1.94,3.19,2.05,5.97,0.96,1,herrero
hijo,7.22,1.57,6.16,2.17,6.0,1.59,5.5,1.9,1,hijo
holgazán,3.71,1.61,3.76,2.25,2.65,1.84,4.5,1.56,1,holgazan
informático,5.21,1.68,4.18,2.0,5.08,1.55,5.47,1.51,1,informatico
ingeniero,5.66,1.44,3.82,2.1,3.94,1.4,4.3,1.85,1,ingeniero
investigador,6.08,1.42,5.16,1.95,4.3,1.9,4.96,1.46,1,investigador
jardinero,5.95,1.11,3.79,1.92,3.91,1.72,5.86,1.28,1,jardinero
jefe,4.0,1.56,5.82,1.71,5.89,1.06,4.88,1.03,1,jefe
jubilado,5.53,1.56,3.84,1.69,4.75,1.61,5.41,1.6,1,jubilado
juez,5.5,1.89,4.32,1.9,4.21,1.88,5.53,1.49,1,juez
leñador,4.87,1.44,4.47,1.78,2.77,1.53,6.16,1.11,1,lenador
limpiador,4.37,1.67,3.37,1.87,3.79,1.61,4.12,1.77,1,limpiador
luchador,5.0,2.35,6.39,1.6,4.51,1.63,4.15,1.84,1,luchador
madrastra,3.76,1.6,4.24,2.02,2.62,1.57,5.35,1.94,1,madrastra
mago,6.76,1.24,5.92,1.78,3.28,1.74,4.93,1.54,1,mago
mártir,2.68,1.77,5.87,2.18,2.74,1.53,4.06,1.77,1,martir
matemático,4.61,1.91,4.26,2.05,3.85,2.02,5.02,1.6,1,matematico
mayordomo,4.74,1.93,3.74,1.88,2.56,2.0,6.01,1.16,1,mayordomo
mecánico,4.79,1.21,4.11,1.77,5.05,1.8,6.13,0.98,1,mecanico
médico,5.58,1.88,5.92,2.1,5.8,1.06,5.47,1.18,1,medico
mercader,4.84,1.46,4.32,1.63,2.2,1.4,4.25,1.3,1,mercader
mercenario,3.14,1.89,6.17,1.76,1.69,1.22,4.36,1.52,1,mercenario
ministro,3.29,1.63,4.71,1.8,5.41,1.36,4.66,1.85,1,ministro
misionero,6.63,1.65,5.26,2.2,2.35,1.4,4.75,1.32,1,misionero
mudo,3.45,1.45,5.11,1.87,3.22,1.67,5.11,1.72,1,mudo
músico,7.39,1.44,6.08,2.22,5.5,1.61,4.69,1.73,1,musico
nieto,6.45,1.75,5.24,1.75,4.72,1.57,6.13,1.18,1,nieto
notario,4.34,1.55,4.13,1.96,3.49,1.82,5.86,0.97,1,notario
obispo,2.82,1.74,4.42,2.2,2.65,1.32,6.06,0.94,1,obispo
panadero,6.0,1.09,3.89,1.86,4.99,1.46,6.13,1.12,1,panadero
pastelero,6.97,1.52,4.55,2.3,3.67,1.55,5.53,1.29,1,pastelero
payaso,5.5,2.21,5.74,1.69,4.48,1.9,5.29,1.51,1,payaso
pedante,2.24,1.44,5.34,2.16,2.62,1.87,3.75,1.65,1,pedante
pedófilo,1.53,1.39,7.16,2.24,3.34,1.93,5.47,1.86,1,pedofilo
peón,4.68,1.16,4.08,1.71,2.65,1.24,4.51,1.71,1,peon
periodista,5.58,1.59,5.13,1.63,5.53,1.71,5.23,1.54,1,periodista
pescador,5.08,1.4,3.76,1.99,3.94,1.68,5.68,1.47,1,pescador
pintor,5.92,1.46,5.08,1.76,4.54,2.0,4.96,1.55,1,pintor
pobre,2.11,1.35,5.55,1.97,5.23,1.76,3.37,1.81,1,pobre
policía,4.5,1.7,5.79,1.76,5.32,1.39,5.71,0.98,1,policia
político,2.5,1.67,5.16,2.5,6.07,1.02,4.66,1.57,1,politico
presidente,3.63,1.84,4.87,2.11,6.13,1.1,4.94,1.91,1,presidente
preso,2.39,1.17,5.24,1.5,4.24,1.6,5.29,1.51,1,preso
primo,7.37,1.3,5.29,2.24,5.29,1.46,4.84,1.79,1,primo
príncipe,4.79,2.42,5.0,1.89,5.05,1.35,4.78,1.43,1,principe
profesor,5.03,1.6,5.74,1.72,6.67,0.53,5.26,1.22,1,profesor
prostituta,3.5,1.9,5.05,1.83,4.09,1.68,5.41,1.44,1,prostituta
proxeneta,2.05,1.59,6.14,2.19,2.74,1.97,4.72,1.92,1,proxeneta
psicópata,1.79,1.26,7.71,1.27,4.39,1.71,4.93,1.65,1,psicopata
psiquiatra,5.79,2.11,5.55,1.75,4.03,1.74,5.92,1.39,1,psiquiatra
rico,5.92,2.12,5.42,2.16,5.8,0.87,3.85,1.96,1,rico
sacerdote,3.05,1.8,3.84,2.32,2.86,1.8,5.05,1.22,1,sacerdote
sádico,1.68,1.3,6.42,1.75,3.31,1.85,3.94,1.59,1,sadico
sastre,5.16,1.08,3.92,1.96,2.71,1.71,5.62,1.14,1,sastre
secuestrador,1.45,0.92,7.87,1.66,3.1,1.75,5.05,1.19,1,secuestrador
sepulturero,2.79,1.71,4.79,2.24,1.6,0.99,5.53,1.56,1,sepulturero
soldado,3.37,1.6,5.97,1.42,4.18,2.02,4.87,1.56,1,soldado
soltero,5.61,1.79,4.53,2.05,5.44,1.54,4.42,2.2,1,soltero
submarinista,5.47,1.48,4.84,1.92,3.56,1.9,5.95,1.13,1,submarinista
suegra,4.82,1.74,5.66,1.66,4.9,2.03,5.95,1.45,1,suegra
superdotado,5.84,1.2,4.5,1.97,4.15,1.82,5.2,1.48,1,superdotado
tirano,1.95,1.41,6.39,1.75,2.11,1.35,4.63,1.57,1,tirano
torero,2.66,2.23,5.53,2.57,3.16,1.58,5.74,1.26,1,torero
torturador,1.21,0.62,7.29,2.4,2.53,1.61,4.45,1.82,1,torturador
triunfador,7.03,1.55,6.21,1.66,3.61,1.53,3.41,1.62,1,triunfador
vago,2.87,1.55,4.21,2.38,5.17,1.65,3.82,1.89,1,vago
verdugo,1.92,1.1,5.58,1.73,2.32,1.62,4.81,1.65,1,verdugo
veterano,5.47,1.5,3.95,1.87,3.85,1.58,4.15,1.77,1,veterano
veterinario,5.55,1.45,4.53,1.5,3.97,1.73,5.77,1.33,1,veterinario
violador,1.24,1.19,8.21,1.28,3.58,1.81,5.35,1.32,1,violador
viudo,2.08,1.26,4.32,2.16,3.16,1.39,5.95,1.1,1,viudo
alambrada,2.79,1.53,5.39,1.99,2.03,1.17,5.26,1.48,1,alambrada
alambre,3.26,1.61,4.03,2.15,2.98,1.54,5.8,0.99,1,alambre
alfombra,5.03,1.2,2.92,1.82,3.88,1.48,5.83,1.62,1,alfombra
alicates,4.08,1.38,4.05,1.99,3.37,1.74,5.83,1.37,1,alicates
ametralladora,1.45,0.89,7.32,2.07,2.95,1.75,5.38,1.74,1,ametralladora
anillo,5.61,1.79,4.82,2.04,5.35,1.66,4.57,1.75,1,anillo
antena,4.29,1.37,3.84,2.12,5.38,1.35,4.81,1.89,1,antena
archivador,4.66,1.12,4.05,1.54,4.6,2.21,5.62,1.38,1,archivador
arco,4.84,1.33,4.05,1.71,3.31,1.85,4.9,1.69,1,arco
azada,4.0,1.46,4.89,1.35,1.69,1.22,5.74,1.2,1,azada
balancín,6.05,1.39,4.39,1.95,2.32,1.3,5.41,1.27,1,balancin
bayoneta,2.89,1.78,5.97,2.37,1.63,0.94,4.53,1.8,1,bayoneta
bengala,4.66,1.76,6.13,1.55,2.62,1.4,5.56,1.18,1,bengala
bicicleta,6.66,1.15,5.55,2.02,5.17,1.15,6.16,1.37,1,bicicleta
billete,6.92,1.46,5.84,1.2,6.1,0.78,5.02,1.78,1,billete
bisturí,3.26,2.09,6.53,2.06,3.28,1.82,6.13,1.26,1,bisturi
bolígrafo,4.87,1.47,3.34,1.83,6.31,1.35,6.31,0.86,1,boligrafo
bolsa,4.53,1.27,3.79,1.66,6.16,0.76,4.3,2.08,1,bolsa
bota,5.29,0.87,3.66,2.03,4.36,1.49,5.74,0.89,1,bota
brazalete,5.84,1.37,3.55,1.98,4.15,1.97,5.89,1.21,1,brazalete
brújula,5.11,1.54,4.0,1.93,3.13,1.67,6.13,0.83,1,brujula
cadena,4.03,1.72,4.21,1.86,5.23,1.5,5.17,1.42,1,cadena
calcetín,4.61,1.24,3.61,1.67,5.8,1.32,6.64,0.58,1,calcetin
calculadora,4.5,1.84,3.92,1.96,4.39,1.85,6.67,0.49,1,calculadora
calzoncillos,5.21,1.63,4.58,2.04,5.83,1.11,6.25,0.89,1,calzoncillos
camisa,5.61,1.31,4.08,1.92,5.56,1.4,5.68,1.13,1,camisa
camiseta,5.89,1.2,4.16,1.95,6.4,0.89,5.83,1.69,1,camiseta
cantimplora,5.66,1.07,4.24,1.72,2.92,1.66,6.43,0.73,1,cantimplora
carpeta,4.42,1.39,3.84,1.88,6.61,0.75,5.41,1.67,1,carpeta
cartera,5.47,1.35,3.82,1.92,5.95,1.02,5.0,1.79,1,cartera
cepillo,4.89,1.2,3.24,2.03,5.92,1.19,4.24,1.91,1,cepillo
cerilla,4.63,1.24,4.18,2.05,4.54,2.05,6.0,1.3,1,cerilla
chaqueta,5.79,1.3,4.5,2.0,5.98,1.45,6.07,1.19,1,chaqueta
cheque,6.21,1.44,5.68,1.74,3.88,1.74,5.38,1.46,1,cheque
chincheta,3.92,1.19,4.89,2.04,3.67,1.62,6.46,0.96,1,chincheta
collar,5.89,1.31,4.66,1.66,5.05,1.55,5.44,1.59,1,collar
columpio,6.76,1.28,5.39,2.25,4.03,1.89,5.83,1.08,1,columpio
cometa,6.32,1.42,5.18,1.74,3.91,1.85,5.68,1.37,1,cometa
contenedor,3.05,1.59,3.97,1.99,4.78,1.44,4.96,1.54,1,contenedor
corbata,5.16,1.17,4.03,1.64,4.25,1.72,6.55,0.72,1,corbata
cuadro,6.45,1.39,4.5,2.13,5.53,1.18,4.39,1.21,1,cuadro
cubo,4.71,1.06,3.47,1.94,4.9,1.56,4.75,1.75,1,cubo
cuchara,4.76,1.65,4.16,1.76,5.95,1.15,6.55,0.84,1,cuchara
cuerda,4.42,1.18,4.11,1.81,4.12,1.71,5.35,1.44,1,cuerda
dardo,4.39,2.09,4.97,2.11,3.19,1.73,5.74,1.08,1,dardo
desagüe,2.95,1.49,4.08,1.84,3.16,1.75,5.77,1.04,1,desague
desatascador,3.42,1.6,3.63,1.95,3.04,1.4,5.26,1.38,1,desatascador
destornillador,4.11,1.25,4.0,1.97,3.88,1.9,6.54,0.84,1,destornillador
diadema,5.05,1.25,3.32,1.97,4.18,1.94,5.86,0.97,1,diadema
diario,5.79,1.26,4.76,1.75,6.61,0.95,4.18,1.8,1,diario
enchufe,3.97,1.48,4.24,2.09,5.62,1.18,5.86,1.61,1,enchufe
escoba,3.82,1.41,3.0,1.83,5.83,1.49,6.28,1.13,1,escoba
escudo,4.74,1.45,4.95,1.77,3.1,1.73,4.97,1.98,1,escudo
espada,3.63,1.79,5.74,2.08,2.47,1.74,5.74,1.03,1,espada
esparadrapo,3.92,1.7,3.84,1.95,4.03,1.83,5.98,1.28,1,esparadrapo
esterilla,5.24,1.63,3.39,1.97,3.16,1.82,5.17,1.94,1,esterilla
fábrica,3.61,1.59,4.03,1.67,4.48,1.66,4.06,1.91,1,fabrica
faja,3.68,1.66,3.84,1.81,3.22,1.87,5.53,1.0,1,faja
felpudo,4.45,1.45,3.08,2.05,2.47,1.44,5.23,1.51,1,felpudo
flecha,3.76,1.92,5.5,2.15,3.73,1.89,4.81,1.65,1,flecha
fregona,3.24,1.3,3.82,1.87,5.65,1.33,6.13,1.01,1,fregona
gafas,4.74,1.18,3.53,2.05,6.31,0.65,5.68,1.49,1,gafas
globo,5.92,1.48,4.47,2.14,4.21,1.43,5.23,1.31,1,globo
goma,4.61,1.39,3.47,1.69,5.71,1.03,3.94,1.68,1,goma
góndola,7.16,1.44,4.71,2.58,1.72,0.82,5.68,1.74,1,gondola
gorra,4.82,1.59,3.24,2.03,4.21,1.58,5.57,1.55,1,gorra
gorro,5.05,1.27,3.68,1.9,4.9,1.63,5.32,1.79,1,gorro
grapadora,4.76,1.26,3.76,1.87,5.53,1.16,6.4,0.78,1,grapadora
guadaña,2.69,1.68,6.14,1.93,1.47,0.88,5.66,1.27,1,guadana
guantes,5.05,1.61,3.13,1.82,4.42,1.58,5.59,1.23,1,guantes
hacha,2.76,1.98,6.03,2.02,2.35,1.44,5.68,1.54,1,hacha
hamaca,7.0,1.51,3.32,2.27,3.46,1.97,6.16,1.05,1,hamaca
impresora,4.55,1.55,4.05,1.82,6.37,0.74,6.04,0.93,1,impresora
inyección,2.05,1.23,7.0,1.49,4.0,1.4,5.23,1.37,1,inyeccion
jeringa,2.0,1.21,6.95,1.66,2.92,1.73,5.05,1.92,1,jeringa
ladrillo,4.24,1.5,3.32,1.82,3.97,1.93,5.2,1.47,1,ladrillo
lancha,6.16,1.6,5.89,1.91,2.65,1.44,5.59,1.5,1,lancha
lanza,3.89,1.69,5.61,1.88,2.44,1.74,4.93,1.61,1,lanza
látigo,3.05,1.79,5.82,1.72,2.74,1.73,6.04,1.14,1,latigo
libreta,5.16,1.33,4.45,1.88,5.68,1.21,5.47,1.93,1,libreta
lija,3.42,1.72,4.05,2.23,2.08,1.35,4.84,1.65,1,lija
machete,2.47,1.72,6.03,2.11,2.59,1.79,5.92,0.84,1,machete
mecedora,6.34,1.83,2.66,1.66,3.28,1.77,5.14,1.71,1,mecedora
mechero,3.92,1.55,5.08,1.82,5.56,1.62,6.4,0.68,1,mechero
misil,1.55,0.72,6.79,1.99,2.95,1.79,6.1,0.99,1,misil
mochila,4.79,1.12,3.63,1.79,5.83,0.92,5.38,1.62,1,mochila
monedero,5.53,1.48,4.42,1.97,5.74,1.33,5.74,1.14,1,monedero
monitor,5.26,1.7,4.34,1.95,4.96,1.64,4.42,2.03,1,monitor
motosierra,3.11,1.77,6.74,1.54,2.71,1.78,6.22,0.76,1,motosierra
navaja,2.08,1.46,6.42,2.15,2.98,1.33,5.68,1.34,1,navaja
novela,7.0,1.89,5.11,2.7,5.32,1.68,5.02,1.48,1,novela
nuclear,2.95,1.49,5.63,1.75,5.2,1.37,4.41,1.55,1,nuclear
palo,4.21,1.4,3.95,1.99,4.09,1.68,4.45,2.08,1,palo
parchís,6.13,1.4,4.71,1.69,4.18,1.82,6.31,0.92,1,parchis
patera,2.63,1.3,6.0,1.74,4.45,1.62,5.98,1.14,1,patera
patinete,5.71,1.77,5.11,1.97,2.89,1.64,5.38,1.26,1,patinete
pegamento,4.39,1.48,3.66,1.74,3.82,1.75,5.8,1.32,1,pegamento
peine,5.0,1.25,3.32,1.88,5.59,1.74,5.44,1.78,1,peine
pelota,6.05,1.52,5.92,1.94,6.22,1.0,5.56,1.77,1,pelota
peluche,7.47,1.22,4.16,2.52,3.85,1.81,5.17,1.61,1,peluche
peonza,5.79,1.21,4.61,1.94,2.25,1.26,6.4,0.81,1,peonza
piano,7.42,1.11,5.03,2.51,4.06,1.69,6.16,1.0,1,piano
piedra,4.61,1.26,3.79,1.89,4.57,1.36,5.92,1.23,1,piedra
pijama,6.37,1.48,3.08,2.15,5.8,1.55,5.59,1.58,1,pijama
pincho,3.11,1.93,5.63,2.02,3.13,1.53,4.03,1.57,1,pincho
pinza,4.71,1.21,3.68,1.85,5.44,1.63,4.87,1.74,1,pinza
pizarra,4.63,0.97,3.71,2.19,5.74,1.46,5.71,1.14,1,pizarra
plancha,3.82,1.61,4.11,2.14,5.62,0.94,5.26,1.36,1,plancha
plumero,4.42,1.62,3.47,1.84,4.21,1.92,5.06,1.62,1,plumero
prótesis,2.42,1.52,4.34,2.13,3.01,1.93,4.51,1.63,1,protesis
pulsera,6.29,1.09,3.74,1.95,4.78,1.54,6.25,0.84,1,pulsera
puñal,1.92,1.44,6.89,1.74,2.74,1.56,5.89,1.19,1,punal
puzle,6.08,1.68,5.32,1.77,3.46,1.97,6.01,1.22,1,puzle
refinería,3.62,1.91,4.35,2.44,2.95,2.22,5.47,1.73,1,refineria
retrete,3.16,1.7,3.74,2.05,3.91,2.12,6.1,1.22,1,retrete
rotulador,5.32,1.25,4.05,1.68,5.2,1.4,5.56,1.51,1,rotulador
sacapuntas,4.71,1.21,3.68,1.86,3.91,2.3,5.81,1.62,1,sacapuntas
saco,4.39,1.57,3.29,1.97,4.06,1.73,4.96,1.75,1,saco
sierra,3.71,2.09,5.05,2.14,2.59,1.47,5.32,1.11,1,sierra
sofá,6.84,1.94,2.55,1.91,6.16,1.34,6.07,1.17,1,sofa
sombrilla,5.84,1.41,3.76,1.95,3.82,1.68,6.16,0.79,1,sombrilla
soplete,3.76,1.62,4.84,2.02,3.19,2.06,5.8,1.15,1,soplete
tabla,4.45,1.29,3.42,1.75,5.05,1.7,3.1,1.63,1,tabla
tablón,4.76,1.36,3.66,2.32,2.98,1.43,3.79,1.66,1,tablon
taladro,3.03,1.62,5.47,2.58,4.06,1.96,5.83,1.08,1,taladro
teléfono,6.47,1.47,6.03,1.88,6.69,0.62,5.53,1.54,1,telefono
televisión,6.18,1.59,4.92,1.96,6.73,0.68,5.59,1.83,1,television
tienda,6.24,1.17,5.11,1.86,6.19,0.89,3.94,2.02,1,tienda
tirita,3.57,1.57,4.54,1.89,4.81,1.32,6.22,0.79,1,tirita
toalla,5.05,1.47,3.29,1.8,6.1,1.21,5.71,1.38,1,toalla
tornillo,4.37,1.24,3.53,1.77,4.21,1.79,5.44,1.43,1,tornillo
traje,5.63,1.57,4.87,1.86,5.11,1.52,4.45,1.5,1,traje
trípode,4.58,1.29,3.82,2.18,2.98,1.9,5.17,1.4,1,tripode
tuerca,4.34,1.65,3.47,1.86,3.31,1.89,5.05,1.55,1,tuerca
váter,3.89,2.01,4.08,2.2,6.01,1.29,5.65,1.79,1,vater
vídeo,5.95,1.52,5.13,1.7,6.1,0.97,4.99,1.62,1,video
zapato,6.16,1.6,4.79,2.32,6.49,0.64,5.29,1.29,1,zapato
