palabra,tiempo_tdl,tiempo_naming,edad_de_adquisicion_m,categoria_palabra,palabra_noaccents
abad,599,501.15,6.32,1,abad
abandonar,545,501.06,3.44,2,abandonar
abarcar,581,504.0,4.88,1,abarcar
abeja,516,474.55,2.24,1,abeja
aberración,647,567.37,6.42,1,aberracion
abertura,555,519.02,4.48,1,abertura
abismo,595,506.48,5.04,1,abismo
abrigo,528,475.31,1.46,1,abrigo
abril,515,458.69,2.48,1,abril
abrir,491,472.43,2.04,2,abrir
absorber,583,525.46,4.52,1,absorber
abuelo,482,500.19,1.58,1,abuelo
abundancia,634,547.62,4.52,1,abundancia
academia,569,521.75,4.72,1,academia
académico,556,551.52,4.84,1,academico
acariciar,567,527.49,2.32,1,acariciar
acarrear,600,532.59,5.68,2,acarrear
acceder,555,526.96,5.12,1,acceder
acceso,556,488.7,5.2,1,acceso
accidente,568,514.75,3.6,1,accidente
acción,510,451.9,4.0,1,accion
aceite,517,483.91,3.6,1,aceite
acelerar,545,547.04,4.28,1,acelerar
acento,557,485.06,3.92,1,acento
acentuar,583,524.35,4.68,1,acentuar
acepción,578,556.25,6.17,1,acepcion
acequia,623,574.24,6.08,1,acequia
acera,526,483.75,2.81,1,acera
acero,538,475.0,4.2,1,acero
acertar,559,505.92,2.64,2,acertar
ácido,552,483.21,4.16,1,acido
acomodar,579,528.68,4.56,1,acomodar
acordeón,587,558.0,3.65,1,acordeon
actividad,543,508.59,3.2,1,actividad
activo,551,486.21,4.0,3,activo
acto,517,477.25,3.86,1,acto
actor,504,485.42,3.12,1,actor
actriz,506,499.46,3.76,1,actriz
actuar,518,484.37,3.4,2,actuar
acudir,564,490.94,4.52,1,acudir
acumular,543,532.83,4.28,1,acumular
acústica,557,526.92,5.37,1,acustica
adaptar,505,503.66,4.84,1,adaptar
adelantar,562,524.92,3.88,1,adelantar
ademán,583,497.62,6.11,1,ademan
adhesión,673,543.24,6.03,1,adhesion
adicción,577,525.75,5.49,1,adiccion
adjetivo,531,526.35,3.88,0,adjetivo
admitir,531,495.13,4.4,1,admitir
adquirir,595,498.17,4.72,1,adquirir
aduana,619,532.94,6.04,1,aduana
adulto,520,464.43,3.12,1,adulto
advertir,559,533.29,4.84,1,advertir
aérea,581,552.0,4.6,1,aerea
afán,596,482.62,5.8,1,afan
afecto,548,491.54,4.2,1,afecto
afeitar,546,521.67,3.84,1,afeitar
afición,588,508.66,4.16,1,aficion
afrontar,567,527.6,4.88,1,afrontar
agencia,528,525.09,5.08,1,agencia
agenda,518,493.74,3.96,1,agenda
agente,520,495.73,4.64,1,agente
agonía,564,516.68,5.4,1,agonia
agosto,523,487.96,2.36,1,agosto
agregar,531,536.33,5.4,2,agregar
agresión,542,508.06,4.65,1,agresion
agua,495,482.79,1.22,1,agua
aguantar,555,504.78,2.8,1,aguantar
aguijón,593,584.62,4.72,1,aguijon
águila,580,512.96,2.54,1,aguila
aguja,523,511.06,2.12,1,aguja
aire,508,469.62,2.32,1,aire
ajedrez,513,529.22,3.29,1,ajedrez
ajo,555,485.86,2.85,1,ajo
ala,541,478.3,2.18,1,ala
alarma,536,492.06,3.6,1,alarma
alba,523,479.02,4.52,1,alba
alborozo,570,553.83,6.28,1,alborozo
álbum,516,486.15,3.6,1,album
alcalde,540,506.96,4.28,1,alcalde
alcanzar,522,526.71,3.84,2,alcanzar
alcoba,593,506.58,5.36,1,alcoba
aldea,580,491.24,3.24,1,aldea
alegoría,580,541.0,6.73,1,alegoria
alejar,570,461.36,3.36,1,alejar
alerta,546,469.35,4.52,1,alerta
alfa,576,497.3,6.44,1,alfa
alfabeto,543,514.22,2.44,1,alfabeto
alfombra,559,519.78,2.4,1,alfombra
algarabía,693,602.09,5.92,1,algarabia
alimentar,526,515.9,2.44,1,alimentar
alimento,513,493.31,2.31,1,alimento
alma,516,479.62,4.62,1,alma
almadraba,692,596.71,6.56,1,almadraba
almendra,575,515.79,3.08,1,almendra
almidón,578,518.58,6.88,1,almidon
almohada,589,562.52,2.3,1,almohada
almuerzo,550,512.46,3.8,1,almuerzo
alquilar,529,511.0,4.52,1,alquilar
altar,553,491.32,3.96,1,altar
aludir,606,467.58,5.64,1,aludir
alumbrar,567,509.6,4.16,2,alumbrar
aluminio,529,502.43,5.24,1,aluminio
alumno,524,479.06,2.96,1,alumno
alzar,519,491.08,4.32,1,alzar
amanecer,542,517.54,3.24,1,amanecer
amar,491,479.0,3.04,2,amar
ámbar,570,486.76,4.76,1,ambar
ambición,565,507.11,5.27,1,ambicion
ambiente,544,506.27,4.36,1,ambiente
ámbito,546,478.37,5.48,1,ambito
amenazar,553,535.63,3.96,2,amenazar
amigo,484,466.22,2.68,3,amigo
amistad,491,506.44,2.88,1,amistad
amo,554,475.65,3.56,1,amo
amor,482,450.22,3.48,1,amor
ampliar,498,501.02,4.8,1,ampliar
amplitud,558,514.17,5.06,1,amplitud
análisis,515,513.26,5.0,1,analisis
analizar,552,508.69,4.72,2,analizar
analogía,630,516.53,6.76,1,analogia
anatomía,553,510.62,5.6,1,anatomia
ancla,608,481.13,3.12,1,ancla
andar,516,494.59,1.68,2,andar
andén,592,487.44,5.72,1,anden
anécdota,612,523.8,5.06,1,anecdota
anfitrión,644,554.63,5.15,1,anfitrion
ángel,510,488.98,2.29,1,angel
ángulo,501,494.43,4.24,1,angulo
angustia,552,534.75,6.04,1,angustia
anhelo,616,527.75,5.56,1,anhelo
anillo,498,478.42,2.47,1,anillo
animal,474,494.98,1.58,1,animal
animar,512,463.89,3.36,2,animar
ánimo,519,490.43,4.48,1,animo
anís,607,516.85,5.16,1,anis
ánodo,516,546.29,6.69,1,anodo
anotar,533,491.26,4.36,1,anotar
ansia,559,504.02,5.2,1,ansia
ansiedad,558,522.63,6.2,1,ansiedad
antecesor,648,584.82,5.16,1,antecesor
antena,534,472.45,3.32,1,antena
antesala,649,596.19,5.54,1,antesala
anticuario,615,553.29,5.48,1,anticuario
antídoto,618,568.02,5.19,1,antidoto
antojo,597,495.22,5.12,1,antojo
antología,616,565.84,6.44,1,antologia
antorcha,620,526.61,4.11,1,antorcha
anunciar,544,506.57,4.0,1,anunciar
añadidura,605,559.62,6.0,1,anadidura
añadir,521,483.92,4.04,1,anadir
añicos,661,527.68,4.52,1,anicos
año,504,476.69,1.64,1,ano
aparador,579,522.79,5.32,1,aparador
aparato,535,495.54,4.08,1,aparato
aparecer,536,513.73,2.64,2,aparecer
apelativo,592,544.09,5.77,1,apelativo
apéndice,576,521.4,5.27,1,apendice
aperitivo,543,516.49,4.12,1,aperitivo
apertura,544,492.94,4.62,1,apertura
ápice,595,516.25,6.79,1,apice
aplaudir,541,503.0,2.2,1,aplaudir
apogeo,574,519.56,5.84,1,apogeo
apóstol,581,531.29,4.69,1,apostol
apoteosis,682,572.49,6.34,1,apoteosis
apoyar,540,481.45,4.04,1,apoyar
aprender,521,497.6,2.8,2,aprender
aprovechar,544,523.57,4.12,1,aprovechar
araña,534,473.85,1.92,1,arana
árbol,514,467.18,1.7,1,arbol
arca,525,485.85,4.12,1,arca
archivo,509,496.88,4.24,1,archivo
arco,531,471.48,3.22,1,arco
ardor,559,482.83,5.48,1,ardor
área,509,501.98,4.67,1,area
arena,522,486.85,2.56,1,arena
argot,661,491.4,6.63,1,argot
argumentar,583,524.91,5.28,1,argumentar
argumento,559,520.42,4.63,1,argumento
aritmética,647,604.44,6.12,1,aritmetica
arma,546,470.96,3.23,1,arma
armar,552,466.29,4.04,1,armar
armazón,594,536.98,5.52,1,armazon
armonía,543,515.9,5.0,1,armonia
aroma,547,485.11,4.04,1,aroma
arquetipo,629,562.79,6.69,1,arquetipo
arrancar,539,504.7,2.92,1,arrancar
arrebato,570,499.82,5.2,1,arrebato
arreglar,497,509.08,4.06,1,arreglar
arroyo,548,488.77,4.23,1,arroyo
arroz,501,467.8,2.16,1,arroz
arruinar,576,535.09,4.64,1,arruinar
arte,488,475.15,4.2,1,arte
artefacto,646,586.79,5.8,1,artefacto
articular,546,514.08,5.0,1,articular
artículo,540,521.11,4.46,1,articulo
artificio,593,553.12,5.83,1,artificio
artilugio,664,570.41,5.27,1,artilugio
arzobispo,653,602.78,5.32,1,arzobispo
asamblea,611,525.1,5.24,1,asamblea
ascender,546,530.47,4.64,1,ascender
ascensor,561,517.12,2.69,1,ascensor
ascética,652,614.75,6.48,1,ascetica
asco,517,470.94,2.27,1,asco
asesor,588,537.24,5.79,1,asesor
asignatura,554,516.19,3.92,1,asignatura
asilo,596,508.26,4.92,1,asilo
asistencia,600,522.98,4.48,1,asistencia
asistir,562,533.58,4.4,1,asistir
asma,576,466.37,4.35,1,asma
astucia,589,520.9,5.21,1,astucia
asumir,520,483.08,5.08,1,asumir
asunto,507,461.92,4.11,1,asunto
atar,571,476.6,2.28,1,atar
atardecer,593,545.13,3.92,1,atardecer
ataúd,576,488.0,4.36,1,ataud
atisbar,668,546.76,6.04,2,atisbar
atlas,566,532.48,4.48,1,atlas
atleta,545,526.7,4.36,1,atleta
atmósfera,574,573.48,4.4,1,atmosfera
átomo,558,489.22,6.24,1,atomo
atraer,546,475.79,4.76,1,atraer
atrapar,542,519.41,3.56,1,atrapar
atribuir,576,527.62,4.88,1,atribuir
atún,497,494.69,3.12,1,atun
audiencia,571,563.5,5.68,1,audiencia
auditorio,599,519.3,5.88,1,auditorio
auge,606,496.78,5.86,1,auge
aula,520,491.0,3.24,1,aula
aumentar,525,529.78,3.84,1,aumentar
aumento,528,493.74,4.56,1,aumento
aura,632,503.49,5.54,1,aura
aurora,551,515.15,4.64,1,aurora
autómata,611,549.7,6.61,1,automata
autonomía,595,560.98,5.23,1,autonomia
autor,488,462.25,3.96,1,autor
autoridad,570,523.1,4.62,1,autoridad
auxiliar,571,525.98,4.68,1,auxiliar
auxilio,566,525.81,4.4,1,auxilio
avalancha,630,549.87,4.56,1,avalancha
avanzar,511,496.98,3.28,2,avanzar
avaricia,575,524.89,5.48,1,avaricia
avaro,608,521.51,5.32,1,avaro
ave,502,489.3,2.45,1,ave
aventura,501,498.96,3.08,1,aventura
aversión,562,503.66,6.61,1,aversion
avestruz,565,491.08,3.58,1,avestruz
avión,492,462.17,2.33,1,avion
aviso,491,458.96,3.65,1,aviso
ayudar,508,464.77,2.56,1,ayudar
azar,542,479.37,4.51,1,azar
azote,559,476.37,2.96,1,azote
azotea,617,510.09,4.68,1,azotea
azúcar,511,485.65,2.56,1,azucar
azufre,555,477.86,5.54,1,azufre
baba,541,508.31,1.88,1,baba
bacteria,586,533.33,5.09,1,bacteria
bahía,590,521.62,4.32,1,bahia
bailar,519,481.53,2.48,1,bailar
bajo,493,490.4,2.32,3,bajo
bala,522,502.3,3.57,1,bala
balanza,550,513.31,3.03,1,balanza
balcón,554,498.1,4.16,1,balcon
ballena,539,533.21,3.19,1,ballena
balneario,639,569.6,4.76,1,balneario
bambú,568,526.88,4.12,1,bambu
banco,527,478.62,2.22,1,banco
banda,531,505.35,4.4,1,banda
bando,591,514.52,4.36,1,bando
banquete,578,530.62,4.0,1,banquete
baño,516,477.62,1.65,1,bano
bar,494,501.96,2.23,1,bar
baraja,542,493.7,3.68,1,baraja
baranda,642,565.16,5.52,1,baranda
barba,523,507.43,2.32,1,barba
barbarie,615,574.73,5.84,1,barbarie
barco,495,486.45,2.09,1,barco
barniz,578,511.28,4.72,1,barniz
barra,488,495.06,3.4,1,barra
barranco,543,521.0,4.2,1,barranco
barrer,546,508.51,3.08,1,barrer
barrio,521,513.89,3.76,1,barrio
barro,518,477.21,2.44,1,barro
barroco,537,525.49,5.76,3,barroco
base,518,501.72,3.91,1,base
basílica,614,560.87,5.6,1,basilica
bastardo,614,554.23,5.68,1,bastardo
bastón,530,489.26,2.71,1,baston
bata,547,506.39,2.8,1,bata
batir,552,492.74,3.64,2,batir
baúl,505,499.77,3.09,1,baul
bayeta,600,520.7,4.2,1,bayeta
beata,667,533.1,5.84,1,beata
beatitud,489,584.37,6.23,1,beatitud
bebé,482,478.52,1.82,1,bebe
beber,482,475.94,1.56,1,beber
bedel,692,530.88,5.8,1,bedel
belén,511,483.59,2.5,1,belen
beneficio,540,537.69,5.48,1,beneficio
besar,500,485.9,2.2,1,besar
beso,494,490.76,2.12,1,beso
bestia,550,505.73,3.44,1,bestia
biblia,583,531.22,3.62,1,biblia
biblioteca,554,544.87,3.55,1,biblioteca
bíceps,598,585.67,5.52,1,biceps
bicho,507,515.02,2.12,1,bicho
bicicleta,511,513.74,2.11,1,bicicleta
bien,478,496.62,1.68,1,bien
bigote,546,494.22,2.35,1,bigote
bingo,608,518.13,4.28,1,bingo
biografía,534,538.02,5.08,1,biografia
blanco,489,498.04,1.96,3,blanco
blasfemia,687,591.28,5.91,1,blasfemia
bloque,533,489.55,3.81,1,bloque
blusa,582,508.54,2.69,1,blusa
bobina,577,510.67,6.12,1,bobina
boca,479,488.4,1.52,1,boca
bocado,575,522.92,3.56,1,bocado
bocanada,709,592.47,5.2,1,bocanada
bochorno,643,563.35,5.96,1,bochorno
bocina,625,512.88,3.7,1,bocina
bodega,539,515.48,4.4,1,bodega
boina,633,508.21,3.44,1,boina
bola,550,501.04,2.24,1,bola
bolsa,483,485.7,2.82,1,bolsa
bolso,528,483.55,2.39,1,bolso
bomba,495,525.07,3.52,1,bomba
bonanza,615,559.98,5.4,1,bonanza
bondad,563,513.63,3.89,1,bondad
borde,521,492.19,4.0,1,borde
borrachera,589,552.02,5.0,1,borrachera
borracho,520,515.7,3.96,1,borracho
bosque,496,498.84,2.2,1,bosque
bota,526,478.9,1.92,1,bota
botánico,560,552.42,5.72,3,botanico
botella,511,505.66,2.01,1,botella
bóveda,587,546.11,5.8,1,boveda
brasa,560,496.48,4.0,1,brasa
brazo,519,492.36,1.43,1,brazo
brecha,606,514.21,4.36,1,brecha
brevedad,580,558.25,4.63,1,brevedad
brisa,532,493.28,4.16,1,brisa
broche,555,498.77,4.36,1,broche
broma,508,480.9,3.2,1,broma
bronca,515,495.02,3.2,1,bronca
bronce,524,506.65,4.84,1,bronce
brotar,610,494.33,5.0,1,brotar
bruja,496,486.85,2.06,1,bruja
brujo,515,492.62,3.4,1,brujo
bruma,582,525.4,5.04,1,bruma
buey,518,528.22,2.62,1,buey
búfalo,571,532.16,3.94,1,bufalo
bufanda,578,557.93,2.28,1,bufanda
búho,557,535.15,2.69,1,buho
bulto,594,514.63,3.96,1,bulto
buque,599,517.38,4.69,1,buque
burdel,651,535.88,6.0,1,burdel
burla,546,507.12,3.6,1,burla
burlón,581,516.96,4.4,1,burlon
buscar,480,469.94,2.28,2,buscar
busto,561,505.37,5.4,1,busto
butaca,542,509.19,4.68,1,butaca
butifarra,714,596.67,5.52,1,butifarra
buzón,508,473.08,2.96,1,buzon
cabalgata,592,552.45,2.56,1,cabalgata
caballero,503,485.63,3.17,1,caballero
caballo,485,504.69,1.67,1,caballo
cabaña,532,506.9,3.44,1,cabana
cabeza,488,484.15,1.92,1,cabeza
cable,536,500.87,3.12,1,cable
cabo,556,484.65,5.0,1,cabo
cabra,530,484.69,2.52,1,cabra
cachorro,518,544.08,3.04,1,cachorro
cactus,620,521.15,3.83,1,cactus
cadáver,520,536.0,4.64,1,cadaver
cadena,547,510.19,2.73,1,cadena
cadencia,586,569.11,6.4,1,cadencia
cadera,521,510.15,4.0,1,cadera
caer,534,488.92,2.48,2,caer
café,500,464.94,2.81,1,cafe
caja,499,465.58,1.79,1,caja
cal,502,480.7,6.0,1,cal
calabozo,617,555.02,4.32,1,calabozo
calamidad,611,543.89,5.24,1,calamidad
calavera,559,526.17,3.8,1,calavera
cálculo,507,535.92,3.63,1,calculo
caldo,556,502.36,3.2,1,caldo
calendario,513,541.96,2.91,1,calendario
calentar,501,529.85,2.92,1,calentar
calidad,512,484.91,4.92,1,calidad
calificar,579,546.08,4.4,1,calificar
cáliz,510,524.86,4.34,1,caliz
callar,525,474.73,1.96,2,callar
calle,491,493.27,2.28,1,calle
callo,544,502.26,4.64,1,callo
calor,491,470.94,2.48,1,calor
calvario,580,542.56,5.56,1,calvario
calvo,509,482.75,2.76,3,calvo
cama,477,480.53,1.31,1,cama
cámara,502,495.72,3.56,1,camara
camarero,527,523.94,2.43,1,camarero
camino,508,493.32,2.32,1,camino
camión,528,485.6,2.27,1,camion
camisa,485,492.88,2.65,1,camisa
campana,520,522.48,1.87,1,campana
campaña,518,518.17,5.08,1,campana
campeón,492,503.67,2.84,1,campeon
campo,509,476.98,2.92,1,campo
canal,548,483.42,4.16,1,canal
cáncer,489,507.36,5.28,1,cancer
candado,598,574.51,3.83,1,candado
candidato,576,542.58,5.68,1,candidato
candil,616,514.58,5.28,1,candil
canela,529,510.09,3.76,1,canela
canon,581,536.55,6.17,1,canon
cantar,504,502.94,1.88,2,cantar
cantidad,507,499.19,4.04,1,cantidad
cantina,606,529.94,5.08,1,cantina
caoba,653,537.71,5.8,1,caoba
caos,632,492.77,4.76,1,caos
capa,492,479.83,3.16,1,capa
capacidad,526,519.7,4.26,1,capacidad
capellán,598,544.13,5.35,1,capellan
capital,511,487.8,3.64,1,capital
capitán,496,485.7,3.44,1,capitan
capítulo,521,501.13,3.56,1,capitulo
capote,601,514.23,4.72,1,capote
capricho,538,509.81,3.2,1,capricho
captar,542,516.27,4.16,1,captar
capturar,516,528.92,4.52,1,capturar
capucha,553,530.25,2.7,1,capucha
cara,498,478.91,1.8,1,cara
carácter,511,523.34,4.34,1,caracter
caravana,567,543.73,3.75,1,caravana
carbón,523,477.2,4.0,1,carbon
carcajada,578,522.48,4.36,1,carcajada
cárcel,500,508.24,3.58,1,carcel
carecer,573,542.98,4.68,1,carecer
carencia,621,543.49,5.5,1,carencia
cargar,526,496.47,4.58,1,cargar
caricatura,601,552.73,4.0,1,caricatura
cariño,484,490.17,2.81,1,carino
carmín,560,499.6,5.08,1,carmin
carnaval,530,523.87,2.56,1,carnaval
carne,499,481.88,2.32,1,carne
carnero,547,540.48,4.2,1,carnero
carpeta,509,506.19,2.36,1,carpeta
carpintero,546,542.88,3.2,1,carpintero
carro,527,494.02,3.12,1,carro
carromato,644,633.4,5.88,1,carromato
carruaje,594,544.62,4.52,1,carruaje
carta,493,475.41,2.54,1,carta
cartel,501,490.31,3.48,1,cartel
cartulina,593,531.25,2.48,1,cartulina
casa,480,485.92,1.43,1,casa
casar,505,498.13,3.36,2,casar
cascabel,599,557.69,2.96,1,cascabel
cascada,525,554.9,3.16,1,cascada
casino,527,485.48,4.76,1,casino
caso,541,482.19,3.21,1,caso
casta,583,510.09,6.0,1,casta
castaño,500,506.67,3.28,3,castano
castigar,512,517.77,2.8,1,castigar
castillo,503,499.24,2.31,1,castillo
casual,553,513.18,4.56,1,casual
catástrofe,582,540.48,4.96,1,catastrofe
catecismo,675,580.65,4.08,1,catecismo
categoría,546,532.88,4.58,1,categoria
católica,546,528.39,4.04,1,catolica
católico,533,533.28,4.0,3,catolico
catre,560,538.29,5.84,1,catre
cauce,596,495.04,4.64,1,cauce
caudal,581,505.06,5.04,1,caudal
caudillo,583,528.68,6.0,1,caudillo
causar,541,484.7,4.08,1,causar
cautela,592,555.32,5.6,1,cautela
cavidad,585,510.17,6.04,1,cavidad
cavilar,637,521.4,6.28,2,cavilar
cazar,519,489.7,3.52,2,cazar
cebo,570,514.06,4.31,1,cebo
cebolla,494,529.21,2.83,1,cebolla
ceder,586,519.96,4.84,1,ceder
ceja,564,521.98,2.34,1,ceja
celda,534,506.61,4.24,1,celda
celebrar,525,534.47,2.44,1,celebrar
celeridad,544,603.51,6.37,1,celeridad
celo,564,508.29,3.74,1,celo
celofán,659,595.02,5.19,1,celofan
célula,509,523.47,5.52,1,celula
celulosa,595,576.44,6.09,1,celulosa
cementerio,561,573.06,3.8,1,cementerio
cena,472,489.02,1.84,1,cena
cenicero,549,570.06,3.53,1,cenicero
ceniza,557,538.06,3.92,1,ceniza
censo,523,500.62,6.24,1,censo
censura,550,530.5,5.24,1,censura
centro,529,485.08,3.0,1,centro
cera,496,476.86,3.36,1,cera
cerámica,553,568.5,4.6,1,ceramica
cerdo,521,500.21,2.15,1,cerdo
cerebro,493,493.42,3.7,1,cerebro
ceremonia,574,553.7,4.88,1,ceremonia
cerrar,523,510.4,2.24,2,cerrar
cerro,542,516.34,5.92,1,cerro
cesar,545,490.55,4.92,1,cesar
césped,540,530.7,3.48,1,cesped
cesta,542,514.76,2.38,1,cesta
cetro,552,525.53,5.76,1,cetro
champán,532,526.94,4.38,1,champan
chapa,514,505.41,3.31,1,chapa
chaqueta,562,528.79,1.87,1,chaqueta
charco,543,519.88,2.35,1,charco
charlar,527,532.06,3.04,2,charlar
charlatán,587,561.33,3.84,1,charlatan
chata,561,504.58,4.12,1,chata
chaval,527,503.76,4.0,1,chaval
cheque,586,517.02,4.92,1,cheque
chica,504,480.34,2.2,1,chica
chicle,527,528.1,2.36,1,chicle
chico,477,495.54,2.12,1,chico
chimenea,577,525.46,2.57,1,chimenea
chip,538,506.31,5.39,1,chip
chispa,532,502.65,3.04,1,chispa
chivo,636,522.29,5.84,1,chivo
chocar,508,493.22,2.84,1,chocar
chocolate,506,515.0,2.0,1,chocolate
chófer,582,512.43,4.46,1,chofer
chorro,507,511.18,3.32,1,chorro
choza,587,501.41,4.12,1,choza
chulo,534,502.06,3.6,1,chulo
cicatriz,570,561.93,3.64,1,cicatriz
ciclo,566,509.0,4.11,1,ciclo
ciclón,618,543.57,4.76,1,ciclon
ciego,496,494.91,3.11,3,ciego
cielo,494,496.38,2.0,1,cielo
científico,548,549.83,4.36,3,cientifico
ciervo,523,503.42,2.29,1,ciervo
cifra,584,518.23,3.48,1,cifra
cigarro,536,541.43,3.88,1,cigarro
cilindro,594,551.4,4.68,1,cilindro
cima,538,535.54,3.4,1,cima
cinc,627,537.04,5.71,1,cinc
cine,457,500.61,2.96,1,cine
cinta,530,493.87,2.81,1,cinta
cintura,530,522.62,3.2,1,cintura
cinturón,531,532.77,2.77,1,cinturon
circo,514,522.57,1.89,1,circo
circuito,539,573.79,3.96,1,circuito
círculo,556,524.06,2.26,1,circulo
cisne,599,512.34,2.77,1,cisne
cisterna,635,571.79,3.76,1,cisterna
citar,551,524.79,4.96,1,citar
ciudad,487,496.02,2.55,1,ciudad
civil,521,513.79,4.88,1,civil
clamor,571,511.22,5.85,1,clamor
clan,554,503.19,4.8,1,clan
claro,496,491.85,2.88,3,claro
clase,507,486.73,2.48,1,clase
clasificar,534,499.59,4.36,1,clasificar
claustro,561,514.16,6.08,1,claustro
clave,512,501.28,3.94,1,clave
clavel,510,501.0,3.76,1,clavel
clavo,500,480.6,3.0,1,clavo
clero,533,530.63,5.65,1,clero
clientela,700,583.15,4.92,1,clientela
clima,536,521.02,4.48,1,clima
cloro,504,514.31,4.36,1,cloro
club,500,506.8,4.12,1,club
cobertizo,596,533.16,4.8,1,cobertizo
cobijo,590,540.18,4.76,1,cobijo
cobrar,520,518.82,4.08,1,cobrar
coche,523,489.94,1.65,1,coche
cocina,504,475.56,1.61,1,cocina
código,499,528.98,4.64,1,codigo
codo,514,506.62,2.16,1,codo
coger,502,480.69,2.16,2,coger
cogote,602,539.41,4.36,1,cogote
coherencia,618,573.29,5.71,1,coherencia
cohesión,572,545.92,6.37,1,cohesion
cohete,552,519.78,3.0,1,cohete
cojín,523,479.3,2.56,1,cojin
cola,500,483.45,2.31,1,cola
colaborar,559,535.74,4.12,1,colaborar
colcha,561,541.84,3.77,1,colcha
colección,536,513.16,3.32,1,coleccion
colectivo,549,538.76,5.0,1,colectivo
colega,506,508.16,4.4,1,colega
cólera,554,502.84,5.32,1,colera
colina,558,499.12,3.96,1,colina
colisión,576,534.34,5.2,1,colision
collar,513,489.12,2.42,1,collar
colmo,535,513.17,5.14,1,colmo
colocar,507,524.33,3.36,2,colocar
coloquio,559,523.62,6.0,1,coloquio
color,490,520.35,2.32,1,color
combatir,564,519.13,4.6,1,combatir
combustión,582,548.75,5.48,1,combustion
comentar,518,531.19,4.2,2,comentar
comenzar,518,510.19,3.56,1,comenzar
comer,490,488.6,1.68,2,comer
comercio,519,518.47,4.56,1,comercio
cometa,503,519.86,2.65,1,cometa
cómico,527,506.75,3.92,1,comico
comisario,532,523.08,4.48,1,comisario
comité,544,507.98,5.92,1,comite
comitiva,565,554.79,6.37,1,comitiva
cómoda,505,520.09,4.16,1,comoda
compadre,634,570.44,6.28,1,compadre
comparar,517,553.7,4.48,1,comparar
compartir,543,525.8,3.04,1,compartir
compasión,517,518.81,4.84,1,compasion
compensar,579,510.62,4.8,1,compensar
competir,514,511.21,3.6,1,competir
complacer,524,515.3,4.8,1,complacer
cómplice,573,517.67,4.84,1,complice
componer,540,527.58,5.04,1,componer
compostura,600,547.41,5.16,1,compostura
comprobar,541,518.04,4.12,1,comprobar
compromiso,555,542.69,4.37,1,compromiso
compuesto,528,528.08,4.16,1,compuesto
comulgar,625,560.1,4.4,1,comulgar
comunicar,510,527.75,4.36,2,comunicar
comunidad,541,525.04,4.32,1,comunidad
comunión,526,522.32,3.64,1,comunion
concebir,582,533.66,5.12,1,concebir
conceder,567,558.18,5.2,1,conceder
concepto,549,523.06,4.43,1,concepto
conciencia,569,554.43,4.7,1,conciencia
concluir,543,524.11,5.32,1,concluir
concordia,606,574.06,5.97,1,concordia
concurso,548,526.73,3.72,1,concurso
condenar,552,561.02,5.0,2,condenar
condición,546,541.6,4.58,1,condicion
conducir,504,515.63,2.96,2,conducir
conducta,532,527.64,4.51,1,conducta
conductor,518,539.27,3.49,1,conductor
conectar,533,531.85,5.12,1,conectar
conejo,518,486.29,2.02,1,conejo
confesar,508,520.35,4.2,1,confesar
confesión,562,509.15,4.5,1,confesion
confidente,618,550.5,5.08,1,confidente
configurar,540,547.12,4.92,1,configurar
confirmar,524,527.65,5.24,2,confirmar
conflicto,565,528.15,4.73,1,conflicto
confundir,518,500.33,3.24,2,confundir
congreso,543,531.98,6.12,1,congreso
conjetura,602,544.78,6.34,1,conjetura
conjunción,569,548.55,4.82,0,conjuncion
conjunto,499,491.31,4.28,3,conjunto
conmoción,648,587.81,5.71,1,conmocion
cono,533,513.79,3.96,1,cono
conocer,506,506.02,2.56,2,conocer
conquistar,529,530.02,4.44,1,conquistar
consejo,544,490.0,4.2,1,consejo
consenso,618,539.5,5.71,1,consenso
conserje,609,554.04,4.28,1,conserje
conserva,508,526.98,4.44,1,conserva
conservar,535,527.91,4.4,2,conservar
considerar,542,512.63,4.72,2,considerar
constatar,568,526.57,6.0,1,constatar
constituir,544,537.04,5.52,1,constituir
construir,509,511.24,3.64,1,construir
cónsul,602,519.42,5.77,1,consul
consumir,520,533.68,4.6,1,consumir
contagio,576,541.89,4.11,1,contagio
contar,538,494.59,2.44,1,contar
contemplar,558,509.77,4.52,1,contemplar
contener,525,511.08,3.92,1,contener
contestar,518,510.65,2.8,1,contestar
contexto,524,517.83,5.39,1,contexto
continuar,512,529.0,3.28,2,continuar
contribuir,592,523.78,5.12,1,contribuir
controlar,541,524.73,3.64,1,controlar
convencer,545,539.52,3.96,1,convencer
convención,578,518.44,5.92,1,convencion
convento,532,519.11,4.85,1,convento
conversar,510,534.14,4.24,1,conversar
conversión,541,531.78,5.46,1,conversion
convertir,515,522.35,4.56,2,convertir
convicción,611,544.02,5.83,1,conviccion
convivir,554,520.39,4.32,1,convivir
cónyuge,607,546.74,5.85,1,conyuge
coñac,592,531.86,5.4,1,conac
copa,473,496.04,2.96,1,copa
copia,483,489.7,3.88,1,copia
copla,553,498.5,4.64,1,copla
coraje,546,513.77,5.52,1,coraje
corán,602,517.57,5.96,1,coran
coraza,533,513.48,5.16,1,coraza
cordel,592,532.42,3.92,1,cordel
cordón,534,495.96,2.35,1,cordon
coro,514,527.86,3.88,1,coro
corona,520,508.68,2.78,1,corona
corpus,617,533.16,6.0,1,corpus
corregir,491,518.11,3.84,1,corregir
correo,498,495.68,3.24,1,correo
correr,505,472.42,2.32,1,correr
cortar,512,495.11,2.56,2,cortar
cortesana,609,560.34,5.52,1,cortesana
corteza,560,528.82,4.0,1,corteza
cosa,528,492.5,1.83,1,cosa
coser,524,487.13,3.0,1,coser
cosmos,579,517.0,6.08,1,cosmos
costar,532,514.29,3.28,2,costar
coste,508,495.06,4.06,1,coste
costumbre,531,497.8,4.4,1,costumbre
cota,655,531.92,5.66,1,cota
coyote,551,518.12,4.6,1,coyote
crear,518,504.48,3.44,2,crear
crecer,519,525.69,2.08,2,crecer
crédito,539,531.79,5.49,1,credito
creer,501,497.33,2.6,2,creer
crema,533,491.67,3.56,1,crema
cremallera,624,568.55,2.86,1,cremallera
crepúsculo,600,576.98,6.24,1,crepusculo
cresta,570,537.38,2.93,1,cresta
criatura,588,536.43,4.28,1,criatura
crimen,570,488.71,4.54,1,crimen
crisis,514,481.06,4.76,1,crisis
crisma,566,509.96,5.6,1,crisma
cristal,509,511.3,3.28,1,cristal
cristiano,540,534.08,3.56,3,cristiano
criterio,545,527.31,5.37,1,criterio
criticar,576,552.25,4.52,1,criticar
cromatina,634,572.15,6.57,1,cromatina
cronología,607,558.3,5.46,1,cronologia
cruce,551,505.29,3.92,1,cruce
crueldad,572,551.98,4.15,1,crueldad
cruzar,495,502.81,3.36,1,cruzar
cuadrado,521,547.98,2.06,3,cuadrado
cuadro,510,514.61,2.22,1,cuadro
cualidad,576,535.92,4.67,1,cualidad
cuartel,546,530.29,4.62,1,cuartel
cuarto,513,495.85,2.92,3,cuarto
cuarzo,577,527.54,5.88,1,cuarzo
cubil,593,537.88,6.32,1,cubil
cubismo,608,550.37,6.23,1,cubismo
cubo,517,515.36,2.09,1,cubo
cubrir,554,507.1,3.92,2,cubrir
cuchillo,535,523.55,1.81,1,cuchillo
cuello,526,496.28,1.81,1,cuello
cuenca,535,513.21,3.33,1,cuenca
cuenco,537,515.06,3.12,1,cuenco
cuerda,507,498.24,2.58,1,cuerda
cuerno,515,508.7,2.82,1,cuerno
cuero,561,528.7,3.92,1,cuero
cuerpo,483,505.15,2.44,1,cuerpo
cuesta,501,506.36,3.74,1,cuesta
cuestión,533,507.87,3.96,1,cuestion
cueva,510,499.46,2.87,1,cueva
cuidar,507,525.24,2.88,2,cuidar
culebra,552,532.92,3.36,1,culebra
culminar,561,549.9,3.24,1,culminar
culpa,515,495.78,3.6,1,culpa
culpable,527,537.59,4.04,1,culpable
cultivar,537,530.61,3.72,1,cultivar
culto,528,495.45,4.64,3,culto
cumbre,534,511.35,6.11,1,cumbre
cúmulo,595,536.54,5.68,1,cumulo
cuna,520,512.88,1.71,1,cuna
cuneta,654,527.28,4.88,1,cuneta
cuñado,543,528.09,4.44,3,cunado
cuota,615,500.15,5.79,1,cuota
cúpula,576,545.55,6.04,1,cupula
cura,498,543.9,2.55,1,cura
curar,513,481.55,2.8,1,curar
curiosidad,556,537.56,4.09,1,curiosidad
cursi,561,526.25,3.72,1,cursi
curso,497,496.7,2.83,1,curso
curvatura,611,575.55,4.92,1,curvatura
cutis,606,517.17,5.16,1,cutis
dado,567,510.83,2.77,1,dado
dama,516,503.49,3.19,1,dama
daño,517,502.94,2.76,1,dano
dar,528,505.08,2.36,2,dar
dardo,596,537.36,3.87,1,dardo
dato,540,505.44,4.0,1,dato
deambular,678,577.04,5.79,1,deambular
deber,528,511.9,3.72,2,deber
debilidad,558,547.56,4.97,1,debilidad
década,575,521.32,4.29,1,decada
decisión,542,560.76,3.75,1,decision
declarar,540,528.0,4.68,1,declarar
dedicar,533,532.3,4.72,2,dedicar
dedo,505,525.12,1.19,1,dedo
defender,544,526.63,3.64,1,defender
dejar,490,508.33,2.88,2,dejar
delicia,581,531.31,4.62,1,delicia
delito,576,520.47,4.32,1,delito
delta,642,520.86,5.06,1,delta
democracia,573,539.63,4.91,1,democracia
demostrar,561,555.94,4.6,2,demostrar
denominar,547,538.51,5.04,2,denominar
dentadura,622,543.72,3.54,1,dentadura
denunciar,564,554.92,4.88,2,denunciar
depósito,595,543.35,4.36,1,deposito
depresión,544,517.56,5.64,1,depresion
derecho,502,501.7,3.84,3,derecho
derribar,579,541.66,4.56,1,derribar
desastre,580,545.45,4.32,1,desastre
descender,536,541.6,4.0,1,descender
desear,542,523.2,3.12,1,desear
desechar,633,558.61,4.92,1,desechar
deseo,518,503.72,3.46,1,deseo
desierto,545,536.4,3.2,3,desierto
designar,571,552.06,5.24,1,designar
desistir,598,553.61,5.24,1,desistir
despreciar,552,563.19,4.48,1,despreciar
desprecio,581,554.3,4.88,1,desprecio
destacar,530,556.88,4.52,1,destacar
destruir,546,546.18,3.52,1,destruir
desván,585,517.11,3.72,1,desvan
desviar,538,533.34,5.0,1,desviar
detectar,565,554.73,4.4,1,detectar
detector,590,535.9,5.03,1,detector
detener,523,528.28,4.12,2,detener
determinar,545,551.15,4.68,2,determinar
deuda,537,520.44,5.28,1,deuda
deuterio,526,614.33,6.94,1,deuterio
devoción,612,546.45,5.54,1,devocion
devolver,562,515.56,3.92,1,devolver
devoto,652,528.57,5.68,1,devoto
día,517,527.04,2.16,1,dia
diablo,506,515.13,2.89,1,diablo
diagonal,568,555.66,4.4,1,diagonal
diagrama,585,555.45,5.68,1,diagrama
dialéctica,651,580.81,6.57,1,dialectica
dialecto,582,556.48,5.51,1,dialecto
diámetro,563,559.91,4.8,1,diametro
diario,504,519.4,3.44,1,diario
diciembre,524,524.67,2.52,1,diciembre
dictado,606,584.83,3.36,1,dictado
dictamen,652,581.16,6.55,1,dictamen
dictar,588,536.86,3.64,2,dictar
diente,559,510.37,1.6,1,diente
dieta,525,508.72,4.62,1,dieta
diferencia,582,539.57,2.83,1,diferencia
diligencia,631,569.2,5.36,1,diligencia
dimensión,539,519.6,4.54,1,dimension
dinámica,523,535.28,5.68,1,dinamica
dinamismo,649,574.41,5.88,1,dinamismo
dinero,506,517.42,2.19,1,dinero
dios,488,489.37,3.0,1,dios
director,501,523.76,3.83,1,director
discernir,694,603.71,6.0,1,discernir
disciplina,544,542.98,5.8,1,disciplina
discípulo,578,559.27,5.08,1,discipulo
disco,509,500.37,3.19,1,disco
discordia,585,537.1,6.04,1,discordia
discoteca,526,539.83,4.6,1,discoteca
discreción,617,573.47,5.26,1,discrecion
discurrir,557,550.74,4.64,2,discurrir
discurso,525,519.52,5.04,1,discurso
discutir,528,510.75,3.64,1,discutir
diseñar,534,530.27,4.6,1,disenar
diseño,537,506.23,5.12,1,diseno
disimular,559,535.48,4.4,1,disimular
disminuir,585,553.3,4.76,2,disminuir
disparar,517,535.27,3.4,1,disparar
disponer,545,513.34,4.72,1,disponer
distancia,549,525.88,3.57,1,distancia
distinguir,551,547.57,3.28,1,distinguir
distraer,565,545.4,3.92,1,distraer
diván,580,520.61,6.12,1,divan
diversidad,583,564.23,5.44,1,diversidad
diversión,528,556.7,2.96,1,diversion
dividir,539,524.08,3.68,1,dividir
divinidad,578,532.94,4.58,1,divinidad
doctor,484,506.76,3.6,1,doctor
doctrina,541,528.0,5.73,1,doctrina
documento,499,532.44,4.68,1,documento
dogma,610,544.26,6.18,1,dogma
dolencia,575,546.2,4.92,1,dolencia
dolor,470,503.32,2.48,1,dolor
domicilio,545,524.85,4.76,1,domicilio
don,579,478.06,4.11,1,don
dormir,490,494.08,1.76,2,dormir
dormitorio,530,528.02,2.64,1,dormitorio
dorso,547,491.52,5.08,1,dorso
dosis,578,505.13,5.12,1,dosis
dragón,524,524.55,2.19,1,dragon
drama,522,523.52,4.92,1,drama
droga,514,483.3,5.2,1,droga
ducha,497,500.7,2.03,1,ducha
dudar,561,512.69,3.4,2,dudar
duelo,560,498.85,5.16,1,duelo
dueño,484,495.16,3.08,3,dueno
dúo,581,513.21,4.16,1,duo
duque,562,531.23,4.68,1,duque
durar,530,505.69,3.2,1,durar
duro,512,496.59,3.16,3,duro
echar,521,489.33,2.52,1,echar
eco,562,471.71,3.36,1,eco
economía,548,538.17,5.27,1,economia
ecuación,565,571.35,5.35,1,ecuacion
edad,479,489.37,2.17,1,edad
edificar,557,525.34,4.92,1,edificar
edificio,530,508.62,3.52,1,edificio
educar,548,482.08,4.0,1,educar
efectivo,540,541.73,4.8,3,efectivo
efecto,529,485.64,3.97,1,efecto
efectuar,533,496.14,5.44,1,efectuar
eficacia,597,547.76,5.0,1,eficacia
efigie,566,564.61,6.68,1,efigie
eje,554,506.74,6.04,1,eje
ejecutar,544,521.14,4.6,1,ejecutar
ejecutivo,550,538.78,5.44,3,ejecutivo
ejercer,542,512.04,4.8,1,ejercer
ejercicio,544,525.18,3.8,1,ejercicio
ejército,521,521.31,4.2,1,ejercito
elaborar,559,506.45,4.64,1,elaborar
elástico,581,520.79,3.88,1,elastico
electrón,577,536.57,6.36,1,electron
elefante,559,510.34,2.15,1,elefante
elegir,510,479.2,4.64,2,elegir
elemento,494,476.15,4.56,1,elemento
elevar,538,494.19,4.36,2,elevar
eliminar,508,522.19,3.72,1,eliminar
elocuencia,705,582.56,6.34,1,elocuencia
elogiar,605,521.83,5.16,1,elogiar
elogio,573,510.02,5.16,1,elogio
eludir,603,504.72,6.0,1,eludir
embajada,559,538.24,5.63,1,embajada
embarazo,514,549.81,3.84,1,embarazo
embriaguez,613,559.53,6.32,1,embriaguez
embrión,587,528.12,6.16,1,embrion
emitir,567,492.73,4.92,1,emitir
emperatriz,611,573.17,5.2,1,emperatriz
emprender,574,534.31,5.24,1,emprender
enano,546,501.83,2.76,3,enano
encender,553,531.26,4.88,1,encender
encontrar,533,542.88,2.52,2,encontrar
encuentro,553,537.54,4.5,1,encuentro
encuesta,550,546.69,4.96,1,encuesta
energía,543,520.2,3.89,1,energia
enero,497,479.1,2.19,1,enero
enfermedad,544,526.23,3.15,1,enfermedad
enfermera,577,558.43,2.59,1,enfermera
engendrar,639,572.36,5.56,2,engendrar
engordar,546,549.48,3.68,1,engordar
enigma,571,505.69,5.29,1,enigma
enjambre,675,540.48,4.23,1,enjambre
ensalada,578,595.51,3.2,1,ensalada
ente,656,470.81,5.97,1,ente
entender,535,534.22,3.0,1,entender
entero,494,508.02,2.92,3,entero
enterrar,534,534.42,4.16,1,enterrar
entrar,504,495.15,2.32,2,entrar
entregar,555,553.51,4.12,2,entregar
entrever,622,530.79,5.56,1,entrever
entusiasmo,615,569.24,4.96,1,entusiasmo
enumerar,628,564.31,4.2,1,enumerar
envejecer,573,531.63,3.88,1,envejecer
enviar,552,496.4,3.92,2,enviar
envidiar,543,525.63,3.96,1,envidiar
envolver,570,558.13,3.44,1,envolver
enzima,640,493.92,6.51,1,enzima
épica,589,513.36,6.06,1,epica
epidemia,588,534.22,5.08,1,epidemia
epígrafe,650,540.35,6.08,1,epigrafe
episodio,575,553.0,4.24,1,episodio
época,520,495.59,3.94,1,epoca
epopeya,654,575.65,6.29,1,epopeya
equilibrio,519,537.67,4.65,1,equilibrio
equipo,510,502.17,2.84,1,equipo
equis,685,511.91,4.28,1,equis
equívoco,576,514.19,5.4,1,equivoco
ermita,601,523.65,5.04,1,ermita
error,511,477.13,3.0,1,error
escala,508,487.52,4.65,1,escala
escalera,529,508.32,2.14,1,escalera
escalinata,671,560.65,5.72,1,escalinata
escalofrío,567,545.43,4.4,1,escalofrio
escándalo,589,537.56,4.68,1,escandalo
escaño,563,487.46,5.94,1,escano
escapar,513,503.73,2.8,1,escapar
escaparate,625,541.46,3.56,1,escaparate
escayola,593,522.3,4.16,1,escayola
escena,511,497.8,3.88,1,escena
escenario,539,520.19,3.04,1,escenario
escéptico,646,562.45,5.88,1,esceptico
escoba,544,491.91,2.44,1,escoba
esconder,553,491.1,2.4,2,esconder
escondite,571,522.76,2.36,1,escondite
escopeta,571,535.53,2.86,1,escopeta
escote,539,491.41,5.0,1,escote
escribir,505,507.14,2.4,2,escribir
escritorio,551,511.13,3.48,1,escritorio
escudo,518,495.68,3.43,1,escudo
escultura,528,487.16,4.36,1,escultura
esfera,544,493.56,4.68,1,esfera
esmoquin,635,523.33,4.73,1,esmoquin
espacio,506,500.08,4.16,1,espacio
espada,498,483.83,2.5,1,espada
espanto,558,522.75,4.48,1,espanto
especie,519,512.83,3.86,1,especie
espectador,578,531.81,4.24,1,espectador
espejo,493,513.4,2.15,1,espejo
esperanza,537,510.46,5.0,1,esperanza
esperpento,666,572.96,6.31,1,esperpento
espiar,566,524.75,3.52,1,espiar
espina,537,488.33,3.03,1,espina
espionaje,596,559.17,4.96,1,espionaje
espíritu,543,523.85,4.2,1,espiritu
esplendor,583,524.65,5.2,1,esplendor
esponja,528,512.47,2.5,1,esponja
espontánea,580,526.54,5.32,1,espontanea
esposa,512,495.85,3.38,1,esposa
esposo,515,479.38,4.16,1,esposo
espuma,535,496.84,3.48,1,espuma
esqueleto,550,535.0,3.22,1,esqueleto
esquivar,553,499.14,4.2,1,esquivar
establecer,546,548.92,4.96,2,establecer
estaca,608,504.48,4.48,1,estaca
estación,537,535.65,3.15,1,estacion
estado,552,507.02,4.38,1,estado
estallar,530,512.04,3.64,1,estallar
estamento,635,534.53,5.89,1,estamento
estantería,613,564.04,3.3,1,estanteria
estatura,581,535.58,3.44,1,estatura
estatuto,579,543.1,5.54,1,estatuto
estela,550,508.71,5.72,1,estela
estética,593,561.63,5.44,1,estetica
estiércol,649,567.92,4.88,1,estiercol
estilo,516,512.25,4.5,1,estilo
estimular,549,526.17,5.76,1,estimular
estímulo,541,521.02,6.04,1,estimulo
estirpe,648,528.33,6.39,1,estirpe
estómago,549,535.19,2.97,1,estomago
estrategia,584,532.42,5.12,1,estrategia
estrecho,524,512.85,3.44,3,estrecho
estrella,526,484.69,2.42,1,estrella
estremecer,613,566.88,5.36,2,estremecer
estrenar,540,554.09,3.32,1,estrenar
estrépito,660,553.38,5.88,1,estrepito
estrés,545,504.43,5.32,1,estres
estructura,553,523.31,5.2,1,estructura
estudiar,517,496.17,3.28,2,estudiar
etapa,551,497.51,4.2,1,etapa
eternidad,570,531.28,5.03,1,eternidad
ética,541,483.84,5.4,1,etica
etiqueta,552,518.36,3.37,1,etiqueta
eufemismo,673,590.76,6.69,1,eufemismo
euforia,582,535.57,5.24,1,euforia
evangelio,590,565.18,4.68,1,evangelio
evidencia,574,545.5,4.94,1,evidencia
evitar,494,489.4,4.12,1,evitar
evocar,540,482.94,6.2,1,evocar
exagerar,573,536.86,3.96,1,exagerar
examen,502,522.41,4.28,1,examen
examinar,506,516.35,4.4,2,examinar
excelencia,566,560.72,5.29,1,excelencia
exceso,567,505.65,4.12,1,exceso
excursión,528,522.42,2.68,1,excursion
exigir,510,516.31,4.76,1,exigir
exilio,576,493.81,5.6,1,exilio
existencia,565,537.29,4.34,1,existencia
éxito,483,497.84,4.24,1,exito
expansión,588,515.57,4.97,1,expansion
expediente,550,528.73,5.64,1,expediente
experto,527,499.46,4.72,3,experto
explanada,651,569.0,5.48,1,explanada
explicar,485,491.33,3.64,2,explicar
explorar,527,505.11,3.68,1,explorar
explosión,517,521.04,3.64,1,explosion
explotar,515,505.88,4.0,1,explotar
exponer,520,510.73,5.32,1,exponer
expresar,514,504.72,4.24,1,expresar
expresión,536,523.08,4.26,1,expresion
expulsar,524,510.45,4.16,1,expulsar
expulsión,563,519.47,4.56,1,expulsion
extender,533,536.3,4.32,1,extender
exterior,508,520.13,3.6,1,exterior
extra,537,506.58,4.56,1,extra
extraer,536,530.48,4.6,1,extraer
extranjero,584,523.76,4.24,3,extranjero
extrañar,499,544.3,4.2,1,extranar
extraño,523,500.76,3.6,1,extrano
extremo,535,497.8,4.24,3,extremo
fabricar,517,530.52,4.04,1,fabricar
fábula,548,515.7,4.08,1,fabula
factor,514,507.54,4.74,1,factor
factoría,550,525.31,5.64,1,factoria
factura,568,511.78,5.12,1,factura
facultad,518,525.13,4.96,1,facultad
faena,585,529.1,4.52,1,faena
fajo,589,486.04,6.16,1,fajo
falacia,607,504.71,6.46,1,falacia
falda,506,523.14,1.96,1,falda
fallar,541,484.67,3.36,2,fallar
falsedad,554,510.81,4.84,1,falsedad
faltar,526,496.51,3.48,2,faltar
fama,555,499.88,4.04,1,fama
fanático,629,553.96,5.28,1,fanatico
fango,562,506.6,4.32,1,fango
fantasía,536,516.58,3.68,1,fantasia
fantasma,527,518.65,2.26,1,fantasma
farmacia,544,515.3,4.04,1,farmacia
farsa,607,510.81,5.38,1,farsa
fase,532,493.3,4.4,1,fase
fauces,718,508.77,5.64,1,fauces
fauna,559,500.35,4.08,1,fauna
favor,484,466.87,4.16,1,favor
faz,601,476.9,5.84,1,faz
fecundidad,650,555.0,6.28,1,fecundidad
felicidad,543,539.96,3.6,1,felicidad
felpa,613,488.0,5.64,1,felpa
fenómeno,541,534.46,4.47,1,fenomeno
feria,540,512.06,2.88,1,feria
festejar,629,553.73,4.16,1,festejar
festival,556,522.35,4.04,1,festival
fibra,536,497.15,5.28,1,fibra
fibrina,539,553.53,6.74,1,fibrina
ficha,536,507.06,2.76,1,ficha
fidelidad,604,524.69,5.48,1,fidelidad
fiebre,532,488.29,2.84,1,fiebre
fiera,567,495.0,3.8,1,fiera
fiesta,513,476.67,3.32,1,fiesta
figura,489,488.81,2.96,1,figura
fila,579,465.11,2.96,1,fila
filmar,637,520.06,4.64,1,filmar
filo,591,509.35,4.88,1,filo
filón,610,493.74,6.4,1,filon
filosofía,535,528.58,5.66,1,filosofia
fin,520,461.25,2.32,1,fin
final,514,479.75,2.56,1,final
financiero,598,548.13,5.56,3,financiero
fingir,523,494.96,4.4,1,fingir
firmamento,751,596.98,4.76,1,firmamento
firmar,499,506.98,3.8,1,firmar
fiscal,536,507.44,5.52,1,fiscal
física,515,505.54,5.03,1,fisica
físico,535,491.35,4.36,3,fisico
fisiología,581,559.88,6.24,1,fisiologia
flauta,529,527.18,2.96,1,flauta
flecha,525,504.75,2.69,1,flecha
flema,549,516.06,4.88,1,flema
flequillo,577,542.98,3.36,1,flequillo
flor,489,507.37,1.61,1,flor
flora,523,507.06,4.44,1,flora
florecer,536,518.2,3.4,2,florecer
flotar,525,505.85,2.92,2,flotar
fluir,533,506.15,5.0,2,fluir
fobia,560,498.33,5.46,1,fobia
foco,530,488.63,3.78,1,foco
fogón,602,509.55,4.6,1,fogon
folio,541,510.94,2.76,1,folio
fomentar,588,530.48,5.4,1,fomentar
fondo,490,476.35,3.52,1,fondo
forastero,627,554.19,4.8,1,forastero
forjar,592,534.04,6.0,1,forjar
forma,505,488.74,2.52,1,forma
formar,479,493.46,3.64,1,formar
fortaleza,573,522.94,5.04,1,fortaleza
fortuna,541,519.35,4.88,1,fortuna
forzar,553,502.63,4.8,1,forzar
fosa,656,498.42,5.28,1,fosa
fósforo,532,540.53,5.0,1,fosforo
foto,497,480.84,2.26,1,foto
fotógrafo,566,546.64,3.12,1,fotografo
fracción,593,532.61,4.76,1,fraccion
fragancia,551,550.9,4.64,1,fragancia
fragmento,585,547.37,4.77,1,fragmento
fragor,574,527.08,6.71,1,fragor
fragua,557,519.3,6.04,1,fragua
fraile,540,522.43,4.48,1,fraile
franja,531,494.08,5.31,1,franja
frasco,533,475.48,3.0,1,frasco
frase,521,494.16,3.04,1,frase
frecuencia,560,541.96,4.85,1,frecuencia
fregar,538,510.22,3.32,1,fregar
freno,556,528.44,3.44,1,freno
frente,514,468.83,2.32,1,frente
fresa,535,476.78,2.2,1,fresa
fresco,552,492.62,3.88,3,fresco
fruto,502,487.25,3.16,1,fruto
fuego,500,467.56,2.06,1,fuego
fuente,491,505.08,2.51,1,fuente
fuerte,497,498.46,2.68,1,fuerte
fuerza,484,510.69,3.0,1,fuerza
fuga,515,475.69,4.44,1,fuga
fugitivo,563,528.19,5.0,1,fugitivo
fulgor,627,503.42,6.39,1,fulgor
fumar,486,501.59,3.32,1,fumar
funcionar,550,524.55,2.96,2,funcionar
fundamento,608,532.6,5.17,1,fundamento
fundar,498,507.77,5.0,1,fundar
furia,535,487.48,4.6,1,furia
furor,572,511.12,5.2,1,furor
fuselaje,653,561.31,6.49,1,fuselaje
fusil,583,509.15,4.19,1,fusil
fusión,534,494.14,5.54,1,fusion
fusta,513,476.1,5.64,1,fusta
fútbol,509,498.94,2.48,1,futbol
futuro,525,488.07,3.61,3,futuro
gabinete,577,535.92,5.79,1,gabinete
galán,547,526.27,4.84,1,galan
galardón,645,551.75,5.6,1,galardon
gallinero,566,560.06,3.64,1,gallinero
gallo,496,506.2,1.75,1,gallo
gama,556,522.46,4.89,1,gama
ganar,489,492.04,2.24,2,ganar
gancho,570,519.79,3.5,1,gancho
garaje,514,529.57,3.02,1,garaje
garbo,580,535.29,6.0,1,garbo
garganta,552,539.35,3.12,1,garganta
gas,499,487.77,4.16,1,gas
gastar,557,495.33,3.28,1,gastar
gen,559,513.78,5.79,1,gen
generar,508,522.81,4.92,1,generar
género,512,529.76,4.37,1,genero
genio,531,499.88,3.37,1,genio
gente,478,469.59,2.6,1,gente
geografía,553,536.28,4.44,1,geografia
geometría,576,561.98,5.64,1,geometria
germen,622,529.26,5.58,1,germen
gesto,551,513.17,4.08,1,gesto
gimnasia,518,550.98,2.84,1,gimnasia
gimnasio,559,550.71,3.44,1,gimnasio
ginebra,566,539.78,6.24,1,ginebra
girar,535,496.37,2.68,2,girar
gitano,503,507.49,3.8,3,gitano
globo,506,495.98,1.42,1,globo
gloria,494,517.41,5.0,1,gloria
glorieta,618,557.88,5.2,1,glorieta
gobernador,596,564.93,4.52,1,gobernador
gobernanta,703,597.35,6.28,1,gobernanta
gobernar,546,568.64,4.72,1,gobernar
golf,491,508.43,4.48,1,golf
golondrina,585,547.75,3.36,1,golondrina
golpe,516,513.33,2.8,1,golpe
goma,546,513.57,1.96,1,goma
gorra,543,510.35,2.77,1,gorra
gorro,494,515.91,1.81,1,gorro
gota,506,500.06,2.39,1,gota
gozo,523,509.58,5.76,1,gozo
grado,511,493.76,4.17,1,grado
gramática,557,524.02,4.46,1,gramatica
granja,520,504.56,2.36,1,granja
grano,519,502.08,3.2,1,grano
grasa,481,488.34,4.48,1,grasa
gratitud,553,530.6,5.36,1,gratitud
gravedad,519,530.23,4.92,1,gravedad
gremio,589,559.39,5.62,1,gremio
grieta,541,535.38,4.06,1,grieta
grifo,542,484.86,1.74,1,grifo
gripe,498,508.98,2.62,1,gripe
gritar,501,528.72,2.08,1,gritar
grosor,567,520.24,4.88,1,grosor
grueso,535,500.74,3.8,3,grueso
grupo,478,485.8,2.86,1,grupo
gruta,556,504.02,4.68,1,gruta
guante,573,506.37,4.31,1,guante
guardián,547,528.0,3.85,1,guardian
guerra,500,520.47,3.58,1,guerra
guitarra,495,530.69,2.73,1,guitarra
gusano,513,523.07,2.31,1,gusano
gustar,500,516.43,1.88,2,gustar
gusto,534,502.58,2.88,1,gusto
habano,641,550.03,5.44,1,habano
haber,614,504.45,2.68,2,haber
habilidad,527,521.02,4.44,1,habilidad
hábito,561,497.68,5.72,1,habito
hablar,488,486.04,1.56,2,hablar
hacer,500,478.92,2.16,2,hacer
hacha,620,521.28,3.19,1,hacha
hacienda,543,537.19,5.64,1,hacienda
hada,559,480.71,2.07,1,hada
hálito,610,527.42,6.78,1,halito
hallar,567,495.02,4.76,1,hallar
halo,554,500.51,6.46,1,halo
hamaca,680,537.04,3.7,1,hamaca
hambre,544,487.16,1.92,1,hambre
harén,585,508.74,6.28,1,haren
harina,541,504.63,3.28,1,harina
hastío,688,514.92,6.46,1,hastio
haz,546,491.46,5.52,1,haz
hazaña,561,521.48,4.96,1,hazana
hebra,562,509.36,6.04,1,hebra
hedor,571,523.8,5.92,1,hedor
hegemonía,611,576.44,6.46,1,hegemonia
hélice,609,538.42,4.44,1,helice
hembra,537,509.56,3.6,1,hembra
hemisferio,603,527.27,5.36,1,hemisferio
heredero,540,526.88,4.4,3,heredero
herir,530,485.79,3.6,2,herir
héroe,527,497.98,3.04,1,heroe
heroína,568,526.68,5.54,1,heroina
heroísmo,607,532.59,4.84,1,heroismo
hiedra,562,529.85,5.15,1,hiedra
hielo,491,511.94,2.88,1,hielo
hierba,533,502.78,2.52,1,hierba
hierro,491,502.76,4.04,1,hierro
hígado,532,513.52,4.36,1,higado
hijo,506,490.15,2.4,1,hijo
hilo,526,485.47,2.88,1,hilo
hipo,564,490.06,2.92,1,hipo
hipócrita,584,528.63,5.48,1,hipocrita
hipófisis,663,592.88,6.67,1,hipofisis
hipótesis,541,545.06,5.81,1,hipotesis
histeria,544,535.75,6.44,1,histeria
historia,496,500.15,3.6,1,historia
hito,627,491.46,6.17,1,hito
hogar,507,486.15,3.12,1,hogar
hoja,517,479.02,1.96,1,hoja
holocausto,663,560.39,6.08,1,holocausto
hombre,511,490.98,2.17,1,hombre
hombro,498,485.5,2.25,1,hombro
homenaje,553,535.75,5.96,1,homenaje
honor,510,496.91,4.61,1,honor
honra,625,494.2,5.29,1,honra
hora,488,507.38,2.6,1,hora
horca,598,500.71,4.34,1,horca
horda,637,509.36,6.57,1,horda
horizonte,528,524.31,4.35,1,horizonte
horno,520,503.49,3.03,1,horno
horror,485,487.83,4.16,1,horror
hospital,499,508.02,2.38,1,hospital
hotel,492,494.1,3.16,1,hotel
hoyo,552,484.5,3.68,1,hoyo
hoz,550,481.73,4.18,1,hoz
hueco,530,484.15,3.44,3,hueco
huérfana,599,558.5,4.32,1,huerfana
huérfano,546,552.21,4.0,3,huerfano
huerta,505,521.47,2.64,1,huerta
huerto,547,517.53,2.8,1,huerto
hueso,496,508.86,2.71,1,hueso
huevo,503,493.98,1.71,1,huevo
huir,528,496.06,4.04,2,huir
humanidad,537,556.15,4.88,1,humanidad
humanismo,603,558.65,5.91,1,humanismo
humanista,560,566.3,5.64,1,humanista
humano,468,519.49,3.0,3,humano
humildad,582,567.02,4.24,1,humildad
humo,480,494.22,3.16,1,humo
humor,487,503.72,3.15,1,humor
hundir,523,518.02,3.8,1,hundir
hurgar,584,524.83,4.96,1,hurgar
idea,503,508.94,3.2,1,idea
ideal,496,493.57,4.36,1,ideal
idilio,584,552.12,5.76,1,idilio
idioma,489,508.23,3.15,1,idioma
ignorancia,581,547.45,5.32,1,ignorancia
igualdad,566,518.63,4.0,1,igualdad
iguana,568,523.47,3.88,1,iguana
iluminar,522,529.98,3.72,1,iluminar
ilusión,542,520.26,3.52,1,ilusion
ilustrar,563,527.31,4.56,1,ilustrar
imagen,510,500.81,3.44,1,imagen
imaginar,508,501.2,3.32,2,imaginar
imán,561,503.74,3.5,1,iman
imitar,517,499.55,3.56,1,imitar
imprimir,503,526.91,4.72,2,imprimir
impunidad,668,587.69,6.42,1,impunidad
incendio,547,531.02,3.48,1,incendio
incidencia,623,565.0,5.42,1,incidencia
incidente,609,578.08,5.09,1,incidente
incienso,621,561.88,5.32,1,incienso
incorporar,570,539.1,4.84,1,incorporar
incremento,602,558.22,5.82,1,incremento
incurrir,590,549.32,6.0,1,incurrir
índice,562,498.46,4.32,1,indice
indio,571,505.87,2.29,3,indio
individuo,551,524.38,4.96,1,individuo
índole,603,505.79,6.52,1,indole
inducir,576,520.77,5.88,1,inducir
infame,653,524.35,5.96,1,infame
infierno,541,536.54,3.5,1,infierno
infinitud,657,586.4,5.6,1,infinitud
informar,513,535.76,4.2,1,informar
ingeniería,580,559.13,5.73,1,ingenieria
ingenio,551,570.23,5.12,1,ingenio
ingresar,559,529.51,4.4,1,ingresar
iniciativa,578,552.25,4.74,1,iniciativa
inicio,528,515.86,2.74,1,inicio
inmensidad,629,535.78,4.92,1,inmensidad
inocencia,565,560.53,4.54,1,inocencia
inocente,570,542.78,4.12,1,inocente
insistir,541,523.62,4.12,1,insistir
insomnio,614,571.51,6.0,1,insomnio
inspector,566,547.92,4.31,1,inspector
inspirar,566,548.7,4.96,2,inspirar
instalar,601,518.2,4.44,1,instalar
instante,547,538.67,4.59,1,instante
instinto,573,542.49,4.91,1,instinto
instituto,529,561.36,4.85,1,instituto
integrar,564,532.28,5.48,1,integrar
intemperie,719,587.53,5.46,1,intemperie
intención,556,550.88,4.18,1,intencion
intentar,535,519.57,3.0,2,intentar
intento,539,525.45,3.97,1,intento
interior,521,531.78,3.48,1,interior
interrogar,572,558.15,4.84,1,interrogar
intervalo,562,551.89,5.21,1,intervalo
intimidad,585,551.62,5.8,1,intimidad
introducir,547,527.12,3.72,1,introducir
intuición,640,579.19,4.83,1,intuicion
intuir,615,540.36,4.6,1,intuir
inventar,539,550.61,3.12,1,inventar
inventario,557,535.26,5.79,1,inventario
inventiva,567,583.25,5.43,1,inventiva
investigar,509,562.66,3.92,1,investigar
ira,549,502.31,4.8,1,ira
iris,544,495.85,4.48,1,iris
ironía,566,508.54,5.63,1,ironia
isla,498,496.67,2.39,1,isla
islam,612,524.71,6.0,1,islam
itinerario,656,592.57,5.62,1,itinerario
izquierda,494,545.64,2.48,1,izquierda
jabalí,532,525.83,3.78,1,jabali
jabón,495,498.54,2.0,1,jabon
jamón,495,479.75,2.14,1,jamon
jardín,510,509.41,2.48,1,jardin
jarra,533,501.94,2.61,1,jarra
jaula,521,518.23,2.58,1,jaula
jauría,605,559.14,4.68,1,jauria
jazmín,587,542.98,5.08,1,jazmin
jefe,507,497.65,3.04,1,jefe
jerga,616,535.25,6.18,1,jerga
jersey,534,517.8,2.44,1,jersey
jinete,596,529.61,4.38,1,jinete
jornada,563,525.6,4.65,1,jornada
joven,486,502.3,3.04,1,joven
joya,541,508.35,3.5,1,joya
júbilo,599,505.29,5.52,1,jubilo
judío,533,506.25,4.52,1,judio
juego,491,469.53,1.73,1,juego
juerga,525,491.0,5.12,1,juerga
juez,521,513.02,3.83,1,juez
jugar,494,458.64,1.68,2,jugar
jugo,566,497.38,4.24,1,jugo
juicio,509,501.63,5.48,1,juicio
jungla,587,525.48,3.38,1,jungla
junio,532,499.29,2.76,1,junio
júpiter,634,525.47,3.96,1,jupiter
jurar,546,476.27,3.8,2,jurar
justicia,555,514.51,4.54,1,justicia
justificar,546,527.1,4.84,1,justificar
juventud,524,505.67,4.16,1,juventud
juzgar,526,512.98,4.84,2,juzgar
kilo,555,506.24,3.36,1,kilo
laberinto,560,536.7,3.79,1,laberinto
labio,522,508.3,2.16,1,labio
labor,528,478.26,3.85,1,labor
ladera,563,519.31,4.52,1,ladera
lado,555,488.98,3.0,1,lado
ladrar,556,514.15,2.36,1,ladrar
ladrillo,536,539.96,2.65,1,ladrillo
ladrón,495,509.19,2.61,1,ladron
lago,546,490.17,2.76,1,lago
laguna,550,508.49,3.96,1,laguna
lámina,534,509.35,4.08,1,lamina
lámpara,543,501.94,2.42,1,lampara
lana,560,495.2,3.16,1,lana
lanza,549,483.33,3.96,1,lanza
lanzar,547,487.56,2.68,2,lanzar
lápiz,521,506.26,1.92,1,lapiz
lapso,586,491.52,6.68,1,lapso
láser,558,532.57,4.73,1,laser
lateral,569,515.75,3.64,1,lateral
látigo,551,501.73,4.7,1,latigo
latín,535,498.85,5.36,1,latin
latir,551,489.45,4.12,2,latir
latitud,594,496.12,5.54,1,latitud
latón,607,517.9,5.96,1,laton
laurel,615,521.98,4.31,1,laurel
lavabo,554,514.43,2.61,1,lavabo
lavar,528,495.44,2.52,2,lavar
lazo,526,489.31,2.04,1,lazo
leche,463,480.84,1.68,1,leche
lecho,537,498.86,4.8,1,lecho
lector,542,499.72,3.76,1,lector
leer,503,485.06,2.12,2,leer
legado,568,507.33,5.89,1,legado
legión,523,506.41,5.16,1,legion
legua,519,501.11,5.2,1,legua
lema,605,503.39,6.12,1,lema
lencería,568,541.37,5.28,1,lenceria
lengua,482,496.16,1.79,1,lengua
lenguaje,529,520.33,3.76,1,lenguaje
lentitud,562,517.53,3.12,1,lentitud
leña,527,504.43,2.88,1,lena
león,465,474.67,2.12,1,leon
letargo,655,566.27,5.57,1,letargo
letra,489,491.89,2.56,1,letra
léxico,584,518.85,5.88,1,lexico
ley,503,503.63,4.21,1,ley
liar,556,505.42,4.48,1,liar
liberar,553,513.92,4.28,1,liberar
libertad,514,516.84,4.12,1,libertad
libra,533,479.77,5.56,1,libra
libro,464,496.06,1.99,1,libro
licencia,543,529.9,6.16,1,licencia
licor,532,499.62,5.0,1,licor
líder,524,520.36,4.44,1,lider
liebre,583,515.92,3.32,1,liebre
lienzo,612,510.18,4.64,1,lienzo
ligar,534,496.33,4.84,1,ligar
limbo,596,492.73,5.8,1,limbo
límite,535,513.45,3.94,1,limite
linaje,662,518.62,6.36,1,linaje
linde,627,497.65,6.29,1,linde
línea,508,511.57,2.16,1,linea
linterna,639,588.22,2.58,1,linterna
lío,562,504.23,3.19,1,lio
lírica,597,543.09,6.4,1,lirica
lirio,606,496.61,4.42,1,lirio
lista,490,503.0,3.44,1,lista
literatura,534,538.55,5.52,1,literatura
litro,573,499.14,3.73,1,litro
llaga,643,521.28,4.56,1,llaga
llamar,476,506.68,2.32,2,llamar
llanto,520,504.04,2.84,1,llanto
llave,492,497.2,2.48,1,llave
llegar,504,505.7,2.38,2,llegar
llenar,489,516.51,2.8,2,llenar
llevar,484,478.83,2.76,2,llevar
llorar,475,501.22,1.76,1,llorar
lluvia,512,501.15,1.83,1,lluvia
lobo,510,480.14,2.16,1,lobo
local,553,496.69,3.92,1,local
loco,530,485.43,2.68,3,loco
locutor,553,507.33,4.56,1,locutor
lodo,611,493.09,5.12,1,lodo
lógica,533,487.85,4.89,1,logica
lograr,520,500.53,4.12,1,lograr
logro,521,492.02,5.0,1,logro
lomo,517,488.7,3.6,1,lomo
lona,585,510.07,4.77,1,lona
longitud,503,496.14,4.28,1,longitud
loro,509,473.98,2.29,1,loro
losa,574,493.68,5.32,1,losa
loto,542,466.26,5.48,1,loto
lucha,512,483.85,3.32,1,lucha
luchar,536,492.47,2.8,1,luchar
lucir,514,506.48,4.48,2,lucir
lucro,607,515.89,6.06,1,lucro
lugar,488,479.77,3.24,1,lugar
lumbre,608,501.86,4.64,1,lumbre
luminoso,544,538.58,3.76,3,luminoso
luna,493,497.82,2.02,1,luna
lunes,498,498.36,2.0,1,lunes
luto,584,501.49,4.56,1,luto
luz,477,482.67,2.0,1,luz
macho,523,476.0,3.72,1,macho
madera,507,486.27,2.6,1,madera
madre,492,479.04,1.56,1,madre
madrugar,525,519.21,3.4,1,madrugar
maestro,521,517.7,2.14,3,maestro
mafia,561,504.31,4.92,1,mafia
magnetismo,574,565.1,5.94,1,magnetismo
magnitud,517,533.45,5.52,1,magnitud
mago,552,477.02,2.36,1,mago
maíz,497,490.34,2.92,1,maiz
majestad,576,526.6,4.24,1,majestad
mal,484,496.38,1.96,1,mal
malaria,584,543.63,5.57,1,malaria
maldición,546,529.07,4.38,1,maldicion
maldito,538,534.54,4.16,3,maldito
malecón,553,550.45,5.75,1,malecon
maleficio,607,555.73,4.55,1,maleficio
maleza,586,501.4,4.76,1,maleza
malla,615,508.88,4.35,1,malla
mamá,489,492.1,1.16,1,mama
mandar,521,487.51,3.04,2,mandar
mandíbula,571,556.81,4.04,1,mandibula
manera,513,513.94,3.46,1,manera
manga,531,499.4,2.12,1,manga
mango,507,505.42,3.88,1,mango
manía,527,479.06,4.16,1,mania
manifestar,542,516.44,4.88,1,manifestar
manipular,543,515.37,4.92,1,manipular
manivela,632,559.38,4.72,1,manivela
mano,495,502.77,1.42,1,mano
manojo,570,507.34,5.44,1,manojo
mansión,554,511.66,4.04,1,mansion
mantel,573,496.48,2.88,1,mantel
mantener,502,513.96,4.16,1,mantener
manto,542,503.51,4.48,1,manto
manzana,496,508.84,1.82,1,manzana
maña,621,497.22,4.65,1,mana
mañana,484,502.8,2.44,1,manana
mapa,485,489.9,2.68,1,mapa
mar,462,482.77,1.68,1,mar
maraña,654,499.68,5.96,1,marana
maravilla,515,520.9,3.37,1,maravilla
marcar,501,491.8,3.76,2,marcar
marco,493,478.41,2.93,1,marco
marejada,636,574.83,5.23,1,marejada
marfil,570,505.3,4.96,1,marfil
margarita,561,529.08,2.2,1,margarita
margen,531,492.88,4.16,1,margen
marido,507,506.63,2.81,1,marido
mariposa,493,508.79,1.92,1,mariposa
mariscal,610,556.38,5.84,1,mariscal
mármol,570,526.6,4.44,1,marmol
martes,501,481.15,1.91,1,martes
martillo,517,504.15,2.77,1,martillo
mártir,582,519.65,5.76,1,martir
martirio,585,541.18,5.29,1,martirio
marzo,539,488.19,2.92,1,marzo
masa,480,479.69,4.16,1,masa
masaje,501,516.76,4.12,1,masaje
mascar,588,488.75,3.56,1,mascar
masón,536,504.88,6.85,1,mason
masticar,559,520.23,2.2,1,masticar
matar,510,481.59,2.84,2,matar
matemático,584,532.3,4.2,3,matematico
materia,536,508.83,4.17,1,materia
matrimonio,526,510.69,3.48,1,matrimonio
matriz,539,495.08,6.15,1,matriz
mayo,506,487.46,2.72,1,mayo
mecánico,540,538.1,3.46,3,mecanico
mecanismo,531,535.61,5.0,1,mecanismo
mechero,592,551.49,3.29,1,mechero
medalla,581,536.02,3.12,1,medalla
mediar,564,514.75,5.48,2,mediar
medicina,507,521.54,4.08,1,medicina
médico,496,461.06,2.48,3,medico
medio,478,486.63,3.4,3,medio
medir,502,478.96,3.84,2,medir
meditar,536,511.91,5.2,1,meditar
medrar,599,512.0,5.92,2,medrar
médula,521,502.11,5.84,1,medula
mejilla,510,526.67,3.4,1,mejilla
melancolía,564,531.1,6.36,1,melancolia
melena,555,505.94,2.58,1,melena
membrana,573,536.33,5.56,1,membrana
mencionar,548,542.87,4.84,1,mencionar
mendigo,562,539.63,4.35,1,mendigo
menester,627,529.38,5.94,1,menester
menor,531,486.0,2.88,1,menor
mensaje,516,512.27,3.48,1,mensaje
mente,524,471.17,3.97,1,mente
mentir,509,488.8,2.2,1,mentir
mentón,591,507.73,5.48,1,menton
meñique,614,537.8,3.32,1,menique
mercancía,572,551.43,4.04,1,mercancia
merced,576,520.25,5.94,1,merced
merendar,599,534.85,2.04,2,merendar
merienda,567,536.29,2.44,1,merienda
mérito,571,522.04,5.03,1,merito
merluza,550,520.71,3.52,1,merluza
mermelada,619,565.98,3.0,1,mermelada
mero,582,504.37,5.4,3,mero
mes,506,472.91,2.71,1,mes
mesa,484,472.39,1.38,1,mesa
meta,522,479.6,6.79,1,meta
metáfora,555,541.64,5.34,1,metafora
metal,509,496.4,4.08,1,metal
meter,525,479.94,2.16,2,meter
método,508,497.54,4.69,1,metodo
metralleta,614,583.5,3.86,1,metralleta
metro,505,482.89,3.65,1,metro
mezquita,606,528.02,5.52,1,mezquita
miedo,479,489.8,2.8,1,miedo
miel,476,490.06,2.92,1,miel
miembro,524,529.15,4.19,1,miembro
mina,529,509.82,3.76,1,mina
miniatura,570,537.66,3.72,1,miniatura
mínimo,543,524.02,3.76,3,minimo
ministerio,559,554.69,5.92,1,ministerio
ministro,541,541.52,4.96,1,ministro
minuto,541,485.67,2.46,1,minuto
miope,595,514.85,4.8,1,miope
mirar,500,477.3,2.24,2,mirar
misa,511,488.29,3.28,1,misa
misión,512,498.1,4.15,1,mision
misterio,549,531.76,4.08,1,misterio
mitad,545,505.11,2.96,1,mitad
mito,533,496.8,4.67,1,mito
mitología,577,538.84,5.72,1,mitologia
mobiliario,584,541.73,4.96,1,mobiliario
modalidad,601,551.35,5.34,1,modalidad
modelo,518,491.98,3.8,1,modelo
modestia,554,521.9,4.86,1,modestia
modificar,583,540.31,4.64,1,modificar
modo,506,489.33,3.76,1,modo
mole,560,497.64,5.31,1,mole
molestar,509,504.96,2.88,2,molestar
molestia,505,522.28,4.32,1,molestia
molino,563,515.3,2.67,1,molino
momia,576,524.94,3.29,1,momia
monasterio,556,540.29,4.32,1,monasterio
moneda,505,513.87,2.29,1,moneda
monje,513,484.82,3.74,1,monje
mono,490,480.46,1.83,3,mono
monólogo,568,530.34,5.2,1,monologo
monopolio,578,562.73,6.09,1,monopolio
monotonía,574,550.04,6.16,1,monotonia
monstruo,535,531.38,2.16,1,monstruo
montar,492,499.83,2.72,2,montar
monte,512,484.67,2.8,1,monte
moño,565,497.69,2.96,1,mono
moqueta,560,506.47,4.28,1,moqueta
mora,526,495.04,3.0,1,mora
moral,523,489.26,5.06,1,moral
morder,501,495.29,2.44,1,morder
moribundo,630,552.62,4.96,1,moribundo
morir,492,474.63,2.68,1,morir
moro,502,499.31,4.08,3,moro
morro,517,499.58,2.76,1,morro
mortal,512,511.53,3.6,1,mortal
mosca,521,476.2,1.67,1,mosca
mote,608,488.25,4.12,1,mote
moto,508,491.65,2.22,1,moto
motor,517,484.33,3.58,1,motor
mover,512,489.81,2.8,1,mover
móvil,484,495.1,4.36,1,movil
movilidad,570,541.17,5.36,1,movilidad
mozo,490,477.18,3.56,3,mozo
muchacho,527,538.77,2.69,1,muchacho
mudar,515,512.45,4.4,1,mudar
mudo,518,501.63,2.84,3,mudo
mueble,515,496.49,3.28,1,mueble
mueca,554,503.84,4.12,1,mueca
muelle,513,508.51,3.9,1,muelle
muerte,504,488.34,3.2,1,muerte
mujer,499,502.76,2.04,1,mujer
mula,598,506.65,2.48,1,mula
mulo,526,482.56,4.08,1,mulo
multitud,556,544.24,4.52,1,multitud
mundo,504,493.17,2.68,1,mundo
municipio,552,549.65,4.68,1,municipio
muñeca,485,511.54,1.33,1,muneca
muñeco,510,494.55,1.81,1,muneco
murciélago,581,551.21,2.96,1,murcielago
murmullo,621,541.76,3.8,1,murmullo
murmurar,595,540.35,4.52,2,murmurar
muro,532,500.73,2.79,1,muro
museo,506,487.75,4.28,1,museo
musgo,539,482.49,3.32,1,musgo
música,479,486.62,2.16,1,musica
músico,503,484.12,2.74,1,musico
muslo,504,488.94,3.16,1,muslo
mutua,585,494.31,5.88,1,mutua
nacer,507,498.69,2.28,1,nacer
nación,565,510.71,4.92,1,nacion
nadar,501,506.71,2.6,2,nadar
nariz,491,493.71,1.84,1,nariz
narrar,545,516.44,3.6,1,narrar
nata,532,475.46,2.8,1,nata
nativo,657,514.84,4.96,3,nativo
naufragio,603,572.71,5.08,1,naufragio
náusea,613,568.77,5.0,1,nausea
navaja,538,526.67,3.62,1,navaja
nave,532,488.49,4.0,1,nave
navegar,532,523.64,3.32,1,navegar
navidad,502,499.06,2.04,1,navidad
navío,614,518.72,4.96,1,navio
necesidad,560,522.33,3.75,1,necesidad
necesitar,541,509.12,2.32,2,necesitar
negar,536,497.02,3.8,1,negar
negociar,559,538.21,4.6,2,negociar
negro,498,496.76,2.08,3,negro
nena,532,513.58,1.56,1,nena
nene,577,504.71,1.28,1,nene
neón,599,510.42,6.4,1,neon
nervio,533,501.07,4.26,1,nervio
nevera,509,494.9,2.44,1,nevera
nexo,567,496.37,5.28,1,nexo
nido,562,493.15,2.58,1,nido
niebla,511,494.3,3.96,1,niebla
nieto,545,511.06,3.04,1,nieto
nieve,498,482.93,2.42,1,nieve
niño,510,488.57,1.44,1,nino
nivel,491,499.36,3.43,1,nivel
noble,492,512.06,4.68,1,noble
noche,510,485.48,2.16,1,noche
noción,548,492.17,5.45,1,nocion
nocturno,566,527.92,3.84,1,nocturno
nogal,564,506.75,4.42,1,nogal
nombre,500,499.94,1.92,1,nombre
nómina,581,536.15,6.23,1,nomina
norma,528,497.63,3.36,1,norma
normativa,604,556.79,5.26,1,normativa
norte,481,492.12,3.92,1,norte
nostalgia,579,538.69,5.69,1,nostalgia
nota,495,478.43,3.79,1,nota
notar,540,500.61,3.24,2,notar
novela,498,486.83,4.96,1,novela
novia,503,490.52,2.6,1,novia
noviembre,545,520.79,2.4,1,noviembre
novio,489,482.6,2.85,1,novio
nube,524,513.83,1.46,1,nube
nuca,550,499.12,3.41,1,nuca
núcleo,538,505.89,5.32,1,nucleo
nudo,554,499.0,2.86,1,nudo
nuera,593,536.75,5.24,1,nuera
nuez,567,509.71,2.6,1,nuez
número,507,507.19,2.48,1,numero
obedecer,594,535.88,2.96,2,obedecer
obispo,566,518.23,4.84,1,obispo
objeción,582,521.55,5.74,1,objecion
objeto,498,486.89,3.12,1,objeto
obra,504,493.83,4.2,1,obra
obrar,537,490.13,4.52,1,obrar
obrero,536,496.5,3.64,1,obrero
observar,519,503.49,3.4,1,observar
obsesión,556,540.83,5.16,1,obsesion
obstáculo,562,539.45,4.23,1,obstaculo
occidente,566,543.45,5.32,1,occidente
océano,535,526.44,3.88,1,oceano
ocio,518,497.63,4.68,1,ocio
ocultar,472,509.04,3.8,1,ocultar
ocupar,487,517.38,3.24,1,ocupar
odiar,537,501.28,3.24,2,odiar
odio,540,483.21,4.68,1,odio
odisea,583,501.72,5.4,1,odisea
oeste,589,500.42,3.6,1,oeste
oficio,516,503.7,4.44,1,oficio
ofrecer,549,503.22,3.56,2,ofrecer
oído,516,514.8,2.64,1,oido
oír,515,471.94,2.08,2,oir
ojo,467,456.04,1.43,1,ojo
ola,506,471.33,1.9,1,ola
oleaje,609,493.94,3.6,1,oleaje
óleo,568,510.1,5.76,1,oleo
oler,526,485.98,2.4,1,oler
olfato,560,487.06,3.52,1,olfato
olivo,539,497.81,4.4,1,olivo
olla,569,509.69,2.95,1,olla
olor,494,478.21,2.44,1,olor
ombligo,529,529.25,2.48,1,ombligo
onda,529,476.86,4.92,1,onda
opción,511,484.78,3.68,1,opcion
ópera,504,499.88,4.58,1,opera
operar,493,482.67,3.8,2,operar
opinar,516,478.81,4.24,1,opinar
opinión,507,508.42,3.85,1,opinion
opio,579,491.92,6.34,1,opio
oponer,546,485.46,4.6,1,oponer
optar,570,500.92,5.28,1,optar
óptica,520,492.57,4.88,1,optica
óptico,515,485.8,4.88,3,optico
órbita,596,489.69,5.28,1,orbita
orden,509,501.89,3.23,1,orden
ordenador,541,524.27,4.33,1,ordenador
ordenar,503,492.02,2.92,2,ordenar
oreja,495,480.4,1.49,1,oreja
organismo,555,532.92,5.12,1,organismo
organizar,543,502.5,4.2,1,organizar
órgano,496,511.93,3.64,1,organo
orgía,542,514.19,6.8,1,orgia
oriental,541,508.94,4.68,1,oriental
oriente,509,514.7,5.0,1,oriente
origen,519,485.43,4.32,1,origen
orilla,534,491.98,3.36,1,orilla
orinar,563,482.1,3.64,1,orinar
oro,509,465.81,3.52,1,oro
orquesta,539,502.17,3.85,1,orquesta
oscilar,587,525.6,5.4,1,oscilar
oscuridad,522,527.52,2.64,1,oscuridad
oso,474,478.62,1.92,1,oso
otoño,522,498.64,2.5,1,otono
oveja,467,471.51,2.12,1,oveja
ozono,641,520.8,4.83,1,ozono
pabellón,557,527.02,4.4,1,pabellon
pacifismo,615,565.63,5.56,1,pacifismo
pactar,545,504.4,5.08,1,pactar
pacto,508,485.87,4.74,1,pacto
padre,508,478.56,1.38,1,padre
paella,533,507.7,3.16,1,paella
pagar,507,488.1,2.96,2,pagar
página,480,503.08,3.0,1,pagina
país,501,475.82,3.04,1,pais
paisano,588,541.48,3.72,1,paisano
paja,520,505.33,2.92,1,paja
pajar,548,495.94,4.27,1,pajar
palabra,517,493.98,2.28,1,palabra
palacio,498,500.0,2.46,1,palacio
paladar,617,531.98,3.64,1,paladar
paliza,540,507.9,4.36,1,paliza
palma,501,509.21,3.26,1,palma
palmo,566,510.74,5.0,1,palmo
palo,509,477.11,2.06,1,palo
paloma,493,497.04,1.81,1,paloma
palpar,557,488.1,3.44,1,palpar
pan,491,470.81,1.5,1,pan
pana,575,503.42,4.04,1,pana
pánico,554,511.67,5.36,1,panico
panorama,592,535.58,5.28,1,panorama
pantalla,486,504.36,2.88,1,pantalla
pantalón,517,512.47,1.97,1,pantalon
pantera,517,508.25,2.92,1,pantera
panza,524,501.25,3.72,1,panza
paño,561,489.8,3.23,1,pano
papa,498,510.94,2.12,1,papa
papá,484,481.88,1.44,1,papa
papel,485,472.31,2.09,1,papel
paquete,534,486.04,2.64,1,paquete
par,497,498.25,3.52,1,par
parábola,522,545.0,5.5,1,parabola
paradigma,630,559.98,6.6,1,paradigma
paradoja,573,526.63,6.21,1,paradoja
paralelo,571,507.21,4.6,1,paralelo
parálisis,574,542.63,5.64,1,paralisis
parar,506,491.2,2.48,2,parar
parcela,546,521.8,4.96,1,parcela
parche,550,504.54,4.36,1,parche
pared,491,483.87,2.2,1,pared
pareja,492,489.9,3.76,1,pareja
parentesco,633,562.94,4.72,1,parentesco
paréntesis,610,559.72,4.24,1,parentesis
pariente,568,523.75,3.96,1,pariente
parir,562,490.19,4.24,2,parir
parlamento,622,546.65,5.52,1,parlamento
paro,527,509.34,4.71,1,paro
parodia,555,535.02,4.46,1,parodia
parque,499,511.54,2.16,1,parque
parra,539,495.21,4.96,1,parra
parroquia,578,525.59,4.28,1,parroquia
parsimonia,688,572.71,6.26,1,parsimonia
participar,536,511.63,3.32,1,participar
partícula,555,525.09,5.54,1,particula
partir,486,482.84,3.24,2,partir
pasaporte,589,550.53,5.15,1,pasaporte
pasar,521,485.78,2.76,2,pasar
pascua,581,507.0,4.76,1,pascua
pasear,548,535.55,2.2,1,pasear
pasión,515,466.1,5.0,1,pasion
pasmo,569,501.94,5.68,1,pasmo
pasta,493,498.17,3.2,1,pasta
pastel,502,477.81,2.6,1,pastel
pastor,503,483.58,2.54,1,pastor
pata,512,479.55,2.72,1,pata
patata,521,492.72,1.85,1,patata
patio,541,498.45,2.84,1,patio
pato,479,474.87,1.62,3,pato
patria,550,519.37,5.15,1,patria
patrimonio,538,542.27,5.49,1,patrimonio
patrocinio,658,568.33,6.0,1,patrocinio
patrón,545,493.12,5.08,1,patron
patrulla,582,524.33,4.8,1,patrulla
pausa,483,482.83,3.4,1,pausa
pavimento,605,546.52,5.19,1,pavimento
pavo,512,507.54,3.12,1,pavo
pavor,598,496.88,5.12,1,pavor
payaso,535,496.02,1.92,1,payaso
paz,468,486.87,2.92,1,paz
pecado,539,498.47,3.61,1,pecado
pecar,536,477.36,4.48,2,pecar
pecho,489,492.3,2.75,1,pecho
pedagogía,616,558.71,6.72,1,pedagogia
pedazo,515,504.6,2.44,1,pedazo
pedir,510,475.75,2.08,2,pedir
pegar,501,499.13,2.2,1,pegar
peine,516,505.0,1.77,1,peine
pelear,515,501.41,2.84,1,pelear
película,488,500.62,2.4,1,pelicula
pelo,484,502.83,1.86,1,pelo
pelota,490,498.81,1.52,1,pelota
peluquero,545,529.98,2.8,1,peluquero
pena,507,480.36,3.0,1,pena
penetrar,539,525.41,5.28,1,penetrar
península,569,532.75,3.96,1,peninsula
penitencia,634,567.67,5.12,1,penitencia
pensar,498,500.69,2.88,2,pensar
penumbra,627,544.12,5.96,1,penumbra
peña,496,474.93,4.04,1,pena
peón,554,479.24,4.22,1,peon
pepita,596,516.71,3.2,1,pepita
pera,547,478.83,1.96,1,pera
percha,569,518.42,2.81,1,percha
percibir,543,506.13,4.96,1,percibir
perder,531,489.72,2.68,1,perder
pérdida,515,520.06,3.51,1,perdida
peregrino,605,539.94,5.16,1,peregrino
pereza,485,514.3,3.81,1,pereza
perfil,515,496.53,4.8,1,perfil
periferia,612,545.42,5.6,1,periferia
peripecia,678,599.29,5.82,1,peripecia
perito,569,539.63,5.96,1,perito
perjuicio,558,538.81,5.94,1,perjuicio
permanecer,568,556.2,4.36,1,permanecer
permitir,522,524.49,4.04,2,permitir
perro,474,500.24,1.23,1,perro
persiana,589,529.91,3.09,1,persiana
pertenecer,550,533.85,4.0,2,pertenecer
perversa,594,542.96,5.12,1,perversa
pesadilla,525,527.52,3.2,1,pesadilla
pesar,532,486.15,3.08,2,pesar
pescar,483,478.48,3.2,2,pescar
pescuezo,626,547.46,4.12,1,pescuezo
peso,515,505.18,2.94,1,peso
pestañear,592,547.43,3.4,2,pestanear
peste,589,512.04,4.88,1,peste
petaca,592,525.71,5.44,1,petaca
petate,657,538.75,5.28,1,petate
petróleo,542,541.82,4.36,1,petroleo
pez,503,474.53,1.69,1,pez
piano,499,500.23,2.21,1,piano
picaporte,605,533.96,4.36,1,picaporte
pico,503,499.31,2.32,1,pico
pie,481,502.11,1.43,1,pie
piedra,494,500.0,1.87,1,piedra
piel,477,485.04,2.96,1,piel
pierna,510,488.73,1.92,1,pierna
pieza,520,479.79,2.44,1,pieza
pila,515,488.79,2.79,1,pila
piloto,524,473.96,3.76,1,piloto
pinar,551,501.06,4.84,1,pinar
pincel,548,523.24,3.04,1,pincel
pino,529,491.08,3.04,1,pino
pinta,517,492.38,3.6,1,pinta
pintar,495,475.5,2.4,2,pintar
pipa,541,500.38,2.46,1,pipa
pirámide,538,517.31,3.9,1,piramide
pirata,514,500.17,2.16,1,pirata
pirueta,565,521.61,3.48,1,pirueta
pisar,509,495.37,2.36,1,pisar
pista,525,494.25,3.48,1,pista
pito,532,498.83,2.58,1,pito
placa,522,466.06,4.48,1,placa
placer,477,476.38,4.35,1,placer
plaga,562,477.08,5.12,1,plaga
planchar,513,513.25,2.72,1,planchar
plano,500,494.28,3.44,3,plano
planta,482,494.02,1.86,1,planta
plástico,517,510.52,3.32,3,plastico
plata,492,503.61,3.64,1,plata
plataforma,611,569.86,5.23,1,plataforma
playa,500,492.43,2.2,1,playa
plaza,488,470.1,2.56,1,plaza
plazo,530,489.63,3.91,1,plazo
pleito,672,527.55,5.96,1,pleito
plenitud,581,531.4,5.6,1,plenitud
pleno,535,491.23,4.8,3,pleno
plomo,549,490.98,4.48,1,plomo
pluma,485,497.39,3.11,1,pluma
plural,552,506.98,3.36,1,plural
pluralidad,651,569.45,4.88,1,pluralidad
pobre,509,506.15,3.04,1,pobre
poder,504,477.52,3.73,2,poder
poema,487,499.1,3.84,1,poema
poesía,519,481.31,3.8,1,poesia
poeta,538,496.46,4.0,1,poeta
polémica,544,512.38,5.48,1,polemica
polen,568,509.0,4.04,1,polen
política,534,517.4,4.26,1,politica
político,550,511.8,4.64,3,politico
pollo,462,504.59,1.85,1,pollo
polo,497,494.06,3.16,1,polo
polvo,486,480.85,3.72,1,polvo
pompa,569,517.74,2.72,1,pompa
poner,492,472.98,2.2,2,poner
popa,629,508.82,5.48,1,popa
porcelana,593,546.72,4.24,1,porcelana
porcentaje,563,542.96,4.43,1,porcentaje
porche,590,513.45,4.84,1,porche
portador,551,514.36,5.04,1,portador
portavoz,584,516.64,4.97,1,portavoz
poseer,530,496.83,3.96,1,poseer
posesión,586,542.09,4.92,1,posesion
postre,497,493.17,2.4,1,postre
postura,501,495.63,4.12,1,postura
potencia,540,504.83,4.71,1,potencia
pozo,514,478.66,2.29,1,pozo
práctica,551,520.5,4.28,1,practica
practicar,532,527.3,3.72,1,practicar
práctico,563,525.78,4.32,3,practico
prado,533,518.79,1.86,1,prado
precaución,609,531.19,4.24,1,precaucion
precepto,624,600.12,6.51,1,precepto
precio,490,488.02,2.94,1,precio
precipicio,628,562.49,4.42,1,precipicio
precisar,520,539.77,4.92,1,precisar
precisión,548,543.53,4.76,1,precision
precursor,600,554.4,5.8,1,precursor
preferir,499,526.86,3.12,2,preferir
premio,500,498.69,3.04,1,premio
prenda,525,478.9,3.12,1,prenda
prensa,548,490.88,3.96,1,prensa
presa,532,475.08,4.44,1,presa
presagio,650,520.65,5.91,1,presagio
presencia,558,535.0,4.52,1,presencia
presenciar,592,549.31,4.72,1,presenciar
presentar,531,523.08,4.0,2,presentar
preservar,581,546.35,5.16,1,preservar
preso,536,490.33,3.66,1,preso
prestigio,570,524.07,5.43,1,prestigio
presumir,503,502.7,3.68,2,presumir
pretender,565,533.52,5.04,2,pretender
pretensión,649,565.69,6.4,1,pretension
pretérito,679,593.27,5.32,1,preterito
prever,567,505.81,5.32,1,prever
prima,481,474.92,2.44,1,prima
primavera,523,503.35,2.69,1,primavera
primo,502,487.15,2.48,3,primo
princesa,517,511.89,1.92,1,princesa
príncipe,549,518.68,2.52,1,principe
principio,530,541.34,3.3,1,principio
prior,623,512.53,6.54,1,prior
prioridad,571,531.08,5.45,1,prioridad
prisa,521,492.27,3.4,1,prisa
prisión,531,497.41,3.56,1,prision
privilegio,562,535.17,4.54,1,privilegio
proa,644,516.32,4.92,1,proa
probar,504,485.96,2.36,1,probar
problema,519,513.31,3.84,1,problema
proceder,533,523.86,4.84,1,proceder
procesión,568,532.98,4.38,1,procesion
proclamar,587,563.17,5.28,1,proclamar
prodigio,621,523.0,6.4,1,prodigio
producir,545,510.5,4.56,2,producir
producto,521,494.3,4.56,1,producto
profecía,626,534.24,5.76,1,profecia
profesor,511,509.32,2.2,1,profesor
progenie,624,584.74,6.63,1,progenie
programa,522,524.46,3.84,1,programa
prohibir,539,521.92,3.24,2,prohibir
prójimo,569,524.67,4.6,1,projimo
prole,652,514.78,5.88,1,prole
prólogo,567,529.94,5.96,1,prologo
prolongar,555,529.15,4.76,1,prolongar
pronunciar,575,534.38,3.52,1,pronunciar
propiciar,610,571.68,5.88,1,propiciar
propiedad,516,504.22,4.62,1,propiedad
proporción,606,521.26,4.74,1,proporcion
propósito,527,521.9,4.97,1,proposito
prosa,584,491.02,4.76,1,prosa
prosperar,598,548.52,5.8,1,prosperar
proteger,529,515.38,4.24,1,proteger
prótesis,542,544.34,5.64,1,protesis
protestar,529,529.75,3.52,1,protestar
protocolo,604,528.25,5.83,1,protocolo
protón,562,517.9,6.43,1,proton
provecho,555,528.08,4.94,1,provecho
provincia,528,507.86,4.96,1,provincia
provocar,527,505.0,4.24,2,provocar
proyectil,600,532.35,4.7,1,proyectil
publicar,508,532.42,4.36,1,publicar
publicidad,527,514.8,3.65,1,publicidad
pudor,545,496.67,5.6,1,pudor
pueblo,488,494.62,2.12,1,pueblo
puente,500,483.53,2.5,1,puente
puerta,498,486.63,1.88,1,puerta
puerto,503,505.11,3.28,1,puerto
pulmón,488,483.48,3.03,1,pulmon
pulso,512,488.98,4.36,1,pulso
punto,507,467.84,3.0,1,punto
puño,503,490.85,2.29,1,puno
pupila,528,518.74,4.32,1,pupila
purgatorio,639,581.58,6.06,1,purgatorio
quedar,515,477.36,3.08,2,quedar
quehacer,602,584.26,5.76,1,quehacer
quemar,512,513.58,2.48,2,quemar
querencia,583,550.08,6.51,1,querencia
querer,534,500.86,2.16,2,querer
queso,487,489.65,1.93,1,queso
quicio,564,511.16,5.46,1,quicio
quirófano,556,562.17,5.64,1,quirofano
quitar,512,519.2,2.88,2,quitar
rabia,536,494.79,3.88,1,rabia
rabo,516,511.71,2.2,1,rabo
ración,583,520.2,5.0,1,racion
radio,509,512.08,2.15,1,radio
raíz,514,491.75,3.54,1,raiz
rama,493,519.51,2.46,1,rama
ramo,535,518.94,3.09,1,ramo
rana,506,510.28,2.46,1,rana
rancho,565,521.04,4.58,1,rancho
rango,587,510.55,5.86,1,rango
ranura,602,519.14,4.32,1,ranura
rapaz,585,507.62,4.32,1,rapaz
rápido,494,507.19,3.16,3,rapido
rapto,549,525.3,4.68,1,rapto
rastrear,595,566.75,4.68,1,rastrear
rastro,523,510.8,3.97,1,rastro
rato,518,517.12,3.48,1,rato
ratón,494,510.1,1.69,1,raton
rayo,500,522.56,2.54,1,rayo
raza,521,511.88,4.15,1,raza
razón,479,503.13,3.46,1,razon
razonar,551,555.4,4.68,1,razonar
realidad,519,548.31,3.54,1,realidad
rebaño,555,522.96,3.27,1,rebano
recado,582,523.36,3.36,1,recado
receta,545,524.4,3.85,1,receta
rechazar,495,533.85,4.12,2,rechazar
recipiente,601,566.58,4.04,1,recipiente
recodo,668,544.44,5.6,1,recodo
recoger,530,505.29,2.4,1,recoger
recomendar,558,546.63,4.52,2,recomendar
reconocer,560,545.12,3.92,1,reconocer
récord,525,520.42,4.0,1,record
recordar,534,527.44,3.32,1,recordar
recrear,544,557.56,5.36,1,recrear
recta,537,518.34,2.88,1,recta
recto,541,543.72,3.16,1,recto
rector,561,521.12,6.08,1,rector
recuerdo,551,519.08,3.56,1,recuerdo
recuperar,535,548.96,4.28,1,recuperar
recurrir,567,519.84,5.2,1,recurrir
red,520,516.42,3.54,1,red
redactar,553,538.3,4.84,1,redactar
referencia,613,562.38,5.24,1,referencia
reflexión,555,563.74,5.06,1,reflexion
refrán,570,526.0,4.48,1,refran
regazo,543,527.65,4.44,1,regazo
región,522,519.22,4.92,1,region
regla,489,518.75,2.96,1,regla
reglamento,589,578.23,4.88,1,reglamento
regresión,566,554.98,6.33,1,regresion
rehacer,569,567.8,4.92,1,rehacer
reina,506,521.79,2.18,1,reina
reino,541,520.02,2.92,1,reino
reír,522,505.43,1.8,1,reir
reja,570,504.68,3.56,1,reja
relación,529,527.06,4.88,1,relacion
relacionar,565,565.08,3.84,1,relacionar
relámpago,562,556.94,3.08,1,relampago
relato,531,535.37,4.12,1,relato
relieve,554,539.38,4.48,1,relieve
religión,515,528.75,3.16,1,religion
reliquia,606,552.12,4.96,1,reliquia
reloj,525,485.4,2.18,1,reloj
remolino,567,552.7,3.69,1,remolino
rencor,587,512.0,4.78,1,rencor
rendir,548,496.92,4.2,1,rendir
renegar,616,556.37,5.4,2,renegar
renta,569,533.89,5.96,1,renta
renunciar,533,516.19,4.36,1,renunciar
reojo,597,547.73,4.2,1,reojo
repertorio,627,546.13,5.06,1,repertorio
repetir,506,507.89,2.92,1,repetir
repisa,611,522.58,5.16,1,repisa
reportaje,510,530.72,4.96,1,reportaje
reptil,526,508.24,3.68,1,reptil
república,549,534.96,5.79,1,republica
repulsión,569,549.3,5.71,1,repulsion
reputación,602,558.63,5.63,1,reputacion
res,622,508.35,6.32,1,res
rescatar,551,542.6,4.48,1,rescatar
resistir,535,530.09,4.56,1,resistir
resolver,529,518.31,3.8,1,resolver
resonancia,619,568.57,6.21,1,resonancia
respaldo,568,555.06,5.12,1,respaldo
respetar,556,550.37,3.36,1,respetar
respirar,528,529.14,2.64,1,respirar
responder,522,526.85,3.2,1,responder
respuesta,508,511.22,3.04,1,respuesta
resucitar,602,524.24,4.16,1,resucitar
resuello,548,568.46,6.7,1,resuello
resultar,523,535.48,4.8,2,resultar
retina,563,524.94,5.38,1,retina
reto,531,489.41,4.66,1,reto
reverencia,616,586.13,4.46,1,reverencia
reverendo,638,562.1,5.44,1,reverendo
revés,538,512.88,4.31,1,reves
revisar,528,517.19,4.36,1,revisar
revólver,546,566.8,5.44,1,revolver
rey,482,506.39,2.5,1,rey
rezar,533,517.33,3.28,1,rezar
ría,561,521.47,4.0,1,ria
ribera,606,573.16,5.52,1,ribera
rictus,539,557.73,6.83,1,rictus
ridículo,570,567.47,4.04,1,ridiculo
rienda,614,527.58,5.8,1,rienda
riesgo,533,507.3,4.28,1,riesgo
rigor,538,529.17,5.49,1,rigor
rincón,535,521.65,3.08,1,rincon
riñón,589,516.71,4.88,1,rinon
río,492,523.77,2.16,1,rio
risa,501,517.5,2.36,1,risa
ritmo,550,519.08,4.16,1,ritmo
rito,549,507.81,5.48,1,rito
ritual,555,505.6,5.0,1,ritual
rival,536,507.84,3.76,1,rival
robar,481,500.65,3.56,1,robar
roble,546,526.3,3.28,1,roble
robot,511,502.35,2.86,1,robot
roca,493,503.35,2.4,1,roca
rocío,517,493.83,4.12,1,rocio
rodar,507,510.38,3.16,1,rodar
rojo,488,495.75,2.08,3,rojo
rollo,514,498.56,3.8,1,rollo
romántico,529,544.8,4.12,3,romantico
romper,529,510.89,2.25,2,romper
ron,574,495.42,5.84,1,ron
ronquido,607,577.63,3.92,1,ronquido
ropa,470,521.11,2.08,1,ropa
rosal,534,516.85,3.54,1,rosal
rosario,525,533.79,4.39,1,rosario
rostro,507,518.57,3.52,1,rostro
rótulo,565,525.65,5.0,1,rotulo
rubio,488,514.66,2.24,3,rubio
rueda,508,505.6,2.12,1,rueda
ruego,553,526.47,5.8,1,ruego
rugido,561,529.55,3.08,1,rugido
ruido,496,516.39,2.36,1,ruido
ruina,535,506.45,4.36,1,ruina
rumbo,511,507.66,4.68,3,rumbo
rumor,504,499.55,4.27,1,rumor
ruta,470,514.13,4.6,1,ruta
rutina,531,510.46,4.88,1,rutina
sábado,486,492.5,2.42,1,sabado
sábana,495,485.06,2.32,1,sabana
saber,485,474.69,2.76,2,saber
sabiduría,566,515.28,4.92,1,sabiduria
sabio,491,471.92,4.16,3,sabio
sable,605,481.79,4.48,1,sable
sabor,490,466.92,2.92,1,sabor
sacar,522,468.88,2.36,2,sacar
sacerdote,541,518.83,3.76,1,sacerdote
saciedad,549,527.08,5.52,1,saciedad
saco,500,459.6,2.54,1,saco
sacramento,568,511.85,4.44,1,sacramento
sacrificar,554,540.45,5.0,1,sacrificar
sacrificio,563,519.98,5.92,1,sacrificio
sacristán,581,550.77,5.32,1,sacristan
sacristía,605,559.43,5.15,1,sacristia
sal,491,493.49,2.4,1,sal
sala,505,461.89,3.24,1,sala
saldo,509,469.65,5.36,1,saldo
salir,496,474.44,2.52,2,salir
saliva,558,492.1,2.68,1,saliva
salsa,496,477.69,2.73,1,salsa
saltar,490,476.0,2.16,1,saltar
salud,479,460.93,3.56,1,salud
salvar,498,465.72,2.96,2,salvar
sanatorio,575,525.44,4.84,1,sanatorio
sangre,481,486.15,2.21,1,sangre
sanitario,559,499.9,4.8,3,sanitario
santo,488,483.43,3.72,3,santo
santuario,575,520.37,5.08,1,santuario
sapo,512,492.0,2.54,1,sapo
sarcasmo,606,536.21,5.94,1,sarcasmo
sargento,588,529.63,4.52,1,sargento
sarmiento,617,551.67,6.57,1,sarmiento
sartén,530,492.08,2.58,1,sarten
sastre,562,498.9,4.92,1,sastre
satélite,558,523.57,4.64,1,satelite
sátira,599,497.31,6.84,1,satira
satisfacer,571,518.73,4.64,1,satisfacer
sauna,573,479.65,5.4,1,sauna
sazón,571,520.14,6.23,1,sazon
secar,536,468.26,2.32,2,secar
secretario,562,526.35,4.24,3,secretario
secreto,517,480.06,3.06,3,secreto
sector,500,491.72,4.43,1,sector
secuencia,563,548.1,5.18,1,secuencia
sed,537,461.76,1.96,1,sed
seda,543,459.65,3.92,1,seda
sede,609,477.15,5.39,1,sede
sedimento,626,551.75,6.24,1,sedimento
segmento,604,524.57,5.92,1,segmento
seguir,473,492.52,3.24,2,seguir
segundo,484,508.42,2.96,3,segundo
seguridad,528,489.92,3.77,1,seguridad
seguro,523,470.19,3.48,3,seguro
selección,515,510.77,5.16,1,seleccion
selva,507,476.54,2.88,1,selva
semana,524,476.15,2.35,1,semana
semblante,624,540.75,5.84,1,semblante
sembrar,566,507.04,4.16,1,sembrar
semejante,558,523.02,4.68,1,semejante
semilla,539,498.12,3.04,1,semilla
seminario,535,512.11,5.6,1,seminario
senda,573,499.38,4.44,1,senda
seno,557,479.06,4.58,1,seno
sensación,517,511.92,4.88,1,sensacion
sentar,541,481.23,1.88,2,sentar
sentencia,621,534.26,5.32,1,sentencia
sentir,514,457.29,3.04,2,sentir
seña,540,480.94,4.92,1,sena
señal,485,474.06,3.4,1,senal
señor,518,474.23,2.64,1,senor
separar,487,512.4,3.6,2,separar
septiembre,538,528.37,2.35,1,septiembre
sepulcro,599,520.16,5.15,1,sepulcro
sequía,564,491.69,4.81,1,sequia
sereno,545,485.0,4.96,3,sereno
serie,495,478.2,3.17,1,serie
sermón,616,479.93,4.84,1,sermon
serpiente,548,522.26,2.04,1,serpiente
servidora,607,523.72,5.44,1,servidora
servilleta,557,513.36,2.2,1,servilleta
servir,477,469.92,3.6,1,servir
seudónimo,633,549.02,6.11,1,seudonimo
sexo,478,500.81,5.6,1,sexo
sien,635,485.23,5.2,1,sien
sierra,491,477.24,3.49,1,sierra
siesta,535,502.67,2.4,1,siesta
sigilo,578,502.48,5.69,1,sigilo
siglo,495,471.14,3.86,1,siglo
significar,540,529.22,4.12,2,significar
signo,492,496.41,3.56,1,signo
silencio,495,511.6,2.12,1,silencio
silla,478,480.23,1.31,1,silla
silueta,557,499.73,3.76,1,silueta
simetría,573,524.69,5.44,1,simetria
similitud,602,519.13,5.44,1,similitud
simpatía,502,511.2,4.0,1,simpatia
simulacro,682,540.79,4.65,1,simulacro
sinceridad,583,515.0,4.17,1,sinceridad
sindicato,628,544.84,5.76,1,sindicato
síndrome,563,523.85,5.6,1,sindrome
sinfonía,566,514.5,4.64,1,sinfonia
singular,539,492.6,3.72,1,singular
siniestro,572,541.28,5.32,3,siniestro
sinónimo,567,526.69,4.36,1,sinonimo
sintaxis,568,544.13,5.09,1,sintaxis
síntesis,560,525.23,5.34,1,sintesis
sintetizar,656,517.47,5.64,1,sintetizar
sirena,512,474.19,2.46,1,sirena
situar,531,476.94,4.04,1,situar
soberano,552,498.96,5.36,1,soberano
soberbia,594,526.71,5.64,1,soberbia
socialismo,657,576.5,6.06,1,socialismo
sociedad,499,521.14,5.28,1,sociedad
socio,505,463.17,5.44,1,socio
soda,526,451.32,5.12,1,soda
sofá,498,457.92,2.41,1,sofa
soga,574,447.89,5.23,1,soga
sol,485,440.55,1.6,1,sol
solapa,571,471.46,5.04,1,solapa
soledad,534,497.55,4.84,1,soledad
solicitud,518,486.9,5.23,1,solicitud
sólido,500,462.39,4.16,3,solido
solitario,518,496.11,3.76,1,solitario
soltar,505,460.91,2.08,1,soltar
solución,539,487.85,4.12,1,solucion
solucionar,536,514.92,4.24,1,solucionar
soneto,579,473.78,5.62,1,soneto
sonido,485,457.63,2.36,1,sonido
soñar,474,459.56,2.56,1,sonar
sopa,476,454.0,2.16,1,sopa
sopor,593,472.65,5.77,1,sopor
soportar,566,485.74,3.8,1,soportar
sordo,503,456.26,3.12,1,sordo
sortear,564,516.6,4.76,2,sortear
sospechar,539,522.11,4.44,2,sospechar
sostener,549,502.31,4.44,1,sostener
sotana,603,487.18,4.88,1,sotana
sótano,575,453.12,4.08,1,sotano
subir,496,475.83,2.12,2,subir
suburbio,666,539.52,6.12,1,suburbio
suceder,542,521.96,4.32,2,suceder
suceso,546,492.79,4.44,1,suceso
suciedad,555,498.4,3.36,1,suciedad
sucursal,668,550.67,5.8,1,sucursal
sudar,532,466.16,3.04,1,sudar
sudor,510,445.7,3.52,1,sudor
suegra,533,482.06,4.56,1,suegra
sueldo,515,482.06,4.92,1,sueldo
suelo,501,465.62,2.17,1,suelo
sueño,477,457.52,2.4,1,sueno
suero,574,453.35,4.68,1,suero
suerte,486,453.27,3.11,1,suerte
sugerencia,561,511.31,4.84,1,sugerencia
sugerir,534,504.87,5.04,1,sugerir
suicidio,520,516.55,4.84,1,suicidio
sujetar,523,495.33,3.2,1,sujetar
sultán,560,492.77,5.28,1,sultan
suma,522,459.74,2.64,1,suma
sumar,485,450.15,2.8,2,sumar
superficie,523,530.62,5.08,1,superficie
superior,511,498.53,4.32,1,superior
suplemento,544,512.0,5.3,1,suplemento
suplicio,559,518.7,5.71,1,suplicio
suplir,538,463.98,5.72,1,suplir
suponer,547,508.17,4.56,2,suponer
supremo,521,508.67,5.2,3,supremo
suprimir,545,489.7,5.2,1,suprimir
sur,532,452.15,3.36,1,sur
surco,579,466.92,4.92,1,surco
suscitar,618,509.0,5.96,1,suscitar
suspender,518,498.17,3.68,1,suspender
suspenso,518,505.96,3.56,1,suspenso
sustancia,517,517.71,4.96,1,sustancia
sustantivo,573,511.78,3.89,0,sustantivo
sustento,583,527.65,5.12,1,sustento
sustituir,550,503.57,4.28,1,sustituir
susto,540,454.78,2.4,1,susto
sustrato,613,529.38,5.83,1,sustrato
susurro,583,517.12,3.16,1,susurro
tabaco,516,492.43,4.0,1,tabaco
tabique,596,525.75,4.48,1,tabique
tabla,519,488.49,2.7,1,tabla
tablero,542,523.35,3.52,1,tablero
tabú,506,499.75,5.73,1,tabu
taburete,621,533.74,3.09,1,taburete
tachar,608,535.96,3.0,2,tachar
taco,557,508.94,4.31,1,taco
tacto,554,509.83,4.2,1,tacto
talante,602,543.28,6.06,1,talante
taller,515,518.79,3.56,1,taller
tambor,558,502.96,2.5,1,tambor
tango,523,524.63,4.52,1,tango
tanque,575,518.57,3.57,1,tanque
tapa,509,503.25,3.24,1,tapa
tapete,589,514.29,3.94,1,tapete
tapia,550,522.15,5.28,1,tapia
tapiz,555,513.57,6.16,1,tapiz
tapón,505,509.1,2.64,1,tapon
tardar,558,495.94,3.12,1,tardar
tarde,501,499.6,2.84,1,tarde
tarea,519,502.88,3.58,1,tarea
tarima,610,538.94,5.2,1,tarima
tarta,496,499.37,1.54,1,tarta
taxi,533,490.35,3.32,1,taxi
taza,517,507.92,2.0,1,taza
teatro,513,499.63,3.72,1,teatro
techo,511,514.57,2.88,1,techo
tecla,512,517.27,4.0,1,tecla
técnico,527,542.87,5.12,1,tecnico
tecnología,550,552.21,5.36,1,tecnologia
tedio,552,519.85,6.69,1,tedio
tejer,552,495.38,4.0,1,tejer
tela,523,504.66,3.42,1,tela
tele,505,496.96,2.24,1,tele
tema,508,495.4,3.88,1,tema
temer,554,495.27,3.92,2,temer
temerario,643,581.9,5.52,1,temerario
temor,499,499.69,4.32,1,temor
tempestad,572,547.29,4.48,1,tempestad
templo,539,502.67,4.32,1,templo
temporada,557,521.19,4.09,1,temporada
temporal,518,506.65,4.84,1,temporal
tender,548,505.02,3.64,1,tender
tenedor,575,534.4,2.02,1,tenedor
tener,500,497.19,2.24,2,tener
tenis,511,509.16,3.12,1,tenis
tenor,593,501.69,5.42,1,tenor
tensión,549,499.59,4.69,1,tension
tentativa,618,557.25,5.88,1,tentativa
teología,583,558.42,6.21,1,teologia
teorema,654,617.4,5.6,1,teorema
teoría,500,517.94,4.8,1,teoria
terminal,552,520.35,4.92,1,terminal
terminar,551,526.3,3.16,2,terminar
término,541,514.13,4.71,1,termino
ternura,533,511.17,3.96,1,ternura
terreno,496,525.22,3.92,1,terreno
territorio,532,528.49,4.24,1,territorio
terror,497,497.68,3.92,1,terror
terrorismo,556,570.83,5.72,1,terrorismo
tertulia,612,558.31,5.0,1,tertulia
tesis,541,526.48,5.66,1,tesis
tesitura,677,573.25,6.24,1,tesitura
tesón,524,536.73,6.14,1,teson
tesoro,551,515.87,2.39,1,tesoro
test,526,509.15,4.5,1,test
testamento,617,570.38,5.52,1,testamento
testimonio,591,532.6,5.27,1,testimonio
textura,560,533.36,4.28,1,textura
tez,622,516.23,5.08,1,tez
tic,566,512.06,4.84,1,tic
tiempo,475,503.51,2.66,1,tiempo
tienda,487,513.12,2.62,1,tienda
tierra,476,512.75,2.56,1,tierra
tigre,490,504.29,2.27,1,tigre
timbre,513,515.54,2.76,1,timbre
timo,568,517.72,5.28,1,timo
timón,562,510.96,4.59,1,timon
tinglado,549,608.97,5.58,1,tinglado
tiniebla,588,567.13,3.68,1,tiniebla
tinta,541,525.34,6.06,1,tinta
tinto,544,500.62,4.68,3,tinto
tío,516,514.08,2.16,1,tio
tipo,527,495.96,3.43,1,tipo
tiranía,593,560.04,6.44,1,tirania
tirano,584,521.38,5.36,1,tirano
tirar,525,500.63,2.16,2,tirar
titular,569,530.35,5.0,1,titular
título,561,506.0,3.44,1,titulo
toalla,528,504.84,6.7,1,toalla
tocar,502,485.15,1.92,2,tocar
toldo,564,521.04,3.97,1,toldo
tomate,489,494.86,1.85,1,tomate
tomo,534,497.0,4.72,1,tomo
tono,543,485.98,4.16,1,tono
tope,530,483.18,4.8,1,tope
tópico,563,493.6,5.4,1,topico
tórax,644,534.17,5.36,1,torax
torbellino,587,554.27,4.44,1,torbellino
tormenta,545,537.68,2.6,1,tormenta
tormento,549,518.26,6.24,1,tormento
torno,543,497.82,4.36,1,torno
toro,518,486.93,5.52,1,toro
torre,510,487.83,2.96,1,torre
torrente,512,505.08,5.16,1,torrente
torso,535,502.47,4.8,1,torso
torta,565,505.12,2.8,1,torta
tortuga,518,505.88,1.83,1,tortuga
tos,544,472.76,2.48,1,tos
total,486,470.93,3.27,1,total
trabajar,503,490.65,2.64,2,trabajar
tradición,558,542.8,4.26,1,tradicion
traducir,533,519.31,4.32,1,traducir
traer,556,496.56,2.92,2,traer
tragedia,580,534.69,5.36,1,tragedia
traición,551,523.37,4.89,1,traicion
traidor,546,525.7,4.32,1,traidor
traje,518,492.54,3.96,1,traje
trámite,621,554.37,5.66,1,tramite
trampa,552,508.8,3.84,1,trampa
trance,595,512.37,5.76,1,trance
transición,618,563.44,6.21,1,transicion
transistor,624,563.9,5.68,1,transistor
transmitir,556,554.1,4.8,1,transmitir
tranvía,600,527.25,4.2,1,tranvia
trapo,529,518.68,2.92,1,trapo
trasfondo,644,560.8,6.11,1,trasfondo
tratado,607,550.11,5.23,1,tratado
tratar,507,523.19,3.96,2,tratar
trauma,563,520.07,5.16,1,trauma
trayecto,535,530.38,5.24,1,trayecto
trazar,511,497.4,4.32,2,trazar
trecho,562,510.77,5.37,1,trecho
tregua,600,516.35,5.79,1,tregua
tren,496,490.5,2.46,1,tren
trenza,564,498.26,2.57,1,trenza
trepar,535,506.17,3.84,1,trepar
tribu,571,521.24,4.44,1,tribu
tribuna,545,544.6,5.69,1,tribuna
tribunal,532,539.42,4.72,1,tribunal
trigo,505,512.21,3.3,1,trigo
tripa,533,502.82,2.46,1,tripa
triunfar,555,530.72,4.52,1,triunfar
trofeo,567,515.04,3.56,1,trofeo
trompeta,562,538.22,3.27,1,trompeta
tronco,500,495.09,2.46,1,tronco
trono,524,481.29,3.76,1,trono
tropa,523,511.88,4.92,1,tropa
tropezar,520,533.06,2.64,1,tropezar
trozo,551,487.67,3.16,1,trozo
truco,547,505.87,3.44,1,truco
tubo,521,486.29,2.68,1,tubo
tuerto,604,503.02,4.36,1,tuerto
tufo,569,510.02,4.64,1,tufo
tumor,499,512.64,5.91,1,tumor
tumulto,642,563.54,6.32,1,tumulto
túnel,503,511.04,2.59,1,tunel
túnica,529,516.25,4.56,1,tunica
turba,623,505.33,5.64,1,turba
turismo,535,510.81,4.64,1,turismo
turno,533,493.45,3.96,1,turno
umbral,537,508.26,6.19,1,umbral
unidad,513,497.92,3.88,1,unidad
unión,568,502.35,4.0,1,union
unir,526,493.02,3.44,2,unir
universo,526,529.26,3.88,1,universo
uña,524,497.66,2.38,1,una
uranio,623,522.58,6.0,1,uranio
urbanidad,604,570.41,5.36,1,urbanidad
urbanismo,603,565.83,5.2,1,urbanismo
urbano,521,517.25,4.2,3,urbano
urraca,598,527.85,3.76,1,urraca
usar,497,486.67,2.48,1,usar
uso,514,475.29,2.71,1,uso
útil,519,479.69,3.84,1,util
utilizar,552,518.3,3.24,2,utilizar
utopía,620,536.44,6.51,1,utopia
vaca,477,490.79,1.35,1,vaca
vaciar,530,507.73,3.28,2,vaciar
vacilar,553,518.34,4.92,2,vacilar
vacío,494,486.71,3.04,1,vacio
vagabundo,580,539.43,4.22,1,vagabundo
vagón,556,500.8,3.26,1,vagon
vaho,580,526.61,4.27,1,vaho
vaina,619,525.68,5.48,1,vaina
vale,505,504.43,2.2,1,vale
valer,563,484.11,3.44,2,valer
valla,552,501.92,3.38,1,valla
valle,511,480.96,3.65,1,valle
valor,491,489.17,3.67,1,valor
valorar,539,509.21,4.48,1,valorar
vals,727,513.83,4.84,1,vals
vampiro,556,543.06,3.23,1,vampiro
vapor,542,501.74,3.73,1,vapor
vaquero,534,515.23,3.23,3,vaquero
vara,567,516.5,4.64,1,vara
variar,543,503.81,4.36,1,variar
varón,533,497.3,3.72,1,varon
vasija,597,534.19,4.12,1,vasija
vaso,566,482.23,1.43,1,vaso
vehículo,518,532.91,3.2,1,vehiculo
velo,553,496.21,3.77,1,velo
velocidad,506,524.98,4.38,1,velocidad
vena,529,500.65,4.32,1,vena
vencedor,543,555.63,3.84,1,vencedor
vencer,520,516.37,3.44,2,vencer
vender,508,495.2,3.08,1,vender
veneno,546,506.49,3.72,1,veneno
venganza,531,533.81,4.34,1,venganza
venir,500,494.5,2.4,2,venir
venta,501,484.02,3.8,1,venta
ventana,519,510.38,1.82,1,ventana
ventilador,556,517.54,3.96,1,ventilador
ver,520,503.13,1.92,2,ver
vera,547,506.36,5.8,1,vera
verano,509,493.74,2.52,1,verano
verbena,580,546.15,4.23,1,verbena
verbo,529,513.24,3.48,0,verbo
verdad,523,489.12,2.6,1,verdad
verdugo,568,511.36,5.26,1,verdugo
vergüenza,538,522.91,2.77,1,verguenza
verificar,574,539.06,5.44,1,verificar
verja,599,489.31,3.71,1,verja
versión,524,493.21,4.74,1,version
verso,517,495.96,5.04,3,verso
vertical,528,508.82,4.24,1,vertical
vértice,532,524.18,5.64,1,vertice
vértigo,544,516.71,4.81,1,vertigo
vestíbulo,559,527.84,4.73,1,vestibulo
vestir,496,475.25,1.8,2,vestir
vez,517,479.65,2.37,1,vez
vía,518,506.08,3.6,1,via
viajar,483,501.3,3.04,1,viajar
viaje,466,485.59,2.85,1,viaje
vicio,505,504.02,5.16,1,vicio
víctima,497,525.04,4.65,1,victima
victoria,510,539.19,3.48,1,victoria
vida,503,491.59,2.84,1,vida
vídeo,502,510.06,3.0,1,video
vidriera,613,564.98,4.85,1,vidriera
vidrio,569,521.0,4.12,1,vidrio
viejo,468,480.0,2.56,3,viejo
viento,508,487.06,2.4,1,viento
vientre,549,512.73,3.42,1,vientre
viernes,513,526.41,2.56,1,viernes
viga,573,495.7,5.0,1,viga
vigilancia,604,541.44,4.08,1,vigilancia
vigilia,538,529.76,5.48,1,vigilia
vigor,546,497.38,6.09,1,vigor
vil,583,504.4,5.92,1,vil
villa,559,508.6,4.27,1,villa
vínculo,525,526.06,5.15,1,vinculo
vino,532,487.63,4.16,1,vino
violencia,525,512.6,3.96,1,violencia
virgen,497,502.38,3.64,1,virgen
virtud,517,495.04,4.58,1,virtud
viruela,610,541.62,5.52,1,viruela
visitar,510,496.4,3.0,1,visitar
víspera,563,543.51,5.27,1,vispera
vitrina,662,544.47,5.2,1,vitrina
viuda,527,509.81,4.52,1,viuda
vivienda,532,510.21,4.56,1,vivienda
vivir,451,483.32,2.2,2,vivir
vocablo,588,550.06,5.23,1,vocablo
vocación,627,554.42,4.94,1,vocacion
volumen,487,521.31,3.96,1,volumen
voluntad,492,517.42,4.68,1,voluntad
voluntario,506,537.9,4.32,3,voluntario
volver,490,502.23,2.48,2,volver
vomitar,543,537.2,2.6,1,vomitar
vorágine,704,575.02,6.52,1,voragine
votar,513,488.79,3.72,1,votar
voto,544,500.12,5.32,1,voto
voz,481,475.32,2.16,1,voz
yanqui,557,531.04,5.52,1,yanqui
yate,639,526.17,4.62,1,yate
yegua,572,518.18,3.28,1,yegua
yema,544,523.91,3.72,1,yema
yerba,581,520.8,3.73,1,yerba
yerma,618,510.75,6.12,1,yerma
yeso,544,513.91,4.92,1,yeso
zaguán,598,546.89,6.27,1,zaguan
zanahoria,570,562.1,2.54,1,zanahoria
zapato,498,490.19,1.72,1,zapato
zombi,618,507.3,3.72,1,zombi
zorro,508,507.92,2.81,3,zorro
zumo,486,478.85,2.54,1,zumo
