palabra,valencia_m,valencia_sd,activacion_m,activacion_sd,concrecion_m,concrecion_sd,alegria_m,alegria_sd,ira_m,ira_sd,tristeza_m,tristeza_sd,miedo_m,miedo_sd,asco_m,asco_sd,word,categoria_palabra,palabra_noaccents
abandono,1.47,0.82,6.47,1.91,4.83,1.76,1.03,0.18,3.3,1.42,4.43,0.94,3.33,1.4,2.63,1.38,abandonment,1,abandono
abatir,3.03,1.52,5.4,2.34,3.68,1.54,1.24,0.69,2.66,1.23,3.17,1.28,2.86,1.22,1.31,0.66,to knock down,1,abatir
abierto,5.6,1.52,4.83,2.23,4.47,1.75,2.8,1.27,1.27,0.83,1.1,0.31,1.57,1.17,1.03,0.18,open,3,abierto
abismo,2.77,1.14,6.27,1.86,4.47,1.86,1.3,0.84,1.53,1.01,2.47,1.43,4.13,0.97,1.13,0.43,abyss,1,abismo
abrazar,8.67,0.55,5.83,2.44,6.08,1.11,4.73,0.45,1.0,0.0,2.0,1.46,1.63,0.93,1.0,0.0,to hug,1,abrazar
abrazo,8.14,1.48,5.83,2.84,5.86,1.58,4.8,0.41,1.1,0.31,2.23,1.41,1.77,1.14,1.13,0.43,hug,1,abrazo
abroncar,2.43,1.21,7.05,1.72,4.71,1.46,1.05,0.22,3.71,0.96,2.71,1.1,2.95,1.12,1.67,0.97,to get angry,2,abroncar
abuso,1.47,0.97,6.4,2.14,4.35,1.61,1.17,0.75,4.37,1.0,4.2,0.85,4.07,0.91,4.03,1.22,abuse,1,abuso
acariciar,8.2,0.85,6.13,2.74,5.78,1.13,4.47,0.82,1.1,0.31,1.43,0.57,1.27,0.64,1.13,0.35,to caress,1,acariciar
acatar,3.97,1.7,5.03,2.01,4.18,1.77,1.41,0.82,1.97,1.24,2.14,1.19,2.28,1.22,1.59,0.98,to comply with,1,acatar
aceptación,7.77,1.1,5.37,1.81,3.63,1.45,3.77,1.07,1.23,0.68,1.33,0.71,1.37,0.76,1.2,0.61,acceptance,1,aceptacion
acera,4.43,1.36,3.53,1.63,5.65,2.05,1.37,0.72,1.17,0.53,1.17,0.46,1.33,0.84,1.33,0.71,sidewalk,1,acera
aclamar,6.13,1.59,6.4,1.65,4.38,1.32,3.58,1.06,1.58,1.18,1.35,0.88,1.55,1.15,1.32,0.91,to acclaim,2,aclamar
acné,2.07,1.26,4.87,2.35,6.12,1.25,1.17,0.59,2.47,1.41,2.23,1.22,1.8,1.13,3.5,1.17,acne,1,acne
acogedora,7.93,1.17,3.83,2.21,4.43,1.56,4.33,0.8,1.13,0.5,1.26,0.68,1.23,0.56,1.16,0.52,cozy,1,acogedora
acosar,1.73,1.68,6.97,1.79,4.88,1.1,1.13,0.43,4.03,1.0,3.2,1.42,4.07,0.98,3.57,1.61,harass,1,acosar
actuar,6.0,1.51,6.35,1.82,3.96,1.41,3.0,1.39,1.6,1.13,1.43,0.97,2.0,1.2,1.37,0.89,to act,2,actuar
acuarela,5.93,1.95,4.2,2.27,5.6,1.64,2.93,1.41,1.17,0.53,1.9,1.32,1.17,0.53,1.2,0.55,watercolor,1,acuarela
acuático,5.97,1.5,5.5,1.63,3.7,1.53,3.1,1.21,1.07,0.25,1.1,0.31,1.83,1.02,1.27,0.69,aquatic,3,acuatico
acuchillar,1.87,1.89,7.23,2.22,5.65,1.64,1.13,0.57,3.9,1.52,3.43,1.45,4.0,1.34,3.4,1.5,to stab,1,acuchillar
acusar,3.0,2.02,6.8,1.79,4.83,1.24,1.19,0.75,3.52,1.18,3.13,1.23,3.13,1.26,2.55,1.36,to accuse,1,acusar
admirar,7.4,1.54,6.27,1.68,4.92,1.52,3.93,0.84,1.2,0.55,1.23,0.5,1.4,0.89,1.17,0.46,to admire,2,admirar
adulterado,2.62,1.42,5.41,2.27,4.34,1.49,1.11,0.42,2.75,1.32,2.0,1.28,2.68,1.44,2.89,1.1,adulterated,2,adulterado
adulterio,2.27,2.02,6.43,1.85,5.93,1.36,1.23,0.77,3.47,1.33,3.4,1.35,2.6,1.45,2.97,1.56,adultery,1,adulterio
advertir,4.2,1.56,5.87,1.98,4.1,1.45,1.7,0.79,2.03,1.25,1.83,0.99,2.77,1.1,1.47,0.73,to advise,1,advertir
afamado,5.42,1.5,5.42,1.54,4.75,1.85,2.5,1.15,1.4,0.75,1.55,0.76,1.55,0.89,1.65,1.14,famous,1,afamado
afectuoso,7.23,1.89,5.07,1.66,4.25,1.19,3.83,1.32,1.07,0.37,1.33,0.76,1.27,0.64,1.13,0.43,affectionate,3,afectuoso
afición,7.1,1.37,6.63,1.63,4.35,1.73,4.07,0.96,1.21,0.41,1.17,0.47,1.31,0.76,1.14,0.44,hobby,1,aficion
agencia,4.83,1.58,4.28,1.94,4.08,1.67,1.55,0.95,1.34,0.77,1.28,0.59,1.28,0.53,1.31,0.66,agency,1,agencia
aglomeración,3.37,1.97,7.37,1.83,5.03,1.57,1.77,1.01,2.47,1.38,1.43,0.73,2.47,1.28,2.1,1.18,conglomerate,1,aglomeracion
agonizar,1.2,0.48,6.93,2.03,5.05,1.62,1.0,0.0,3.03,1.38,4.1,1.18,4.17,0.97,1.72,1.1,to be dying,1,agonizar
agradar,8.07,0.94,5.53,2.16,4.7,1.32,4.43,0.77,1.07,0.25,1.13,0.43,1.3,0.65,1.1,0.31,to please,1,agradar
agredir,1.8,1.27,7.47,1.7,5.05,1.62,1.0,0.0,3.97,1.0,3.37,1.43,3.53,1.25,3.2,1.47,to assault,1,agredir
agua,6.8,2.19,3.67,2.4,5.9,1.73,3.0,1.36,1.17,0.59,1.37,0.85,1.87,1.31,1.27,0.91,water,1,agua
aguijón,2.52,1.66,6.76,1.79,6.59,0.93,1.04,0.19,2.39,1.4,1.64,0.91,3.75,1.43,2.75,1.38,sting,1,aguijon
ahogar,1.6,1.54,7.3,1.91,5.35,1.59,1.0,0.0,3.2,1.58,3.6,1.25,4.37,1.1,1.97,1.38,to choke,1,ahogar
ahorcar,1.55,1.33,7.52,2.2,6.12,1.42,1.03,0.19,3.83,1.26,3.66,1.49,3.97,1.5,3.03,1.64,to hang,1,ahorcar
alabar,6.43,2.37,5.1,1.97,4.15,1.73,3.43,0.97,1.33,0.92,1.3,0.84,1.43,0.86,1.47,0.9,to praise,2,alabar
alarma,3.0,1.49,7.8,1.37,5.3,1.46,1.45,0.87,2.34,1.37,1.86,1.13,3.23,1.45,1.48,1.02,alarm,1,alarma
alarmar,4.0,1.68,7.87,1.43,4.43,1.32,1.37,0.76,1.9,0.99,1.77,1.17,3.77,1.19,1.23,0.57,to alarm,1,alarmar
alegrar,8.6,0.62,7.5,1.48,4.3,1.57,4.73,0.58,1.03,0.18,1.07,0.25,1.43,0.77,1.0,0.0,to cheer up,1,alegrar
alegría,8.6,0.62,7.57,1.45,4.25,1.85,4.77,0.57,1.0,0.0,1.0,0.0,1.23,0.5,1.13,0.43,happiness,1,alegria
alentador,6.97,1.94,6.03,1.78,4.93,1.44,3.73,1.01,1.27,0.83,1.4,0.97,1.73,1.2,1.23,0.77,encouraging,1,alentador
alicatar,4.71,0.98,3.93,1.86,5.58,1.46,1.19,0.48,1.15,0.46,1.15,0.53,1.07,0.38,1.15,0.53,to tile,2,alicatar
alimentar,6.83,1.9,5.4,2.09,4.83,1.63,3.5,1.38,1.33,0.66,1.67,1.09,1.43,0.77,1.37,0.72,to feed,1,alimentar
alterado,3.63,2.03,7.43,1.5,4.5,1.46,1.63,0.96,2.87,1.61,2.4,1.1,2.83,1.32,1.47,0.9,annoyed,1,alterado
alto,5.67,1.37,4.6,1.61,4.35,1.8,2.2,1.1,1.13,0.43,1.2,0.48,1.6,0.86,1.23,0.5,tall,3,alto
aludir,4.69,0.93,4.97,1.59,3.48,1.62,1.59,0.91,1.24,0.58,1.28,0.53,1.38,0.68,1.17,0.38,to allude,1,aludir
amar,8.63,0.81,7.0,2.21,4.4,2.15,4.9,0.31,1.23,0.57,1.9,1.18,2.27,1.17,1.03,0.18,to love,2,amar
amargura,1.9,1.58,4.6,2.61,4.47,2.03,1.0,0.0,2.7,1.44,4.43,0.68,2.57,1.38,2.83,1.6,bitterness,1,amargura
amenazado,1.93,1.72,7.27,2.1,4.53,1.63,1.03,0.18,3.6,1.16,2.97,1.43,4.37,1.0,2.43,1.5,threated,1,amenazado
amenazador,2.03,1.79,7.37,2.03,4.53,1.4,1.0,0.0,3.7,1.18,2.4,1.38,4.27,1.05,2.6,1.45,threatening,1,amenazador
amenazar,1.87,1.48,7.13,1.78,4.83,1.63,1.0,0.0,4.13,0.97,3.07,1.53,4.1,1.03,2.67,1.42,to threaten,2,amenazar
amistad,8.33,1.54,6.17,2.45,4.73,1.75,4.77,0.43,1.03,0.18,1.43,0.86,1.3,0.6,1.03,0.18,friendship,1,amistad
amistoso,7.77,1.41,5.6,1.89,4.9,1.39,4.27,0.74,1.13,0.43,1.07,0.37,1.4,0.93,1.1,0.4,friendly,1,amistoso
amordazar,1.76,1.5,7.31,1.91,5.91,1.43,1.14,0.44,3.86,1.09,3.18,1.47,4.14,1.25,2.72,1.49,to gag,1,amordazar
amplia,5.13,1.52,3.77,1.58,2.88,1.42,2.07,1.28,1.21,0.49,1.17,0.47,1.34,0.67,1.03,0.19,broad,1,amplia
amputación,1.6,1.22,6.37,2.34,6.3,0.9,1.03,0.18,2.63,1.59,3.93,1.31,4.07,1.17,3.23,1.41,amputatation,1,amputacion
ancho,4.47,1.28,3.0,1.64,3.55,1.91,1.4,0.86,1.4,0.86,1.23,0.63,1.33,0.66,1.37,0.89,wide,3,ancho
anclar,5.03,0.85,3.67,1.84,5.05,1.55,1.55,1.09,1.17,0.47,1.48,0.83,1.34,0.72,1.14,0.58,to anchor,1,anclar
animar,8.03,0.84,7.13,1.45,4.89,1.35,4.27,0.94,1.0,0.0,1.4,0.97,1.1,0.4,1.0,0.0,to encourage,2,animar
aniquilar,1.62,1.42,7.76,1.83,5.52,1.52,1.21,0.77,4.21,0.98,3.72,1.49,4.07,1.22,3.28,1.6,to annihilate,1,aniquilar
anorexia,1.4,1.07,5.73,1.98,6.03,1.2,1.03,0.18,2.4,1.28,4.23,0.9,3.43,1.41,2.23,1.33,anorexia,1,anorexia
anotar,5.07,2.03,4.72,2.28,4.73,1.67,1.41,0.68,1.14,0.44,1.34,0.72,1.24,0.51,1.24,0.58,to write down,1,anotar
ansiedad,2.13,1.5,7.07,2.35,4.47,1.55,1.2,0.55,2.87,1.2,3.57,0.9,3.77,1.14,2.03,1.13,anxiety,1,ansiedad
anticuado,3.7,1.58,3.53,1.33,4.13,1.64,1.69,1.04,1.48,1.02,1.93,1.16,1.52,0.99,1.48,0.83,outdated,1,anticuado
antiguo,5.4,1.4,4.0,1.72,4.43,1.49,2.55,1.34,1.29,0.9,2.61,1.23,1.87,1.15,1.68,1.14,antique,3,antiguo
antipático,2.9,2.23,5.3,1.64,5.22,1.14,1.1,0.4,2.7,1.24,2.67,1.27,1.7,1.06,2.1,1.27,unpleasant,1,antipatico
apaciguado,6.14,2.18,3.66,2.97,3.72,1.95,2.64,1.19,1.18,0.48,1.32,0.61,1.29,0.66,1.0,0.0,soothed,2,apaciguado
aparato,4.27,1.46,3.7,1.68,2.75,2.09,1.57,3.8,1.33,0.8,1.27,0.64,1.5,0.97,1.27,0.64,device,1,aparato
apasionado,7.77,1.07,7.73,1.36,4.45,1.66,4.17,0.91,1.4,0.67,1.23,0.57,1.6,0.81,1.1,0.31,passionate,1,apasionado
apendicitis,1.76,1.38,6.28,2.19,6.59,0.52,1.07,0.26,1.59,0.87,2.69,1.34,3.59,1.38,2.24,1.15,appendicitis,1,apendicitis
aperitivo,6.93,1.78,5.37,2.04,5.52,1.37,3.8,1.0,1.07,0.37,1.1,0.31,1.03,0.18,1.27,0.64,appetizer,1,aperitivo
apestoso,1.8,1.52,5.23,1.94,5.09,1.46,1.03,0.18,1.63,0.93,1.47,0.94,1.67,1.06,4.67,0.61,stinky,1,apestoso
apilar,4.77,0.68,3.73,1.82,4.68,1.37,1.14,0.44,1.24,0.83,1.31,0.85,1.14,0.58,1.1,0.41,to pile up,1,apilar
aplastar,2.73,1.23,6.53,1.5,5.55,1.15,1.07,0.26,2.9,1.4,2.66,1.34,3.21,1.37,2.59,1.4,to smash,2,aplastar
aplaudir,7.4,1.22,6.87,1.68,5.63,1.52,4.2,1.03,1.13,0.43,1.13,0.43,1.2,0.55,1.13,0.43,to applaude,1,aplaudir
aplausos,7.47,1.5,7.63,1.1,5.95,1.37,4.07,1.01,1.33,0.96,1.13,0.51,1.3,0.7,1.03,0.18,applause,1,aplausos
apodar,4.63,0.96,4.1,1.69,5.22,1.39,1.83,1.0,1.59,1.18,1.55,1.09,1.28,0.75,1.17,0.47,to nickname,2,apodar
aprobar,8.33,0.76,7.27,1.41,5.6,1.32,4.77,0.43,1.1,0.4,1.07,0.37,1.73,1.05,1.07,0.37,to pass,2,aprobar
araña,2.1,1.3,7.07,2.06,6.05,1.41,1.17,0.59,2.33,1.45,1.5,0.94,3.53,1.36,3.77,1.28,spider,1,arana
armar,3.93,1.89,6.1,1.94,4.1,1.84,1.97,1.45,2.83,1.49,2.53,1.43,2.93,1.39,1.9,1.24,to assemble,1,armar
armonía,7.67,1.6,5.37,2.13,3.57,1.85,4.1,0.98,1.0,0.0,1.24,0.69,1.03,0.19,1.0,0.0,harmony,1,armonia
aroma,7.0,1.64,4.43,2.4,4.02,1.68,3.3,0.99,1.33,0.96,1.7,1.15,1.3,0.88,1.73,0.94,scent,1,aroma
arrasar,4.16,1.95,6.48,1.88,3.74,1.31,2.17,1.29,2.57,1.45,2.1,1.35,2.6,1.33,1.33,0.76,to devastate / to triumph,1,arrasar
arriesgado,5.0,1.23,7.33,1.24,4.02,1.62,2.2,1.3,1.17,0.46,1.37,0.76,3.6,1.13,1.2,0.48,risky,1,arriesgado
arrimar,5.59,1.35,6.0,1.85,4.41,1.78,1.93,1.19,1.31,0.54,1.24,0.58,1.48,0.91,1.52,0.83,to bring closer,1,arrimar
arrollar,2.45,1.15,6.33,1.63,4.3,1.6,1.24,0.51,2.59,1.3,2.41,1.21,3.24,1.06,1.62,0.98,to carry away,1,arrollar
arroz,5.4,1.79,3.93,2.12,6.4,1.39,2.07,1.14,1.0,0.0,1.17,0.46,1.07,0.37,1.23,0.63,rice,1,arroz
arruinar,2.3,2.05,5.7,2.53,4.38,1.52,1.03,0.18,3.2,1.32,4.07,1.2,3.8,1.13,2.07,1.14,to ruin,1,arruinar
artículo,5.7,1.39,4.73,1.87,4.75,1.77,2.1,1.35,1.31,0.85,1.38,0.82,1.45,0.95,1.41,0.95,article,1,articulo
artístico,7.13,1.89,5.33,2.25,3.95,1.84,3.77,0.94,1.33,0.71,1.73,1.26,1.37,0.81,1.03,0.18,artistic,3,artistico
asaltar,2.69,2.05,7.38,1.72,4.98,1.31,1.21,0.68,3.34,1.32,2.62,1.61,4.0,1.2,2.1,1.45,to rob,1,asaltar
asfixiar,1.33,0.96,6.73,2.33,6.03,0.86,1.03,0.18,3.4,1.28,3.37,1.54,4.3,1.09,2.43,1.38,to strangle,1,asfixiar
asombrar,6.17,1.66,6.87,1.55,3.93,1.55,2.93,1.23,1.27,0.83,1.3,0.6,1.8,0.89,1.13,0.43,to astonish,2,asombrar
astuto,6.67,1.58,5.77,1.82,4.65,1.67,2.67,1.35,1.6,0.97,1.27,0.64,1.7,0.99,1.3,0.65,clever,1,astuto
asustar,3.07,1.66,7.3,1.47,5.52,1.0,1.62,1.12,2.9,1.59,2.0,1.16,4.11,1.45,1.41,0.91,to scare,2,asustar
atacar,2.63,2.19,7.07,2.21,4.83,1.76,1.2,0.66,3.93,1.17,2.5,1.38,3.57,1.04,2.2,1.3,to attack,1,atacar
ataque,2.8,1.63,7.23,1.57,3.55,1.73,1.43,0.9,3.13,1.28,2.53,1.36,3.5,1.25,1.87,1.17,attack,1,ataque
atardecer,7.1,1.45,3.5,2.18,5.75,1.36,3.43,1.14,1.03,0.18,1.97,1.16,1.13,0.43,1.0,0.0,to get dark,1,atardecer
atasco,1.83,0.87,6.93,1.91,5.37,1.63,1.07,0.25,4.1,1.06,2.33,1.3,2.2,1.21,2.8,1.19,traffic jam,1,atasco
ataúd,1.97,1.96,4.37,2.75,6.33,0.99,1.03,0.18,2.8,1.56,4.33,1.18,3.73,1.28,1.87,1.25,coffin,1,ataud
atemorizar,2.2,1.45,6.43,2.18,4.9,1.17,1.1,0.4,3.03,1.38,2.9,1.35,4.23,1.01,2.37,1.38,to frighten,1,atemorizar
atender,5.63,1.67,5.2,2.27,4.38,1.21,2.37,0.96,1.23,0.57,1.33,0.61,1.37,0.61,1.33,0.76,to pay attention,1,atender
aterrar,1.83,1.23,7.33,1.6,5.2,1.83,1.1,0.4,2.8,1.24,2.7,1.29,4.57,0.86,2.37,1.25,to terrify,2,aterrar
aterrorizar,1.77,1.19,7.77,1.28,5.03,1.64,1.07,0.26,3.41,1.55,2.93,1.53,4.59,0.95,2.14,1.33,to terrorise,2,aterrorizar
atmosférico,4.57,1.1,2.9,1.71,4.4,1.95,1.5,0.82,1.1,0.4,1.53,1.07,1.57,1.07,1.13,0.43,atmospheric,3,atmosferico
atontado,3.3,1.26,4.43,1.83,4.17,1.67,1.37,0.93,2.13,1.14,2.07,1.01,1.43,0.63,1.5,0.94,scatterbrained,1,atontado
atornillar,4.77,0.68,4.07,1.95,6.2,0.83,1.14,0.44,1.17,0.6,1.1,0.56,1.1,0.31,1.0,0.0,to screw,2,atornillar
atracar,2.53,2.15,7.3,1.8,5.4,1.37,1.07,0.25,3.3,1.29,2.8,1.42,4.0,1.05,2.53,1.59,to mug,1,atracar
atractivo,7.3,1.8,6.38,1.7,3.85,1.78,3.63,1.03,1.13,0.35,1.03,0.18,1.3,0.75,1.07,0.25,attractive,1,atractivo
atravesar,4.8,1.21,5.37,1.73,3.93,1.49,2.14,1.41,1.45,0.83,1.38,0.82,1.97,1.12,1.28,0.65,to go through,1,atravesar
aturdido,2.57,1.14,4.43,2.11,4.45,1.49,1.17,0.46,1.8,1.06,2.03,1.13,2.83,1.37,1.47,0.86,stunned,1,aturdido
ausencia,3.27,1.74,4.43,2.64,3.75,1.89,1.33,0.8,2.17,1.29,4.03,1.1,2.93,1.36,1.63,1.07,absence,1,ausencia
auténtico,7.13,1.41,5.53,1.89,4.1,1.42,3.87,1.14,1.37,0.81,1.3,0.65,1.5,0.9,1.13,0.43,authentic,3,autentico
auxiliar,6.4,1.77,5.53,2.13,3.8,1.73,2.27,1.41,1.3,0.65,1.63,1.0,1.93,1.26,1.2,0.55,to aid,1,auxiliar
aventurero,7.37,1.69,7.57,1.52,4.9,1.17,3.97,1.13,1.17,0.53,1.23,0.57,2.4,1.22,1.13,0.57,adventurous,3,aventurero
aversivo,1.93,1.41,6.93,2.0,5.07,1.51,1.25,0.84,3.18,1.25,2.82,1.31,3.36,1.37,3.71,1.38,aversive,1,aversivo
avispado,6.8,1.45,7.27,1.64,5.13,1.28,2.77,1.17,1.53,1.01,1.27,0.64,1.57,0.82,1.17,0.46,sharp / bright,1,avispado
azulejo,4.73,1.2,3.47,1.91,6.1,1.14,1.4,0.67,1.2,0.76,1.13,0.35,1.0,0.0,1.27,0.69,tile,1,azulejo
átomo,4.57,1.76,3.57,2.24,5.67,1.6,1.5,0.94,1.47,0.9,1.37,0.85,1.63,1.07,1.3,0.75,atom,1,atomo
babosa,2.93,1.53,5.0,1.7,6.05,1.43,1.28,0.59,1.21,0.68,1.28,0.59,1.9,1.14,4.07,1.14,slug,1,babosa
bailar,7.5,1.68,6.83,2.39,5.9,1.06,4.13,0.94,1.17,0.46,1.13,0.35,1.3,0.65,1.07,0.25,to dance,1,bailar
baile,7.5,1.46,6.9,2.2,5.48,1.05,4.2,0.89,1.42,0.89,1.48,1.03,1.65,1.05,1.06,0.25,dance,1,baile
balneario,7.93,1.23,2.47,2.19,6.08,1.36,4.03,1.07,1.07,0.25,1.2,0.55,1.1,0.31,1.17,0.46,spa,1,balneario
barba,5.7,1.47,3.7,2.45,6.25,1.29,1.93,1.14,1.1,0.4,1.1,0.4,1.27,0.58,1.27,0.58,beard,1,barba
bebé,7.6,1.67,6.8,1.99,6.05,1.47,4.55,0.85,1.32,1.01,1.29,0.82,1.87,1.06,1.35,0.91,baby,1,bebe
bello,7.93,1.39,6.37,1.75,3.98,1.67,4.13,0.94,1.3,0.84,1.1,0.4,1.37,0.67,1.07,0.25,beautiful,3,bello
beneficio,7.5,1.72,5.8,1.9,4.53,1.72,4.13,1.11,1.3,0.75,1.07,0.25,1.33,0.76,1.33,0.76,profit,1,beneficio
besar,8.43,0.63,8.07,0.87,5.6,1.51,4.63,0.61,1.07,0.25,1.27,0.64,1.57,0.94,1.37,0.56,to kiss,1,besar
bienestar,7.93,2.03,4.9,2.55,3.68,1.6,4.66,0.55,1.0,0.0,1.0,0.0,1.14,0.44,1.0,0.0,well-being,1,bienestar
bikini,6.2,2.11,5.17,2.55,6.3,1.02,3.27,1.39,1.17,0.59,1.43,0.94,1.23,0.77,1.23,0.68,bikini,1,bikini
binario,4.27,1.7,3.27,2.13,4.7,1.94,1.31,0.6,1.31,0.89,1.38,0.94,1.41,0.95,1.41,0.95,binary,1,binario
bochorno,2.87,1.94,5.13,2.29,4.47,1.49,1.23,0.77,2.63,1.38,2.53,1.48,2.07,1.44,2.4,1.22,embarrassment / sweltering,1,bochorno
bola,4.57,1.3,4.27,1.89,4.7,1.95,1.8,1.06,1.3,0.53,1.23,0.5,1.23,0.5,1.3,0.65,ball,1,bola
bombardear,1.53,1.28,7.83,1.32,5.78,1.14,1.0,0.0,3.7,1.32,4.3,1.06,4.47,1.04,2.47,1.48,to bomb,1,bombardear
bondadoso,7.9,1.69,5.83,1.78,5.05,1.64,4.03,0.85,1.1,0.31,1.07,0.25,1.3,0.79,1.1,0.4,kind,3,bondadoso
bonito,7.97,1.07,4.9,2.32,4.0,1.76,4.33,0.71,1.1,0.4,1.27,0.64,1.03,0.18,1.07,0.25,pretty,3,bonito
borroso,3.37,1.33,4.5,2.24,4.55,1.52,1.27,0.74,1.77,1.07,2.03,1.03,2.3,0.95,1.43,0.73,blurred,3,borroso
bosque,7.63,1.65,5.27,2.53,5.4,1.72,3.8,1.37,1.17,0.59,1.5,0.94,2.23,1.01,1.1,0.31,forest,1,bosque
botón,4.8,0.85,4.1,1.81,6.08,1.49,1.52,0.83,1.31,0.76,1.14,0.44,1.24,0.64,1.17,0.54,button,1,boton
brincar,6.77,1.26,7.35,1.64,5.52,1.16,3.93,1.14,1.53,0.94,1.1,0.4,1.6,1.04,1.23,0.5,to jump,1,brincar
broma,6.4,1.43,7.03,1.3,4.65,1.61,3.87,1.11,1.63,0.93,1.27,0.64,1.7,0.99,1.33,0.76,joke,1,broma
cachorro,8.1,1.6,5.23,2.87,6.2,1.22,4.27,0.69,1.07,0.37,1.37,0.76,1.2,0.48,1.1,0.4,puppy,1,cachorro
caducado,2.7,1.56,4.57,2.21,5.2,1.55,1.1,0.4,1.8,1.13,2.33,1.32,2.23,1.33,3.93,1.31,expired,2,caducado
caer,2.47,1.46,6.5,1.81,4.53,1.71,1.27,0.64,2.23,1.28,2.5,1.25,3.67,1.15,1.37,0.61,to fall,2,caer
calavera,3.17,1.64,4.9,1.77,6.46,0.63,1.13,0.51,1.43,0.77,2.27,1.14,3.33,1.15,2.6,1.33,skull,1,calavera
calentar,5.4,1.45,5.23,1.99,4.32,1.54,2.33,1.37,1.57,0.97,1.23,0.5,1.6,0.93,1.1,0.4,to heat,1,calentar
calma,7.57,1.79,2.43,2.6,4.85,1.43,3.9,1.24,1.0,0.0,1.4,0.97,1.3,0.6,1.0,0.0,calm,1,calma
calmado,6.7,1.42,1.87,1.11,5.33,1.39,2.93,0.94,1.17,0.59,1.57,0.77,1.17,0.46,1.0,0.0,calmed,1,calmado
calmante,5.67,2.28,2.47,2.1,4.68,1.48,2.42,1.26,1.42,0.96,1.9,1.16,1.77,1.12,1.35,0.88,painkiller,1,calmante
camping,6.5,1.83,5.6,2.13,5.85,1.55,3.68,0.98,1.16,0.45,1.35,0.8,2.0,1.06,1.87,0.99,camping,1,camping
canal,4.57,1.33,3.0,1.72,3.27,1.92,1.77,1.19,1.23,0.57,1.37,0.76,1.57,0.86,1.53,0.94,channel / canal,1,canal
canción,7.57,1.7,5.47,2.01,6.3,0.79,4.23,0.86,1.47,0.9,2.5,1.14,1.27,0.78,1.23,0.77,song,1,cancion
cansancio,2.8,1.35,2.77,1.5,4.7,1.61,1.33,0.55,1.9,1.35,2.67,1.18,1.53,0.9,1.67,1.09,tiredness,1,cansancio
cantar,6.9,1.79,6.7,1.53,5.03,1.28,3.9,1.16,1.27,0.52,1.77,0.9,1.47,0.97,1.17,0.46,to sing,2,cantar
capa,4.43,1.33,3.27,1.82,4.59,1.78,1.47,0.9,1.17,0.53,1.2,0.55,1.6,1.07,1.23,0.57,cape,1,capa
caprichoso,2.9,1.71,5.17,1.77,4.83,1.72,1.38,0.68,2.47,1.22,2.07,1.25,1.31,0.54,2.13,1.2,capricious,1,caprichoso
carcajada,8.6,0.72,7.3,2.25,6.1,1.22,4.87,0.43,1.0,0.0,1.0,0.0,1.07,0.37,1.0,0.0,guffaw,1,carcajada
carismático,7.1,1.54,5.24,2.21,4.93,1.44,3.62,0.86,1.34,0.81,1.17,0.47,1.28,0.7,1.31,0.81,charismatic,1,carismatico
cartesiano,4.39,1.12,3.13,2.2,4.72,2.06,1.21,0.59,1.33,0.92,1.5,1.06,1.38,0.92,1.46,1.1,cartesian,1,cartesiano
castigar,1.9,0.99,6.47,2.22,5.28,1.3,1.07,0.25,3.47,1.36,3.27,1.23,3.33,1.35,2.3,1.26,to punish,1,castigar
catástrofe,1.3,0.95,7.93,1.51,4.43,1.58,1.0,0.0,3.07,1.53,4.73,0.58,4.6,0.81,1.9,1.24,catastrophe,1,catastrofe
cauto,5.76,1.55,3.97,1.52,4.18,1.64,1.72,1.03,1.1,0.31,1.28,0.59,1.86,1.16,1.07,0.26,wary,1,cauto
cazar,2.2,1.54,6.97,1.92,5.48,1.22,1.23,0.43,2.9,1.4,3.5,1.11,2.47,1.46,3.1,1.32,to hunt,2,cazar
cefalea,1.93,1.24,5.7,2.18,5.94,1.29,1.04,0.19,2.52,1.4,2.74,1.4,2.41,1.37,1.85,1.35,headache,1,cefalea
ceguera,1.87,1.41,6.27,2.0,5.43,1.69,1.0,0.0,2.53,1.31,4.13,0.94,4.17,1.18,1.38,0.73,blidness,1,ceguera
celda,1.83,1.58,5.77,2.51,5.88,1.35,1.23,0.8,3.32,1.54,3.84,1.42,4.0,1.15,3.19,1.56,cell,1,celda
celebración,8.23,1.02,7.59,1.22,5.03,1.14,4.73,0.52,1.17,0.59,1.33,0.88,1.43,0.86,1.13,0.51,celebration,1,celebracion
celebrar,7.53,1.36,7.1,1.42,4.45,1.64,4.47,0.68,1.1,0.31,1.4,1.1,1.4,0.93,1.1,0.31,to celebrate,1,celebrar
celulitis,2.73,1.66,4.63,1.94,6.38,0.65,1.03,0.18,1.97,1.22,2.2,1.16,1.97,1.07,3.1,1.16,cellulite,1,celulitis
chaquetero,2.27,1.11,4.63,1.99,4.73,1.76,1.2,0.48,2.87,1.22,2.23,1.38,1.6,0.97,2.6,1.4,turncoat,3,chaquetero
charca,5.5,1.57,3.87,2.08,5.97,1.14,2.41,1.52,1.17,0.54,1.48,0.69,1.69,0.93,2.03,1.05,pond,1,charca
charlar,7.03,1.35,5.97,1.82,4.99,1.34,3.73,1.14,1.13,0.43,1.13,0.35,1.3,0.84,1.0,0.0,to chat,2,charlar
chimenea,5.9,1.92,3.8,1.94,6.43,0.95,3.03,1.38,1.17,0.46,1.67,1.03,1.87,1.11,1.3,0.84,fireplace,1,chimenea
chistoso,7.2,1.67,6.3,1.78,5.07,1.19,4.03,1.1,1.23,0.82,1.23,0.63,1.07,0.25,1.23,0.68,humoruous,1,chistoso
chivato,2.6,1.5,5.97,2.13,5.13,1.6,1.27,0.69,3.3,1.12,2.0,1.11,1.9,0.99,2.8,1.37,snitch,1,chivato
chuchería,7.37,1.27,4.33,2.5,5.85,1.31,3.8,1.06,1.03,0.18,1.03,0.18,1.0,0.0,1.1,0.31,candy,1,chucheria
chulo,3.73,2.33,5.0,2.0,4.75,1.87,2.17,1.39,2.62,1.54,1.76,1.35,1.52,0.87,2.62,1.66,pimp,1,chulo
cifrado,5.18,1.28,5.0,2.09,3.97,1.9,1.37,0.74,1.56,0.97,1.37,0.84,1.67,1.11,1.19,0.48,coded,1,cifrado
cine,7.9,1.21,5.57,1.99,5.45,1.65,4.53,0.68,1.87,1.55,2.2,1.54,2.17,1.44,1.47,1.22,cinema,1,cine
cirugía,3.27,2.1,6.87,1.31,5.63,1.38,1.43,0.9,1.27,0.64,2.07,1.08,3.93,1.2,2.2,1.21,surgery,1,cirugia
cita,6.47,1.55,6.17,1.32,4.28,1.7,3.3,1.29,1.4,1.07,1.37,0.85,2.3,1.12,1.23,0.68,date,1,cita
claridad,7.0,1.67,5.17,2.32,4.5,1.53,3.67,1.21,1.1,0.31,1.17,0.46,1.13,0.35,1.1,0.4,clarity,1,claridad
clase,6.0,1.58,4.73,1.72,4.28,1.94,2.7,1.34,1.13,0.43,1.2,0.41,1.43,0.68,1.13,0.43,class,1,clase
clavel,6.67,1.58,3.57,2.05,6.75,0.63,3.37,1.1,1.1,0.4,1.33,0.8,1.07,0.25,1.07,0.25,carnation,1,clavel
coaccionar,2.18,1.54,6.5,1.62,4.7,1.38,1.07,0.26,3.7,1.2,2.89,1.37,3.61,1.34,3.14,1.58,to coerce,2,coaccionar
coacción,2.13,1.48,6.23,2.1,4.6,1.67,1.2,0.66,3.8,1.37,3.33,1.49,3.47,1.43,3.07,1.7,coercion,1,coaccion
cobrar,7.38,1.74,6.45,2.06,4.5,1.67,4.07,1.28,1.21,0.41,1.28,0.7,1.24,0.51,1.17,0.76,to cash,1,cobrar
cocer,4.72,1.58,4.07,2.07,5.81,1.29,1.38,0.73,1.21,0.56,1.31,0.66,1.34,0.67,1.41,0.91,to boil,1,cocer
codicioso,2.53,1.91,5.27,2.13,5.1,1.7,1.3,0.7,2.77,1.3,2.6,1.35,1.97,1.33,2.57,1.48,greedy,1,codicioso
colorado,5.1,1.6,4.7,2.55,3.75,2.0,2.4,1.43,2.2,1.37,1.23,0.68,1.33,0.92,1.13,0.51,red-colored,1,colorado
comentario,4.87,1.04,3.87,1.48,3.54,1.85,2.47,1.22,2.1,1.12,2.13,1.36,2.0,1.31,1.8,1.13,comment,1,comentario
comenzar,6.13,1.83,6.1,2.31,4.25,1.94,3.1,1.27,1.2,0.55,1.73,1.26,2.37,1.22,1.23,0.77,to begin,1,comenzar
compadecer,3.63,1.9,4.83,1.72,4.1,1.31,1.5,1.01,1.8,1.0,3.4,1.33,1.8,1.27,1.43,0.77,to pity,2,compadecer
compañía,6.8,1.9,5.63,1.88,4.45,1.7,3.93,1.05,1.17,0.38,1.37,0.76,1.67,1.18,1.37,0.93,company,1,compania
compartir,7.87,1.33,5.9,2.12,4.53,1.54,4.23,0.97,1.2,0.48,1.17,0.46,1.43,0.77,1.23,0.57,to share,1,compartir
compasivo,7.03,1.47,4.93,1.86,4.15,1.67,3.33,1.15,1.3,0.65,2.0,1.14,1.47,0.73,1.13,0.43,compassionate,1,compasivo
competente,7.23,1.63,6.2,1.99,4.88,1.38,3.71,1.35,1.39,0.88,1.23,0.76,1.74,1.06,1.35,0.91,competent,1,competente
competitivo,4.87,2.03,7.33,1.56,4.83,1.28,2.27,1.17,2.3,1.26,1.9,1.09,2.07,1.14,1.67,0.92,competitive,3,competitivo
complacer,7.13,1.68,5.77,2.4,4.35,1.74,3.6,1.1,1.3,0.92,1.27,0.78,1.4,0.77,1.27,0.58,to please,1,complacer
complacido,6.87,1.96,4.63,2.27,4.1,1.78,3.83,0.91,1.17,0.59,1.13,0.51,1.3,0.7,1.2,0.61,pleased,1,complacido
comprensión,7.62,1.42,5.33,2.4,4.65,1.43,3.83,0.79,1.17,0.59,1.77,1.07,1.7,0.92,1.1,0.4,understanding,1,comprension
comunicación,7.1,1.71,5.7,2.28,4.23,1.74,3.5,1.17,1.2,0.66,1.2,0.48,1.63,1.03,1.17,0.65,communication,1,comunicacion
comunicativo,6.87,1.59,5.43,2.14,4.77,1.47,3.4,1.1,1.17,0.38,1.13,0.43,1.3,0.6,1.07,0.25,communicative,3,comunicativo
condena,2.37,1.65,6.03,2.5,4.85,1.25,1.17,0.38,3.1,1.35,3.8,1.21,3.6,1.13,2.2,1.27,condemnation,1,condena
confidente,6.57,1.7,4.47,2.06,5.28,1.34,3.0,1.44,1.17,0.46,1.2,0.55,1.77,1.25,1.2,0.66,informer,1,confidente
conflicto,1.73,0.83,7.37,1.97,4.53,1.53,1.17,0.46,4.0,1.02,3.57,1.28,3.57,1.19,2.33,1.47,conflict,1,conflicto
confundido,3.43,1.28,5.33,1.81,3.93,1.41,1.17,0.46,1.73,0.98,2.37,1.0,2.43,1.07,1.2,0.41,confused,1,confundido
congelado,4.03,1.38,4.67,2.02,5.3,1.45,1.33,0.76,1.23,0.5,1.83,1.09,2.17,1.42,1.5,0.97,frozen,1,congelado
conocer,7.17,1.68,5.7,2.15,3.63,1.85,3.37,1.19,1.07,0.37,1.3,0.75,2.07,0.94,1.3,0.75,to know,2,conocer
consciente,6.55,1.7,5.38,2.21,3.98,1.93,2.76,1.24,1.34,0.72,1.59,0.98,1.93,1.25,1.38,0.86,aware,1,consciente
conseguir,7.48,1.48,6.62,1.82,3.83,1.58,4.3,1.09,1.07,0.37,1.0,0.0,1.6,0.86,1.03,0.19,to obtain,2,conseguir
conservar,5.83,1.65,4.62,1.86,4.18,1.41,2.41,1.35,1.34,0.94,1.31,0.6,1.21,0.68,1.28,0.88,to keep,2,conservar
contentar,7.93,1.31,6.97,1.59,4.54,1.67,3.86,1.51,1.17,0.66,1.1,0.41,1.1,0.56,1.14,0.74,to satisfy,2,contentar
contento,8.1,1.47,6.7,2.42,5.4,1.16,4.52,0.77,1.13,0.72,1.19,0.75,1.19,0.75,1.16,0.73,happy,1,contento
contrario,4.07,1.6,5.0,1.89,4.13,1.84,1.33,0.66,1.93,1.17,1.53,0.86,2.0,1.23,1.53,0.94,opposite,1,contrario
cooperar,7.63,1.35,6.1,2.02,4.73,1.53,3.93,1.11,1.27,0.64,1.2,0.48,1.4,0.77,1.27,0.83,cooperate,1,cooperar
coordinación,7.03,1.52,6.3,2.0,4.53,1.37,3.2,1.3,1.23,0.63,1.13,0.51,1.77,1.07,1.13,0.43,coordination,1,coordinacion
coquetear,6.8,1.52,6.6,1.71,4.95,1.66,3.57,1.1,1.17,0.46,1.17,0.59,1.7,1.02,1.23,0.57,to flirt,2,coquetear
correr,6.28,2.07,7.76,1.43,5.71,1.19,3.38,1.27,2.0,1.2,1.43,0.82,2.13,1.46,1.37,0.76,to run,1,correr
corromper,1.8,0.85,5.27,1.55,4.25,1.37,1.1,0.41,3.55,1.12,2.76,1.21,2.59,1.21,2.93,1.44,to corrupt,1,corromper
cosa,4.43,1.2,3.37,1.83,1.8,1.55,1.83,1.05,1.43,0.82,1.4,0.86,1.7,0.95,1.67,1.09,thing,1,cosa
cómico,7.63,1.25,5.77,1.96,4.6,1.51,4.2,0.92,1.0,0.0,1.03,0.18,1.1,0.31,1.03,0.18,comedian,1,comico
cómodo,7.4,1.25,4.9,2.37,4.3,1.4,3.73,0.98,1.1,0.31,1.13,0.43,1.07,0.25,1.1,0.31,comfortable,3,comodo
creativo,7.57,1.68,6.07,2.36,4.55,1.6,4.03,1.14,1.61,1.31,1.55,1.23,1.68,1.19,1.29,0.9,creative,3,creativo
crecer,6.68,1.62,5.68,2.02,5.01,1.63,3.83,1.02,1.1,0.4,1.8,1.0,2.2,1.27,1.03,0.18,grow,2,crecer
creído,3.03,1.81,5.53,1.8,4.88,1.49,1.42,0.92,3.06,1.31,2.19,1.14,1.87,1.18,3.03,1.28,vain,1,creido
crédulo,3.86,1.67,4.61,1.66,4.41,1.74,1.73,1.12,1.77,1.03,1.77,1.03,1.65,0.85,1.46,0.9,gullible,1,credulo
crisis,2.17,1.93,6.67,2.26,3.83,1.64,1.07,0.25,3.8,1.03,3.97,0.85,3.9,1.12,2.77,1.52,crisis,1,crisis
cuadrada,4.46,1.3,3.07,1.79,3.44,1.92,1.18,0.39,1.11,0.42,1.25,0.7,1.18,0.48,1.11,0.42,square,1,cuadrada
cucaracha,2.4,1.85,7.17,1.98,6.27,1.55,1.13,0.43,1.77,1.1,1.33,0.61,2.6,1.25,4.2,1.06,cockroach,1,cucaracha
cuento,7.47,1.41,4.7,2.35,5.2,1.52,3.83,1.02,1.13,0.43,2.0,1.05,1.77,1.07,1.1,0.31,story,1,cuento
cuidar,7.4,1.57,5.83,1.88,4.62,1.57,3.43,1.14,1.1,0.4,1.57,0.86,1.73,0.87,1.17,0.53,to take care,2,cuidar
culto,6.83,2.2,4.8,1.71,4.47,2.03,3.0,1.31,1.07,0.25,1.17,0.46,1.27,0.64,1.1,0.31,cult,3,culto
danza,7.4,1.22,6.67,2.51,5.1,1.61,4.32,0.87,1.35,0.84,1.55,0.96,1.42,0.85,1.13,0.72,dance,1,danza
dañar,2.07,1.93,6.13,2.22,5.18,1.36,1.03,0.18,3.8,1.06,3.57,1.45,3.53,1.22,2.7,1.47,to damage,1,danar
dañino,1.67,1.49,6.1,1.99,4.15,1.49,1.0,0.0,3.2,1.42,3.7,1.24,3.83,1.15,2.2,1.35,harmful,1,danino
dar,6.47,1.53,5.23,1.61,4.5,1.71,3.58,1.2,1.35,0.91,1.65,1.11,1.74,1.15,1.39,0.92,to give,2,dar
decapitar,1.37,1.47,7.67,1.97,5.97,1.46,1.0,0.0,4.1,1.37,4.07,1.36,4.43,0.94,3.97,1.27,decapitate,2,decapitar
decidir,6.03,2.11,6.53,2.08,4.68,1.55,2.8,1.24,1.53,0.86,1.87,1.04,2.8,1.32,1.47,0.73,to decide,2,decidir
decoro,4.81,1.94,4.0,1.86,3.28,1.61,2.48,1.28,1.26,0.53,1.26,0.53,1.26,0.53,1.26,0.59,propriety,1,decoro
defender,6.73,1.76,7.03,1.77,4.88,1.26,2.63,1.35,2.5,1.25,1.63,0.89,2.83,1.23,1.4,0.86,to defend,1,defender
degollar,1.48,1.27,7.55,2.37,6.2,1.45,1.03,0.19,3.79,1.24,3.83,1.47,4.52,0.99,4.0,1.44,to cut sb throat,1,degollar
delfín,7.33,1.67,5.17,2.39,6.64,0.65,3.9,1.18,1.07,0.25,1.27,0.69,1.5,0.9,1.2,0.81,dolphin,1,delfin
delgado,5.93,1.34,5.13,1.04,4.85,1.43,2.73,1.14,1.3,0.65,1.7,0.99,1.6,0.89,1.7,0.79,thin,3,delgado
delicadeza,7.07,1.53,4.17,2.73,4.75,1.55,2.77,1.22,1.2,0.76,1.63,1.03,1.8,1.37,1.27,0.83,fineness,1,delicadeza
delicioso,8.07,0.98,6.97,1.47,4.75,1.37,4.27,0.83,1.07,0.25,1.07,0.25,1.03,0.18,1.03,0.18,delicious,1,delicioso
delincuencia,2.57,2.19,6.73,1.91,4.47,1.97,1.07,0.25,3.33,1.32,3.2,1.45,3.6,1.07,2.87,1.48,crime,1,delincuencia
demencia,2.17,1.29,5.63,1.91,5.0,1.43,1.1,0.4,2.13,1.31,4.03,1.1,3.37,1.33,1.3,0.65,dementia,1,demencia
democracia,6.83,1.56,5.87,1.55,5.37,1.64,3.2,1.13,1.7,1.12,1.6,0.93,1.7,0.99,1.53,0.9,democracy,1,democracia
denigrar,1.69,1.04,6.03,2.26,4.88,1.59,1.1,0.4,3.5,1.48,3.37,1.27,2.53,1.38,3.2,1.58,to denigrate,2,denigrar
denominar,4.52,1.48,4.0,2.19,4.21,1.98,1.25,0.59,1.21,0.57,1.18,0.55,1.14,0.45,1.14,0.45,to refer to,2,denominar
derruir,2.39,1.29,5.86,1.78,4.94,1.43,1.19,0.79,3.07,1.54,3.67,1.27,3.04,1.34,1.63,1.01,to pull down,2,derruir
derrumbar,2.4,1.57,5.57,2.27,4.32,1.29,1.3,0.6,2.77,1.52,3.57,1.25,3.23,1.28,1.73,1.11,to demolish,2,derrumbar
desafiar,4.3,1.76,6.53,2.16,5.07,1.42,1.53,1.01,2.3,1.29,1.87,1.14,2.53,1.14,1.5,0.82,to defy,1,desafiar
desagradable,2.0,1.6,4.7,2.34,4.45,1.91,1.0,0.0,2.63,1.13,2.8,1.37,2.63,1.22,4.3,0.75,disagreeable,1,desagradable
desahuciado,1.5,0.97,6.3,2.18,5.28,1.67,1.0,0.0,3.87,1.33,4.4,1.04,3.73,1.2,2.5,1.59,evicted,1,desahuciado
desahuciar,1.4,0.71,7.13,2.31,5.73,1.5,1.0,0.0,4.13,1.11,4.63,0.85,3.73,1.51,2.97,1.54,to evict,2,desahuciar
desahucio,1.33,0.76,6.8,2.22,6.03,1.03,1.0,0.0,4.27,1.01,4.5,0.78,4.17,1.09,3.23,1.5,eviction,1,desahucio
desamor,1.37,1.13,5.83,2.49,4.83,1.59,1.23,0.82,3.3,1.34,4.67,0.71,3.47,1.36,2.13,1.36,dislike,1,desamor
desangrar,1.3,0.53,7.77,1.52,6.38,0.62,1.07,0.37,3.03,1.43,3.86,1.09,4.28,1.1,3.38,1.35,to bleed out,1,desangrar
descansar,7.9,1.24,2.23,1.61,5.28,1.28,4.1,0.88,1.1,0.31,1.17,0.46,1.13,0.43,1.03,0.18,to rest,1,descansar
desconsiderado,2.1,1.37,5.2,2.11,4.17,1.47,1.0,0.0,3.3,1.34,2.87,1.48,1.6,0.86,2.43,1.22,inconsiderate,1,desconsiderado
desear,7.43,1.45,7.4,1.81,4.47,1.6,3.87,0.86,1.3,0.7,1.6,1.0,1.9,1.16,1.23,0.57,to desire,1,desear
desenroscar,4.73,0.83,3.63,1.65,5.37,1.28,1.41,0.91,1.1,0.41,1.07,0.37,1.17,0.66,1.1,0.41,to unscrew,2,desenroscar
desenterrar,3.83,2.17,6.1,2.11,5.4,1.76,1.83,1.09,1.97,1.22,2.9,1.3,3.3,1.18,2.8,1.35,to dig up,1,desenterrar
desfavorable,2.53,1.61,5.2,2.33,3.75,1.48,1.2,0.41,2.83,1.21,3.63,1.19,3.2,1.13,2.0,1.17,unfavorable,1,desfavorable
desierto,4.7,1.68,5.07,2.07,5.3,1.68,2.17,1.46,1.37,0.89,2.4,1.3,2.73,1.31,1.37,0.89,desert,3,desierto
desmayo,2.4,1.57,3.97,2.34,5.28,1.53,1.03,0.18,1.53,0.97,2.67,1.18,3.6,1.22,1.5,0.86,faint,1,desmayo
desobedecer,3.19,1.76,6.48,1.57,4.97,1.49,1.5,0.9,2.9,1.24,2.07,1.05,2.2,1.24,1.67,1.12,to disobey,1,desobedecer
desollar,2.36,1.91,5.82,2.42,5.02,1.93,1.07,0.37,2.86,1.64,3.14,1.43,3.45,1.59,3.62,1.42,to skin,1,desollar
desorden,2.93,2.03,5.97,2.14,3.9,1.65,1.47,0.9,2.77,1.41,2.0,1.14,1.5,0.94,3.07,1.2,mess,1,desorden
despachar,4.17,1.15,4.33,2.02,4.17,1.71,1.69,1.07,1.79,1.18,1.79,1.18,1.55,0.91,1.17,0.47,to serve,1,despachar
despacho,4.77,1.33,3.6,1.92,5.52,1.77,1.73,1.08,1.2,0.55,1.43,0.82,1.8,1.03,1.4,0.77,office,1,despacho
despejado,6.47,1.2,5.1,1.81,3.93,1.41,3.23,0.94,1.1,0.31,1.2,0.48,1.13,0.35,1.07,0.25,clear,1,despejado
despierto,6.37,1.54,6.07,2.1,5.07,1.73,2.93,1.31,1.31,0.6,1.28,0.84,1.14,0.35,1.14,0.58,awake,1,despierto
despistado,3.73,1.46,5.03,1.87,4.62,1.29,1.4,0.72,2.0,1.08,1.97,0.96,1.63,0.85,1.37,0.81,absentminded,1,despistado
desprecio,1.93,1.64,5.87,1.55,4.2,1.84,1.0,0.0,3.3,1.21,3.13,1.46,2.37,1.3,3.17,1.34,disdain,1,desprecio
destacar,6.1,1.84,5.37,2.16,4.45,1.25,2.73,1.28,1.43,0.94,1.47,0.78,2.07,1.23,1.23,0.57,to stand out,1,destacar
desterrar,2.3,1.29,5.23,2.25,4.9,1.46,1.1,0.4,3.03,1.5,3.47,1.28,2.9,1.54,1.7,0.95,to exile,1,desterrar
destrozar,2.03,1.63,6.67,1.97,4.47,1.43,1.27,0.83,4.23,1.1,3.57,1.14,3.27,1.41,2.47,1.43,to destroy,1,destrozar
devastar,1.37,0.67,7.6,1.59,4.35,1.87,1.03,0.19,3.7,1.32,4.37,1.19,3.93,1.23,2.4,1.52,to devastate,1,devastar
década,4.76,1.12,3.9,1.78,5.78,1.58,1.67,0.99,1.17,0.38,1.5,0.68,1.67,1.03,1.2,0.55,decade,1,decada
diabetes,2.1,1.35,4.7,1.78,6.38,1.29,1.17,0.65,1.57,1.04,2.7,1.21,3.1,1.32,1.3,0.7,diabetes,1,diabetes
dichoso,7.17,2.07,6.1,1.88,5.01,1.52,3.8,1.42,1.3,0.84,1.3,0.84,1.3,0.7,1.13,0.43,fortunate,1,dichoso
dictadura,1.5,1.33,6.37,2.24,5.67,1.24,1.03,0.18,3.77,1.45,3.77,1.61,4.07,1.41,3.37,1.67,dictatorship,1,dictadura
difamar,1.85,0.86,5.33,2.09,4.64,1.51,1.14,0.36,4.11,0.96,2.68,1.28,2.39,1.17,2.93,1.25,to defame,1,difamar
dificultad,3.87,1.81,6.73,1.72,3.6,1.52,1.67,1.09,2.53,1.41,2.37,1.33,3.3,1.18,1.57,0.97,difficulty,1,dificultad
diminuto,4.8,1.03,3.83,1.66,4.75,2.02,1.47,0.9,1.23,0.63,1.57,0.77,1.67,0.99,1.1,0.4,tiny,1,diminuto
dinámico,6.7,1.34,6.87,1.72,3.9,1.26,3.17,1.02,1.13,0.35,1.07,0.25,1.33,0.66,1.17,0.38,dynamic,3,dinamico
discreto,5.77,1.57,3.5,1.66,4.13,1.31,1.67,0.96,1.1,0.4,1.23,0.5,1.4,0.81,1.1,0.31,discreet,3,discreto
disfrutar,8.65,0.61,7.1,1.68,4.65,1.75,4.97,0.18,1.0,0.0,1.03,0.18,1.1,0.31,1.03,0.18,to enjoy,1,disfrutar
disparar,1.8,1.54,8.07,1.23,5.93,1.29,1.1,0.41,4.24,1.18,3.41,1.43,4.38,0.86,2.79,1.5,to fire,1,disparar
dispuesto,6.13,2.47,6.07,2.23,4.77,1.44,3.19,1.33,1.32,0.83,1.35,0.84,1.55,0.93,1.39,0.95,ready,1,dispuesto
disputa,2.3,1.32,7.0,2.22,4.53,1.28,1.53,0.94,3.8,1.03,3.17,1.34,2.53,1.22,2.07,1.31,argument,1,disputa
distancia,3.5,1.63,4.4,1.85,3.66,1.48,1.6,1.1,1.83,1.21,3.93,1.2,3.03,1.43,1.83,1.26,distance,1,distancia
distraído,4.03,1.27,3.37,1.83,4.8,1.54,1.4,0.86,1.53,0.94,1.47,0.9,1.37,0.89,1.13,0.43,distracted,1,distraido
divertido,8.43,0.73,7.23,1.81,4.13,1.82,4.69,0.6,1.0,0.0,1.03,0.19,1.14,0.44,1.0,0.0,funny,3,divertido
divertir,8.33,0.99,7.53,1.85,4.73,1.77,4.41,1.09,1.07,0.25,1.07,0.25,1.2,0.41,1.07,0.25,to entertain,2,divertir
doméstico,5.3,1.62,3.37,2.06,4.28,1.24,2.33,1.35,1.17,0.46,1.43,0.86,1.2,0.55,1.17,0.46,domestic,1,domestico
donar,7.87,1.06,6.0,1.37,5.07,1.4,4.43,0.77,1.07,0.25,1.47,0.78,1.6,0.93,1.17,0.46,to donate,2,donar
dormilón,5.83,1.53,1.73,1.05,5.25,1.52,2.1,1.09,1.13,0.43,1.37,0.72,1.13,0.43,1.07,0.37,sleepyhead,1,dormilon
drogadicto,2.1,1.58,6.5,2.17,5.63,1.73,1.07,0.25,2.07,1.14,4.03,1.03,3.1,1.03,2.37,1.33,drug addict,1,drogadicto
ducha,7.17,1.37,3.17,1.6,6.48,0.63,3.6,1.1,1.03,0.18,1.07,0.25,1.03,0.18,1.03,0.18,shower,1,ducha
duplicar,4.97,0.96,3.1,1.97,4.17,1.79,1.83,1.14,1.24,0.74,1.1,0.41,1.31,0.71,1.07,0.37,to double,2,duplicar
edición,4.53,1.33,3.4,1.75,3.68,1.76,1.7,1.24,1.1,0.4,1.13,0.57,1.3,0.92,1.07,0.37,edition,1,edicion
ejecutar,4.53,2.49,7.07,1.77,4.2,1.81,1.77,1.14,2.23,1.55,2.47,1.55,2.6,1.43,2.1,1.35,to execute,1,ejecutar
electrocutar,1.77,1.7,6.37,2.8,5.48,1.73,1.03,0.19,3.1,1.52,3.14,1.46,4.38,1.18,2.21,1.5,to electrocute,2,electrocutar
elegir,5.8,2.01,5.73,1.89,3.93,1.62,2.9,1.27,1.3,0.65,1.57,0.9,2.5,1.22,1.3,0.75,to choose,2,elegir
elemento,4.63,1.33,3.43,1.94,2.37,1.69,1.53,1.01,1.37,0.81,1.37,0.76,1.53,1.14,1.4,0.89,element,1,elemento
elevado,5.27,1.46,5.63,2.03,3.78,1.73,1.97,1.33,1.43,0.94,1.23,0.63,2.33,1.35,1.17,0.65,high,1,elevado
elíptico,4.48,1.5,3.79,1.97,4.73,1.91,1.76,1.18,1.21,0.56,1.17,0.47,1.28,0.7,1.14,0.44,elliptical,3,eliptico
embalar,4.93,1.33,4.79,2.26,4.91,1.76,1.52,0.95,1.24,0.51,1.52,0.87,1.31,0.76,1.17,0.47,to box up,2,embalar
embargo,1.8,0.89,5.87,2.24,5.33,1.29,1.07,0.25,3.67,1.24,4.2,1.0,3.73,1.28,2.47,1.22,seizure,1,embargo
embestir,2.57,1.72,7.27,1.91,5.25,1.41,1.13,0.43,3.1,1.4,2.07,1.31,3.43,1.19,1.6,1.13,to charge at,1,embestir
embolia,2.5,2.58,6.31,2.63,5.79,1.43,1.0,0.0,2.58,1.47,3.96,0.87,3.96,1.11,1.69,1.19,embolism,1,embolia
empaquetar,4.7,0.95,4.27,1.86,5.37,1.15,1.66,1.2,1.21,0.68,1.66,1.2,1.24,0.69,1.0,0.0,to pack,1,empaquetar
empatar,4.9,1.42,5.1,1.86,5.01,1.7,1.9,1.01,1.86,1.06,2.1,0.98,1.48,0.83,1.55,1.06,to (end in a) tie,1,empatar
emplear,5.4,1.52,4.9,1.94,2.93,1.6,2.67,1.42,1.2,0.66,1.5,1.11,1.6,1.04,1.13,0.51,to use,2,emplear
enaltecer,5.34,2.22,5.38,2.11,4.36,1.85,2.62,1.42,1.69,1.14,1.45,1.02,1.69,1.28,1.45,0.99,to uplift,1,enaltecer
enamorar,7.66,1.37,6.97,1.67,4.0,2.1,4.23,0.94,1.23,0.43,1.67,0.92,2.2,1.1,1.03,0.18,to win sb love,2,enamorar
enano,3.87,1.43,4.17,2.1,4.83,1.64,1.63,0.96,1.33,0.61,2.03,1.25,1.47,0.86,1.47,0.86,dwarf / short,3,enano
encadenado,1.42,0.67,5.74,2.16,5.5,1.41,1.07,0.25,3.9,1.16,3.9,1.12,3.83,1.12,2.67,1.42,chained,1,encadenado
encantador,8.23,0.73,5.13,2.03,4.73,1.47,4.03,1.03,1.17,0.59,1.17,0.59,1.33,0.71,1.1,0.31,charming,1,encantador
encantar,8.0,1.51,7.45,1.38,4.18,1.73,4.39,0.88,1.03,0.19,1.0,0.0,1.14,0.52,1.0,0.0,to love sth,2,encantar
encontrar,6.57,1.48,5.97,1.9,4.15,2.06,3.77,0.94,1.2,0.48,1.57,1.14,1.7,1.02,1.23,0.63,to find,2,encontrar
endurecer,4.69,1.34,4.93,1.65,3.75,1.52,1.57,1.1,1.53,1.01,1.53,0.86,1.7,1.24,1.5,0.82,to harden,1,endurecer
energía,7.17,1.46,7.2,1.65,3.68,1.84,3.55,1.21,1.52,1.06,1.07,0.26,1.48,0.87,1.03,0.19,energy,1,energia
enfadar,2.07,1.39,7.2,1.56,4.5,1.59,1.03,0.18,4.37,0.93,3.13,1.43,2.83,1.26,1.93,1.17,to make angry,2,enfadar
enfermar,1.83,1.36,6.14,2.79,5.16,1.44,1.0,0.0,2.52,1.33,3.97,1.18,3.9,1.32,2.0,1.28,to make ill,1,enfermar
enfriamiento,3.37,1.33,5.5,2.03,4.53,1.31,1.33,0.66,1.6,1.0,2.87,1.38,2.27,1.11,1.4,0.67,cooling,1,enfriamiento
enfurecer,2.2,1.94,7.23,2.27,5.13,1.64,1.1,0.31,4.4,0.89,3.0,1.36,3.27,1.11,2.0,1.11,to infuriate,2,enfurecer
engañado,1.9,1.65,5.93,2.52,4.83,1.8,1.17,0.46,3.97,1.19,4.2,0.89,3.0,1.41,3.13,1.38,deceived,1,enganado
engañar,1.67,1.45,6.33,1.6,4.57,1.58,1.03,0.18,3.9,1.18,3.93,1.26,2.73,1.34,3.07,1.48,to deceive,2,enganar
engatusar,4.2,1.88,5.1,1.9,3.7,1.28,1.76,1.12,2.41,1.12,1.76,0.95,1.97,1.09,2.1,1.11,to cajole,1,engatusar
engordar,2.8,1.73,5.63,1.94,5.37,1.52,1.33,0.71,2.97,1.43,3.2,1.47,2.8,1.37,2.48,1.35,to gain weight,1,engordar
engrosar,4.41,0.93,3.67,1.78,3.28,1.46,1.56,0.85,1.33,0.68,1.3,0.67,1.33,0.78,1.44,0.8,to increase,2,engrosar
enojo,1.97,1.27,7.03,1.61,4.34,1.51,1.0,0.0,4.14,1.19,2.9,1.23,2.47,1.41,1.93,1.31,annoyance,1,enojo
enriquecedor,8.0,1.02,5.7,1.74,3.78,1.59,4.47,0.63,1.07,0.25,1.03,0.18,1.3,0.79,1.03,0.18,enriching,1,enriquecedor
enriquecer,7.13,1.68,5.77,2.08,4.5,1.37,4.0,1.03,1.35,0.88,1.26,0.82,1.71,1.04,1.39,0.88,enrich,1,enriquecer
enroscar,4.67,0.8,3.7,1.86,5.35,1.25,1.07,0.26,1.0,0.0,1.07,0.37,1.1,0.56,1.1,0.56,to screw,2,enroscar
ensueño,6.9,1.59,4.0,2.17,3.38,1.79,3.83,1.17,1.21,0.62,1.55,1.02,1.55,0.95,1.07,0.37,daydream,1,ensueno
entender,7.27,1.76,5.97,1.75,3.68,1.82,3.55,1.27,1.17,0.6,1.41,0.82,1.48,0.87,1.1,0.56,to understand,1,entender
entero,5.3,1.56,3.57,1.81,3.61,1.88,1.93,1.39,1.07,0.37,1.13,0.51,1.1,0.4,1.07,0.37,whole,3,entero
enterrar,3.47,2.6,5.7,2.26,5.2,1.71,1.23,0.57,2.13,1.17,3.73,1.48,3.37,1.4,2.03,1.13,to bury,1,enterrar
entusiasmado,7.7,1.66,6.9,2.31,5.18,1.26,4.42,0.85,1.19,0.79,1.26,1.0,1.48,0.96,1.16,0.73,enthusiastic,1,entusiasmado
entusiasmar,7.85,1.23,7.21,1.55,4.72,1.33,4.7,0.53,1.17,0.59,1.17,0.59,1.2,0.48,1.03,0.18,to excite,2,entusiasmar
envenenar,1.6,1.54,6.8,1.92,5.4,1.41,1.17,0.53,3.77,1.36,3.23,1.28,4.17,1.05,3.13,1.38,to poison,1,envenenar
enviar,5.17,1.44,4.07,1.86,3.84,1.79,2.47,1.38,1.3,0.7,1.47,0.82,1.63,1.03,1.23,0.68,to send,2,enviar
envidioso,1.83,0.75,5.47,2.03,5.37,1.66,1.11,0.32,3.26,1.02,2.41,1.15,2.07,1.27,3.3,1.46,envious,3,envidioso
eructo,3.4,2.24,5.2,2.52,6.08,1.21,1.47,0.9,2.0,0.98,1.47,0.82,1.37,0.85,3.87,1.46,burp,1,eructo
esbozar,5.25,1.94,4.36,2.08,3.52,1.73,2.0,1.22,1.11,0.31,1.25,0.52,1.18,0.48,1.18,0.61,to sketch,1,esbozar
escalera,4.73,1.78,5.03,2.59,5.6,1.93,1.53,1.07,1.37,0.76,1.17,0.65,1.7,0.99,1.17,0.53,stairs,1,escalera
esclavizar,1.53,1.48,6.7,1.7,5.2,1.39,1.0,0.0,4.33,0.96,4.3,1.24,3.4,1.43,3.63,1.45,to enslave,1,esclavizar
escupir,1.97,1.22,6.19,1.99,6.13,1.13,1.03,0.18,2.9,1.58,1.53,0.86,1.43,0.82,4.47,1.01,to spit,1,escupir
escurridizo,4.3,1.51,5.93,1.91,5.05,1.87,1.7,1.12,1.43,0.77,1.3,0.65,1.8,1.19,1.83,0.91,slippery,1,escurridizo
espacial,5.67,1.54,4.13,2.08,2.82,1.58,2.28,1.39,1.1,0.41,1.17,0.47,2.17,1.23,1.0,0.0,spatial,1,espacial
espantar,3.23,1.79,5.87,2.03,4.35,1.22,1.07,0.25,2.4,1.19,1.57,0.9,2.77,1.36,1.9,1.24,to scare away,1,espantar
espeso,4.38,1.12,3.45,1.7,4.52,1.55,1.23,0.5,1.27,0.69,1.5,0.86,1.43,0.73,2.2,1.32,dense,3,espeso
espléndido,7.7,1.7,5.4,2.46,4.1,1.77,4.13,1.07,1.1,0.31,1.3,0.79,1.17,0.46,1.03,0.18,magnificent,1,esplendido
espontáneo,6.9,1.4,6.13,1.96,4.77,1.47,3.63,0.93,1.5,0.86,1.37,0.93,1.8,1.03,1.23,0.57,spontaneous,3,espontaneo
esquematizar,5.5,1.22,4.07,1.74,5.07,1.46,1.52,0.78,1.07,0.37,1.1,0.31,1.14,0.35,1.07,0.37,to outline,2,esquematizar
esquilar,4.8,1.1,4.37,1.81,6.0,1.03,1.45,0.83,1.17,0.6,1.52,1.02,1.34,0.94,1.38,0.73,to shear,2,esquilar
estabilidad,7.1,1.75,4.33,2.44,4.88,1.69,3.57,1.28,1.03,0.18,1.43,0.82,1.6,0.89,1.13,0.43,stability,1,estabilidad
estable,6.67,1.45,4.9,2.01,4.3,1.31,2.97,1.22,1.3,0.75,1.4,0.89,1.37,0.72,1.3,0.88,stable,1,estable
estacionar,5.07,0.94,4.3,1.84,5.18,1.32,1.79,1.26,1.31,0.97,1.17,0.76,1.38,1.05,1.1,0.56,to park,1,estacionar
estación,5.1,1.03,5.07,1.53,5.07,1.49,2.21,1.21,1.07,0.37,1.9,1.26,1.24,0.44,1.03,0.19,station,1,estacion
estafa,1.57,1.52,6.27,2.13,5.22,1.3,1.0,0.0,4.4,0.97,3.37,1.4,3.03,1.3,3.67,1.58,scam,1,estafa
estallar,3.0,1.93,7.55,1.88,4.8,1.86,1.48,0.95,3.17,1.42,2.72,1.46,3.03,1.52,1.9,1.4,to burst,1,estallar
esterilidad,2.37,1.5,5.5,2.13,5.33,1.49,1.13,0.51,2.2,1.24,3.43,1.33,2.87,1.48,1.3,0.7,infertility,1,esterilidad
estrangular,1.23,0.43,7.87,1.57,6.2,0.88,1.03,0.19,4.32,1.09,3.39,1.52,4.32,1.09,3.21,1.54,to strangle,1,estrangular
estrecho,4.17,1.6,4.63,1.9,4.8,1.65,1.1,0.4,1.4,0.67,1.57,1.04,2.07,1.26,1.23,0.5,narrow,3,estrecho
estricto,3.5,1.68,6.0,1.84,4.35,1.42,1.47,0.63,2.77,1.33,2.07,1.17,2.77,0.97,1.9,1.12,strict,1,estricto
estudiar,6.2,1.75,6.0,2.05,4.88,1.37,2.59,1.35,1.38,0.86,1.83,1.0,1.93,1.16,1.41,0.87,to study,2,estudiar
estudioso,6.37,2.01,4.97,2.3,5.68,1.2,2.8,1.4,1.37,0.72,1.7,0.99,1.7,1.18,1.2,0.48,studious,1,estudioso
euforia,7.97,1.5,7.83,1.69,5.3,1.74,4.47,0.78,1.47,0.78,1.07,0.25,1.43,0.82,1.07,0.25,euphoria,1,euforia
exagerar,3.94,1.57,5.45,1.79,4.56,1.6,1.53,0.94,2.0,1.02,1.53,0.82,1.47,0.82,1.53,0.82,exaggerate,1,exagerar
excitar,7.48,1.03,8.29,0.9,4.65,1.42,4.2,0.92,1.53,1.11,1.4,1.07,1.53,1.07,1.27,0.64,to excite,2,excitar
excursión,7.27,1.55,6.73,1.93,4.88,1.63,4.13,0.97,1.0,0.0,1.0,0.0,1.48,0.57,1.03,0.18,trip,1,excursion
exitoso,7.97,1.3,6.66,1.59,5.05,1.49,4.4,1.0,1.2,0.55,1.17,0.59,1.8,1.03,1.23,0.57,successful,3,exitoso
explicar,6.57,1.59,5.73,1.74,4.68,1.53,2.67,1.18,1.23,0.63,1.2,0.76,1.47,0.78,1.2,0.66,to explain,2,explicar
explosión,2.23,1.38,8.23,1.01,5.1,1.61,1.57,1.07,3.23,1.41,3.07,1.28,4.3,1.09,2.07,1.41,explosion,1,explosion
explosivo,2.45,1.38,7.73,1.2,4.98,1.64,1.53,0.78,3.03,1.38,2.55,1.48,3.93,1.14,2.24,1.38,explosive,1,explosivo
expresar,6.37,1.67,5.93,1.98,4.65,1.77,3.43,1.19,1.63,1.19,1.77,1.17,2.23,1.3,1.7,1.15,to express,1,expresar
extenso,5.3,1.47,4.87,1.85,3.98,1.86,2.0,1.24,1.45,0.99,1.68,1.11,1.77,1.23,1.42,0.96,wide,3,extenso
exterminar,2.0,1.46,6.0,2.68,5.25,1.2,1.23,0.63,3.13,1.48,3.43,1.41,3.63,1.22,2.93,1.51,to exterminate,1,exterminar
externalizar,4.86,1.74,4.71,1.67,4.03,1.73,2.21,1.29,1.71,1.24,1.82,1.22,2.14,1.27,1.64,1.19,to outsource,0,externalizar
fallecer,1.47,1.17,5.77,3.07,5.88,1.43,1.0,0.0,3.13,1.5,4.7,0.65,4.07,1.26,1.8,1.13,to pass away,1,fallecer
falsear,2.16,1.13,5.42,2.0,4.14,1.65,1.03,0.18,3.37,1.3,2.87,1.25,2.17,1.12,2.57,1.36,to falsify,1,falsear
fantasma,3.03,1.35,6.3,2.26,4.1,1.97,1.07,0.26,1.38,0.68,1.83,1.12,4.2,0.92,1.24,0.44,ghost,1,fantasma
fantástico,8.33,1.21,6.63,2.01,3.27,1.8,4.45,0.95,1.0,0.0,1.03,0.19,1.21,0.49,1.0,0.0,fantastic,3,fantastico
farsa,1.69,0.97,6.6,1.48,3.75,1.53,1.14,0.44,3.86,1.3,3.52,1.4,2.31,1.14,3.07,1.51,sham,1,farsa
favorito,7.77,1.28,6.67,1.92,3.98,1.67,3.83,1.12,1.3,0.53,1.27,0.64,1.23,0.43,1.23,0.57,favorite,3,favorito
fe,5.03,2.04,4.24,2.25,2.78,1.94,2.77,1.33,1.2,0.48,1.43,0.73,1.93,1.17,1.17,0.53,faith,1,fe
fecha,5.13,1.5,4.87,2.06,4.7,1.97,2.3,1.26,1.6,0.89,1.93,0.98,1.9,1.03,1.23,0.57,date,1,fecha
fecundo,6.07,2.07,4.56,2.41,3.95,1.86,3.04,1.61,1.35,0.94,1.58,1.14,1.69,1.09,1.35,0.75,fertile,3,fecundo
felicidad,8.17,1.78,6.13,2.81,4.08,2.1,4.93,0.25,1.07,0.25,1.07,0.37,1.07,0.25,1.0,0.0,happiness,1,felicidad
felicitar,8.03,0.93,6.33,1.54,4.55,1.65,4.57,0.63,1.1,0.31,1.07,0.25,1.17,0.59,1.13,0.35,to congratulate,1,felicitar
ferrocarril,5.37,0.96,5.17,1.62,6.4,1.03,2.0,1.28,1.0,0.0,1.34,0.77,1.45,0.78,1.0,0.0,railway,1,ferrocarril
festejar,8.34,1.12,7.9,1.6,5.25,1.25,4.79,0.49,1.14,0.35,1.17,0.54,1.38,0.82,1.17,0.54,to celebrate,1,festejar
fiel,7.9,1.79,5.03,2.09,5.35,1.43,3.93,1.2,1.27,0.91,1.33,0.92,1.63,1.1,1.17,0.53,faithful,1,fiel
fiesta,8.3,0.84,7.63,1.52,5.15,1.35,4.69,0.47,1.07,0.26,1.14,0.35,1.28,0.53,1.07,0.26,party,1,fiesta
figura,4.97,0.96,3.93,1.74,2.95,1.67,1.67,0.76,1.33,0.66,1.4,0.67,1.5,0.73,1.23,0.5,figure,1,figura
figurar,5.11,1.52,4.39,2.23,3.47,1.7,1.48,0.95,1.38,0.86,1.21,0.5,1.34,0.61,1.21,0.49,to figure,1,figurar
filosofía,5.9,1.88,3.47,2.27,3.42,1.78,2.47,1.41,1.23,0.63,1.5,1.04,1.43,0.68,1.33,0.8,philosophy,1,filosofia
fino,5.0,1.26,3.3,1.86,3.83,1.82,1.7,0.99,1.17,0.38,1.27,0.58,1.13,0.35,1.23,0.5,fine,3,fino
firme,5.17,1.49,5.0,1.76,4.4,1.21,2.17,1.29,1.37,0.72,1.47,0.73,1.8,1.03,1.43,0.94,firm,1,firme
flirtear,7.03,1.32,7.03,1.5,4.96,1.43,3.69,1.04,1.21,0.68,1.21,0.49,1.62,0.9,1.28,0.59,to flirt,1,flirtear
forma,4.4,1.52,3.47,1.85,2.6,1.75,1.73,1.2,1.47,1.04,1.5,0.97,1.53,1.01,1.5,1.04,shape,1,forma
formal,5.33,1.69,3.23,2.13,3.87,1.66,2.07,1.11,1.17,0.53,1.5,1.01,1.4,0.81,1.2,0.61,formal,1,formal
fortaleza,7.37,1.38,6.3,1.91,4.13,1.46,3.17,1.21,1.63,0.96,1.2,0.48,1.67,0.99,1.23,0.68,fortress,1,fortaleza
fortuna,7.7,1.06,6.37,2.3,4.43,1.66,4.43,0.73,1.17,0.47,1.14,0.44,1.3,0.6,1.24,0.83,fortune,1,fortuna
fotografía,7.27,1.81,5.8,1.89,5.82,1.53,3.47,1.22,1.7,1.06,2.2,1.27,1.7,1.06,1.5,0.86,photography,1,fotografia
fracasado,1.39,0.56,4.74,2.34,4.68,1.52,1.0,0.0,2.87,1.2,4.43,0.73,3.13,1.33,1.77,0.97,loser,1,fracasado
frase,4.47,1.41,3.77,2.01,4.58,2.24,1.77,1.14,1.4,0.77,1.57,1.04,1.5,0.94,1.37,0.81,sentence,1,frase
fraternidad,7.8,1.16,4.6,2.31,4.62,1.72,4.07,1.08,1.07,0.25,1.1,0.31,1.1,0.31,1.03,0.18,fraternity,1,fraternidad
fresco,6.1,1.67,3.93,2.16,4.02,1.61,3.0,1.34,1.23,0.57,1.23,0.5,1.13,0.43,1.13,0.43,fresh,3,fresco
frondoso,5.47,1.74,4.2,1.94,4.55,1.62,2.4,1.4,1.17,0.59,1.23,0.68,1.93,1.17,1.37,0.89,lush,3,frondoso
funeraria,2.3,1.62,4.43,2.85,5.97,1.21,1.07,0.37,1.97,1.19,4.47,0.86,2.67,1.42,1.87,1.01,funeral parlor,1,funeraria
furia,2.13,1.46,7.8,1.52,5.28,1.79,1.03,0.18,4.33,0.96,2.77,1.36,3.0,1.17,2.53,1.2,fury,1,furia
fusilar,1.2,0.76,8.1,1.4,6.45,0.71,1.03,0.19,4.52,0.74,4.59,1.02,4.66,0.67,3.66,1.61,to shoot,1,fusilar
ganador,7.7,1.34,6.63,1.81,5.07,1.56,4.43,0.77,1.07,0.25,1.17,0.38,1.3,0.65,1.13,0.35,winner,1,ganador
garganta,4.8,1.71,3.57,2.21,6.27,1.32,1.43,0.97,1.43,0.94,1.33,0.76,1.87,1.17,1.97,1.07,throat,1,garganta
gasto,3.6,1.87,5.43,1.81,4.38,1.61,1.5,0.86,2.0,1.14,2.43,1.14,2.43,1.33,1.7,1.15,expense,1,gasto
generador,4.7,1.39,4.9,2.29,5.04,1.68,1.57,0.86,1.33,0.71,1.3,0.65,1.4,0.72,1.27,0.64,generator,1,generador
genuino,6.7,2.0,5.56,2.1,4.08,1.59,3.41,1.12,1.11,0.32,1.22,0.42,1.26,0.53,1.15,0.46,genuine,1,genuino
giratorio,4.73,1.23,6.0,2.42,4.0,1.89,1.71,1.01,1.29,0.69,1.1,0.3,1.81,1.05,1.19,0.54,revolving,1,giratorio
giro,4.77,1.48,4.53,2.3,4.3,1.68,1.8,1.03,1.17,0.53,1.23,0.57,1.63,1.1,1.27,0.64,turn,3,giro
golpear,2.63,1.83,7.2,2.02,5.22,1.48,1.07,0.37,4.13,0.97,2.87,1.28,3.3,1.21,2.53,1.41,to hit,1,golpear
gordura,3.0,1.46,4.33,2.34,5.28,1.52,1.3,0.7,1.93,1.36,2.57,1.43,2.13,1.33,2.13,1.28,fatness,1,gordura
gozoso,8.3,0.84,7.0,1.66,4.55,1.46,4.5,0.78,1.07,0.25,1.1,0.31,1.3,0.65,1.0,0.0,joyful,1,gozoso
gracia,7.27,1.51,5.8,1.94,3.9,1.8,4.2,0.71,1.2,0.61,1.07,0.37,1.0,0.0,1.13,0.43,flair,1,gracia
grandioso,7.07,1.64,5.87,1.8,3.1,1.22,3.87,1.07,1.07,0.25,1.13,0.35,1.83,1.21,1.03,0.18,grandiose,1,grandioso
grasa,2.67,1.27,5.13,1.78,5.45,1.4,1.1,0.31,1.79,1.01,1.77,1.01,1.7,0.99,3.2,1.27,grease,1,grasa
gratis,7.67,1.4,6.23,2.28,5.33,1.51,4.33,0.8,1.13,0.35,1.07,0.25,1.2,0.48,1.07,0.25,free,1,gratis
gráfico,4.48,1.35,3.76,1.92,4.7,1.79,1.4,0.72,1.17,0.53,1.27,0.64,1.37,0.72,1.27,0.64,graphic,3,grafico
grueso,4.21,1.54,3.86,1.68,3.59,1.58,1.3,0.7,1.37,0.81,1.47,0.86,1.5,0.86,1.53,0.9,thick,3,grueso
gustar,8.33,0.71,6.6,1.67,3.7,1.83,4.43,0.73,1.2,0.55,1.17,0.46,1.6,0.86,1.17,0.46,to like,2,gustar
hacienda,3.6,1.69,5.7,1.88,5.5,1.5,1.45,0.93,2.94,1.44,2.58,1.36,2.94,1.29,2.68,1.42,tax office,1,hacienda
hacinamiento,3.0,2.13,6.54,2.38,4.59,1.79,1.5,0.88,3.42,1.25,3.38,1.38,3.08,1.32,3.38,1.41,overcrowding,1,hacinamiento
halagador,7.07,1.95,6.47,1.63,4.28,1.78,3.83,0.8,1.1,0.31,1.13,0.43,1.24,0.51,1.3,0.79,flattering,1,halagador
hallar,6.41,1.59,5.47,2.5,3.5,1.86,3.34,1.45,1.21,0.56,1.31,0.6,1.53,0.9,1.31,0.66,to discover,1,hallar
hambre,2.83,1.91,6.59,1.94,5.25,1.63,1.23,0.57,3.07,1.44,3.4,1.45,2.63,1.4,1.87,1.22,hunger,1,hambre
hecho,4.97,2.14,4.3,2.1,2.9,1.98,2.4,1.48,1.47,0.86,1.4,0.86,1.57,0.94,1.4,0.77,fact,3,hecho
helado,6.37,2.13,4.97,2.04,4.98,1.59,3.23,1.5,1.07,0.25,1.4,0.81,1.33,0.66,1.13,0.57,ice cream,3,helado
herir,1.83,1.26,7.1,2.02,5.33,1.29,1.17,0.6,3.86,1.25,3.97,1.15,3.79,1.15,2.72,1.49,to wound,2,herir
hidromasaje,7.9,1.32,3.27,2.43,6.23,1.28,4.24,0.83,1.0,0.0,1.1,0.41,1.03,0.19,1.1,0.31,jacuzzi,1,hidromasaje
hinchado,3.87,1.66,4.53,2.1,3.95,1.79,1.43,0.9,1.63,0.93,1.63,0.96,1.93,1.23,2.27,1.11,swelled,3,hinchado
holgado,4.89,1.5,2.96,1.69,4.22,1.58,1.67,1.07,1.22,0.58,1.37,0.79,1.44,0.85,1.3,0.67,loose,1,holgado
hondo,4.23,1.22,5.2,1.86,4.38,1.54,1.33,0.61,1.43,0.9,2.13,0.9,3.33,1.37,1.33,0.66,deep,3,hondo
honrado,8.2,1.13,5.0,2.17,4.73,1.99,4.1,1.18,1.0,0.0,1.14,0.35,1.07,0.26,1.07,0.26,honest,1,honrado
horroroso,1.5,1.04,5.93,2.64,3.3,1.65,1.07,0.37,2.37,1.43,2.0,1.17,3.27,1.44,3.1,1.4,dreadful,1,horroroso
hueco,4.23,1.22,3.77,1.98,4.15,1.39,1.57,0.86,1.6,1.1,1.6,0.93,2.2,1.19,1.7,0.88,gap,3,hueco
huérfano,1.7,1.09,5.0,2.1,6.1,1.28,1.03,0.18,2.07,1.46,4.31,0.76,2.93,1.68,1.23,0.57,orphan,3,huerfano
humanitario,8.0,1.14,6.37,1.79,3.98,1.67,4.03,1.07,1.13,0.43,1.67,1.06,1.37,0.81,1.03,0.18,humanitarian,3,humanitario
humedecer,5.47,1.28,4.67,1.92,5.15,1.21,1.93,1.28,1.21,0.77,1.17,0.47,1.24,0.69,1.17,0.47,moisten,2,humedecer
humildad,7.03,1.92,4.7,2.35,4.68,1.55,3.4,1.33,1.23,0.57,1.6,1.0,1.37,0.67,1.13,0.35,humbleness,1,humildad
humillación,1.5,1.66,6.43,2.58,5.07,1.62,1.0,0.0,4.1,1.03,4.43,0.73,3.6,1.3,3.5,1.46,humiliation,1,humillacion
huracán,1.73,1.05,7.93,1.41,6.38,0.71,1.07,0.25,2.73,1.36,3.47,1.31,4.53,0.68,1.47,0.82,hurricane,1,huracan
húmedo,4.63,1.43,4.17,1.82,4.68,1.3,1.63,0.96,1.17,0.46,1.7,1.21,1.63,0.96,2.53,1.2,moist,1,humedo
ideal,7.33,1.99,5.5,2.08,3.2,2.02,4.13,1.07,1.33,0.76,1.33,0.88,1.4,0.81,1.2,0.66,ideal,1,ideal
igual,4.7,1.37,3.93,1.62,2.8,1.4,2.23,0.97,1.5,0.78,1.67,0.88,1.53,0.78,1.43,0.77,equal,1,igual
igualar,5.69,1.56,5.28,1.75,4.05,1.64,1.93,1.07,1.41,0.73,1.48,0.69,1.38,0.68,1.24,0.58,equalise,1,igualar
ilusionado,7.97,1.13,6.53,2.26,4.92,1.64,4.4,0.72,1.07,0.37,1.23,0.68,1.6,0.93,1.13,0.57,thilled,1,ilusionado
ilusionar,7.27,2.02,7.13,1.61,4.9,1.46,4.4,0.93,1.27,0.78,1.3,0.84,2.03,1.33,1.13,0.43,to excite,2,ilusionar
ilusión,8.27,1.08,7.03,1.75,4.0,1.68,4.47,0.68,1.2,0.66,1.13,0.51,1.53,1.04,1.13,0.43,hope,1,ilusion
imaginación,7.67,1.88,6.67,1.95,4.15,1.94,4.2,0.96,1.37,0.81,1.53,1.04,1.83,1.23,1.1,0.31,imagination,1,imaginacion
impaciencia,3.1,1.77,7.13,1.48,4.77,1.63,1.27,0.83,2.97,1.35,1.77,1.04,2.13,1.28,1.5,0.68,impatience,1,impaciencia
implantar,4.31,1.34,5.17,1.93,4.16,1.7,1.52,0.87,1.79,1.24,1.38,0.78,2.07,1.13,1.66,1.08,to implant,1,implantar
imponer,2.4,1.69,6.47,1.8,4.45,1.62,1.1,0.31,3.57,1.3,2.97,1.38,2.7,1.29,2.63,1.47,to impose,1,imponer
imposibilidad,2.3,1.42,5.17,2.21,3.78,1.55,1.2,0.48,3.13,1.31,3.7,1.06,3.3,1.32,1.93,1.23,impossibility,1,imposibilidad
imprimir,4.62,1.66,3.83,2.05,5.55,1.54,1.41,0.78,1.21,0.49,1.21,0.56,1.17,0.47,1.14,0.44,to print,2,imprimir
imprudente,2.37,1.65,6.07,2.05,4.77,1.4,1.4,0.89,2.67,1.3,2.27,1.26,3.57,1.14,2.0,1.26,imrpudent,1,imprudente
impuesto,2.27,1.57,5.4,2.01,4.73,1.75,1.17,0.46,3.17,1.26,2.67,1.32,2.53,1.41,2.9,1.47,tax,1,impuesto
incapaz,2.23,1.59,5.03,2.47,4.83,1.34,1.03,0.18,3.3,1.21,3.43,1.33,2.8,1.45,1.67,1.18,incapable,1,incapaz
incendiar,1.77,0.73,7.53,1.48,6.0,0.93,1.0,0.0,3.69,1.31,3.86,1.22,4.31,0.71,2.14,1.38,to set fire,1,incendiar
inconsciente,3.73,1.82,3.93,2.26,4.23,1.74,1.33,0.66,1.9,1.16,2.27,1.31,2.63,1.3,1.63,1.07,unconscious,1,inconsciente
increpar,1.95,0.9,6.27,1.7,4.41,1.55,1.09,0.29,3.52,1.53,2.22,1.31,2.43,1.16,2.04,1.4,to tell off,2,increpar
inculto,1.9,0.99,4.4,2.01,4.25,1.89,1.07,0.26,1.97,1.21,3.24,1.21,1.97,1.38,1.66,0.9,uneducated,3,inculto
incurable,1.57,1.52,4.67,2.71,4.88,1.45,1.13,0.57,3.2,1.35,4.4,0.86,4.4,0.77,2.27,1.46,incurable,1,incurable
infancia,7.47,1.2,6.6,1.73,4.58,1.64,4.4,0.77,1.2,0.41,1.53,0.73,1.43,0.77,1.0,0.0,childhood,1,infancia
infarto,1.9,2.2,7.0,2.2,6.35,0.92,1.0,0.0,1.77,0.94,3.37,1.52,4.47,0.86,1.33,0.71,heart attack,1,infarto
infectar,1.48,0.63,6.06,2.0,5.16,1.43,1.03,0.18,2.3,1.37,2.8,1.24,3.9,1.18,3.7,1.15,to infect,1,infectar
infidelidad,2.3,2.42,7.3,2.02,5.6,1.45,1.0,0.0,3.97,1.13,4.37,0.76,3.17,1.42,3.3,1.42,infidelity,1,infidelidad
injuria,2.07,1.88,5.89,2.01,4.11,1.61,1.07,0.27,3.96,1.19,2.96,1.37,2.19,1.3,2.81,1.42,insult,1,injuria
injuriar,2.29,1.78,6.57,1.79,4.62,1.52,1.04,0.19,3.71,1.12,3.0,1.05,2.64,1.25,2.43,1.29,to insult,1,injuriar
injusticia,1.33,0.61,6.57,2.19,5.0,1.97,1.03,0.18,4.17,0.99,3.83,1.05,2.93,1.01,3.17,1.32,injustice,1,injusticia
inquietar,3.67,1.65,7.07,1.8,4.05,1.23,1.63,0.89,2.03,1.1,2.27,1.01,3.1,1.45,1.7,1.06,to worry,1,inquietar
inscribir,4.69,1.44,4.83,2.24,4.41,1.7,1.66,0.9,1.24,0.58,1.28,0.59,1.59,0.98,1.14,0.44,to record,1,inscribir
insensato,3.2,1.75,5.0,2.02,4.4,1.4,1.33,0.48,2.63,1.16,2.53,0.94,2.5,1.2,1.83,1.05,foolish,1,insensato
inspeccionar,4.76,1.77,6.0,1.98,4.62,1.13,1.34,0.61,1.48,1.02,1.48,0.95,1.9,1.21,1.28,0.59,to examine,1,inspeccionar
instaurar,4.93,0.98,3.7,1.8,4.38,1.42,1.69,0.85,1.34,0.9,1.45,0.87,1.52,0.87,1.24,0.64,to establish,1,instaurar
insuficiente,1.77,1.56,5.6,2.63,4.5,1.77,1.03,0.18,3.0,1.36,3.57,1.25,2.57,1.57,1.57,1.07,unsatisfactory,1,insuficiente
insultado,2.03,1.67,6.73,1.89,4.65,1.62,1.1,0.31,4.17,0.83,3.6,1.4,2.2,1.24,2.8,1.49,insulted / offended,1,insultado
inteligente,7.7,1.26,5.23,2.03,3.98,1.97,3.67,0.88,1.03,0.18,1.07,0.25,1.3,0.6,1.07,0.25,intelligent,1,inteligente
interferir,4.19,1.56,4.52,2.03,3.59,1.52,1.47,0.94,2.63,1.38,1.77,1.1,1.73,1.08,1.57,1.01,to interfere,1,interferir
intimidar,2.97,2.04,6.97,1.97,5.03,1.4,1.1,0.4,3.17,1.23,2.67,1.18,3.43,1.14,2.13,1.28,to intimidate,1,intimidar
inventar,6.83,2.07,6.33,1.7,4.45,1.27,3.5,1.46,1.43,0.97,1.13,0.57,1.7,0.88,1.1,0.55,to invent,1,inventar
invicto,5.96,2.54,6.65,1.85,5.01,1.49,3.35,1.6,1.69,1.09,1.38,0.94,1.81,1.2,1.42,0.86,undefeated,1,invicto
ira,2.3,1.56,7.3,1.66,3.95,2.03,1.1,0.4,4.53,1.01,2.63,1.38,2.77,1.52,2.1,1.12,rage,1,ira
irrespetuoso,2.07,0.98,6.1,1.81,4.58,1.76,1.07,0.25,3.5,1.01,2.4,1.43,1.6,1.0,2.63,1.4,disrespectful,3,irrespetuoso
íntegro,6.27,1.95,4.8,2.06,4.05,1.97,3.1,1.35,1.17,0.46,1.2,0.55,1.13,0.43,1.13,0.43,upright,3,integro
jabón,6.2,1.49,3.03,1.81,6.48,0.84,2.07,1.2,1.07,0.25,1.1,0.31,1.07,0.25,1.23,0.68,soap,1,jabon
jeringuilla,3.2,1.77,5.93,2.27,6.38,1.32,1.3,0.7,1.47,0.82,2.1,1.3,3.33,1.37,2.87,1.36,syringe,1,jeringuilla
jugar,7.9,1.35,7.4,1.45,4.65,1.55,4.43,0.82,1.3,0.88,1.23,0.68,1.3,0.65,1.23,0.57,to play,2,jugar
justo,7.47,1.68,4.87,1.72,3.57,1.79,3.6,1.3,1.67,1.15,1.43,0.86,1.57,1.01,1.2,0.61,fair,3,justo
labrador,5.8,1.79,4.93,2.53,5.2,1.69,2.67,1.35,1.33,0.88,1.47,1.01,1.7,1.15,1.5,1.07,farmer,1,labrador
lamentar,2.06,1.34,5.16,2.13,4.61,1.42,1.03,0.18,2.6,1.28,4.5,0.68,2.57,1.19,1.53,0.97,to regret,2,lamentar
lanzar,4.83,0.95,5.7,1.74,4.47,1.81,2.2,0.44,2.17,0.33,1.3,0.34,1.93,0.32,1.33,0.4,to throw,2,lanzar
lapidar,1.63,1.27,6.3,2.65,4.98,1.58,1.03,0.18,3.9,1.18,4.1,1.27,4.07,1.05,3.07,1.62,to stone,1,lapidar
lastimar,2.28,1.87,6.34,1.86,4.88,1.46,1.03,0.19,3.17,1.54,4.17,1.04,3.38,1.35,2.28,1.41,to harm,1,lastimar
lápiz,5.03,1.22,3.27,1.78,6.33,1.19,1.93,1.31,1.13,0.43,1.13,0.43,1.13,0.43,1.07,0.37,pencil,1,lapiz
lealtad,7.57,1.94,5.13,2.47,4.95,1.74,4.03,1.02,1.29,0.94,1.16,0.73,1.84,1.13,1.13,0.72,loyalty,1,lealtad
lectura,7.73,1.55,4.53,2.53,4.7,1.93,3.97,1.16,1.4,1.07,2.3,1.56,1.8,1.37,1.47,1.14,reading,1,lectura
leer,7.37,1.9,4.0,2.38,5.13,1.79,3.79,1.08,1.27,0.83,1.53,1.04,1.57,1.25,1.2,0.81,to read,2,leer
legítimo,5.27,1.55,3.67,1.63,3.72,1.56,2.0,1.14,1.17,0.46,1.3,0.6,1.4,0.67,1.3,0.7,legitimate,3,legitimo
lerdo,2.76,1.41,3.9,2.26,5.06,1.7,1.17,0.47,1.93,0.92,2.34,1.23,1.31,0.76,1.83,1.2,dumb,1,lerdo
lesionar,1.73,1.34,6.23,1.81,5.03,1.41,1.03,0.18,3.0,1.34,3.33,1.15,3.7,0.95,1.63,0.96,to injure,1,lesionar
ligar,7.23,1.48,7.23,1.22,5.0,1.3,3.83,0.99,1.37,0.61,1.13,0.35,1.87,1.01,1.5,0.86,to make out with,1,ligar
ligue,7.1,1.45,6.57,2.05,4.58,1.61,3.93,1.11,1.23,0.57,1.33,0.76,1.73,1.08,1.47,0.94,fling,1,ligue
limpio,7.8,1.32,4.72,2.0,5.25,1.57,4.17,0.87,1.0,0.0,1.03,0.19,1.03,0.19,1.17,0.65,clean,3,limpio
linchar,2.03,1.66,7.41,1.5,4.83,1.55,1.19,0.79,3.97,1.11,3.39,1.36,3.55,1.23,3.16,1.55,to lynch,1,linchar
lindo,7.7,1.56,4.8,2.06,4.2,1.46,4.23,0.97,1.03,0.18,1.07,0.25,1.03,0.18,1.13,0.73,cute,3,lindo
linea,4.57,0.97,3.77,2.03,4.4,1.82,1.4,0.77,1.37,0.85,1.37,0.76,1.43,0.82,1.27,0.69,line,1,linea
listo,7.4,1.3,5.37,2.37,4.47,1.77,3.4,1.1,1.27,0.64,1.2,0.81,1.47,0.97,1.2,0.48,smart / ready,3,listo
liviano,5.86,1.27,3.46,1.55,3.78,1.97,2.21,0.92,1.07,0.26,1.36,0.95,1.18,0.39,1.11,0.42,light,3,liviano
llamar,5.71,1.24,5.13,2.13,5.19,1.67,3.0,1.29,1.4,0.93,1.47,0.82,1.63,1.0,1.1,0.4,to call,2,llamar
llanto,2.97,1.67,6.87,2.11,5.63,1.28,1.73,1.14,2.37,1.35,4.2,0.89,2.7,1.42,1.4,0.77,cry,1,llanto
locuaz,6.24,1.71,6.16,1.93,4.51,1.58,3.04,1.14,1.32,0.75,1.2,0.5,1.28,0.68,1.28,0.61,talkative,1,locuaz
locura,3.53,2.29,6.83,1.9,4.47,1.69,1.73,1.05,2.27,1.26,2.77,1.33,3.33,1.32,1.53,0.9,madness,1,locura
lograr,7.73,1.44,6.5,2.13,3.95,1.66,4.27,1.01,1.13,0.43,1.0,0.0,1.6,0.89,1.03,0.18,to achieve,1,lograr
luminosidad,7.1,1.8,5.7,2.21,4.45,1.68,3.8,1.0,1.17,0.46,1.23,0.63,1.23,0.57,1.03,0.18,brightness,1,luminosidad
luminoso,6.47,1.61,5.67,1.58,3.63,1.52,3.43,1.17,1.13,0.35,1.1,0.31,1.23,0.43,1.1,0.31,bright,3,luminoso
luna,7.2,1.47,4.33,2.45,6.59,0.71,3.47,1.22,1.07,0.37,2.5,1.33,1.67,0.99,1.03,0.18,moon,1,luna
luz,6.8,1.45,5.21,1.84,5.22,1.53,3.67,0.96,1.13,0.35,1.17,0.38,1.2,0.41,1.07,0.37,light,1,luz
maceta,5.52,1.43,3.34,2.0,6.35,0.98,2.24,1.41,1.07,0.37,1.1,0.41,1.17,0.54,1.07,0.37,flowerpot,1,maceta
madre,8.6,0.62,6.07,2.32,6.53,0.8,4.79,0.49,1.48,0.78,1.86,1.19,1.52,1.02,1.0,0.0,mother,1,madre
madrugón,2.33,1.58,5.4,2.7,5.9,1.6,1.27,0.78,2.27,1.39,3.03,1.4,1.4,1.13,2.73,1.51,getting up early,1,madrugon
malestar,1.9,1.3,4.4,2.51,4.1,1.73,1.07,0.25,2.13,1.07,3.57,1.17,2.5,1.04,2.3,1.21,uneasiness / disconfort,1,malestar
malévolo,2.23,1.87,6.43,2.21,4.2,1.65,1.1,0.31,3.47,1.36,3.0,1.41,3.73,1.05,2.93,1.28,wicked,1,malevolo
malgastar,2.48,1.23,5.42,1.65,4.29,1.46,1.23,0.63,2.9,1.12,2.9,1.06,2.4,1.3,2.07,1.14,to waste,2,malgastar
malo,1.87,1.53,5.67,2.17,3.12,1.69,1.07,0.37,3.33,1.3,3.2,1.32,3.33,1.18,2.57,1.48,bad,3,malo
maloliente,1.5,0.9,5.9,2.35,5.05,1.47,1.03,0.18,2.67,1.35,1.87,1.14,1.53,0.73,4.77,0.57,stinking,3,maloliente
maltratador,1.23,0.63,7.77,1.72,5.15,1.54,1.0,0.0,4.57,0.82,4.03,1.33,4.2,1.19,4.33,1.3,bully,1,maltratador
maltratar,1.52,1.57,7.79,1.79,5.43,1.67,1.03,0.19,4.52,0.91,3.9,1.29,4.0,1.31,3.62,1.61,to mistreat,1,maltratar
malversar,2.04,1.8,5.77,1.75,4.35,1.82,1.04,0.2,4.08,1.04,2.68,1.41,2.48,1.08,3.12,1.51,to embezzle,1,malversar
manantial,6.97,1.92,4.87,2.7,5.9,1.37,3.53,1.28,1.03,0.18,1.3,0.65,1.3,0.53,1.03,0.18,natural spring,1,manantial
mar,7.13,1.85,5.57,2.25,5.93,1.37,4.1,1.12,1.03,0.18,1.7,0.79,2.17,1.12,1.1,0.31,sea,1,mar
maravilloso,8.03,1.65,5.67,2.55,3.85,1.73,4.43,0.97,1.13,0.43,1.03,0.18,1.2,0.48,1.0,0.0,wonderful,3,maravilloso
marcar,5.17,1.58,4.9,1.94,3.48,1.46,2.2,1.42,1.47,0.9,1.4,0.77,1.3,0.79,1.43,0.94,to mark,2,marcar
marginación,1.53,1.11,5.63,2.43,4.75,1.52,1.03,0.18,3.63,1.3,4.43,0.68,3.4,1.16,3.1,1.42,marginalizartion,1,marginacion
martirio,1.77,1.52,6.87,1.68,4.58,1.64,1.0,0.0,3.23,1.48,3.63,1.22,3.47,1.53,2.63,1.61,martyrdom,1,martirio
masaje,8.2,1.27,3.5,2.52,6.2,1.23,4.03,0.96,1.13,0.51,1.1,0.4,1.2,0.55,1.1,0.4,massage,1,masaje
mascullar,3.81,0.96,4.44,1.76,5.06,1.58,1.0,0.0,2.07,1.27,1.59,0.89,1.44,0.75,1.67,1.18,to mumble,2,mascullar
matar,1.33,1.3,8.27,1.2,5.58,1.79,1.0,0.0,4.52,0.99,4.2,1.16,4.59,0.95,3.67,1.52,to kill,2,matar
mecánico,4.8,1.21,4.17,1.58,4.38,1.43,1.67,0.99,1.2,0.55,1.23,0.57,1.4,0.72,1.4,0.77,mechanic,3,mecanico
medalla,6.93,1.53,5.9,2.17,6.2,1.4,3.77,1.38,1.27,0.69,1.27,0.64,1.23,0.68,1.2,0.55,medal,1,medalla
medio,4.63,1.25,3.4,2.01,2.58,1.73,1.37,0.76,1.5,0.9,1.63,1.1,1.57,1.01,1.43,0.82,middle,3,medio
meditación,6.83,2.15,2.3,2.0,4.32,1.77,3.1,0.99,1.07,0.37,1.43,0.82,1.23,0.57,1.07,0.37,meditation,1,meditacion
mentir,1.9,1.12,6.63,1.43,5.05,1.49,1.1,0.31,3.67,1.21,3.13,1.36,2.63,1.3,3.2,1.32,to lie,1,mentir
mentiroso,1.53,0.68,5.73,2.52,4.65,1.82,1.24,0.64,3.79,1.05,3.48,1.24,2.41,1.35,2.93,1.44,liar,3,mentiroso
merienda,6.77,1.45,5.57,1.72,5.3,1.32,3.4,1.13,1.17,0.53,1.17,0.46,1.2,0.55,1.43,0.68,snack,1,merienda
metástasis,1.72,1.89,6.97,2.72,6.23,0.93,1.0,0.0,3.38,1.52,4.14,1.36,4.34,1.34,2.41,1.48,metastasis,1,metastasis
meticuloso,4.73,1.84,4.5,2.46,5.22,1.65,1.43,0.82,1.87,1.22,1.6,1.1,1.6,1.28,1.67,1.15,meticulous,1,meticuloso
metralleta,2.47,2.29,7.47,1.7,6.55,1.05,1.1,0.4,3.27,1.53,3.37,1.33,3.93,1.05,2.93,1.64,submachine gun,1,metralleta
metro,4.27,1.57,4.6,2.15,4.5,1.67,1.53,0.9,1.73,1.14,1.57,1.14,1.7,0.99,2.07,1.31,subway / meter,1,metro
mimado,4.07,2.16,4.43,2.03,4.9,1.46,1.7,1.06,1.93,1.05,2.03,1.25,1.33,0.76,1.83,1.05,spoiled,1,mimado
mitad,4.57,1.01,3.2,1.85,4.2,2.28,1.7,1.09,1.1,0.4,1.5,0.82,1.23,0.63,1.13,0.43,half,1,mitad
modular,4.59,1.74,3.93,1.9,3.06,1.42,1.43,0.74,1.36,0.73,1.25,0.59,1.32,0.77,1.29,0.76,to modulate,1,modular
mojado,4.67,1.81,5.27,1.7,5.67,1.33,1.72,1.07,1.66,0.9,1.72,0.92,1.24,0.69,2.17,1.23,wet,3,mojado
monstruo,2.23,1.43,6.93,1.53,5.18,1.18,1.13,0.35,2.23,1.41,1.7,1.06,4.03,0.96,3.07,1.39,monster,1,monstruo
monstruoso,2.3,1.95,6.93,1.55,4.32,1.66,1.33,0.61,2.27,1.26,2.07,1.2,3.97,1.1,2.9,1.18,mostruoso,1,monstruoso
moqueta,4.57,1.22,3.33,2.06,6.03,1.45,1.8,1.16,1.2,0.61,1.47,0.86,1.17,0.53,1.9,1.35,carpet,1,moqueta
morder,3.87,1.83,5.87,2.05,5.33,1.33,1.57,0.82,2.67,1.67,2.07,1.17,3.0,1.36,2.53,1.22,to bite,1,morder
mortal,3.33,2.66,5.87,2.49,4.8,2.01,1.7,1.15,2.4,1.38,3.73,1.36,4.0,1.14,1.77,1.07,mortal,1,mortal
mover,4.67,1.45,5.7,2.23,3.93,1.72,2.0,1.13,1.42,0.92,1.65,1.05,1.84,1.1,1.42,0.92,to move,1,mover
muestrario,4.62,1.7,3.59,1.48,4.65,1.85,1.93,1.03,1.14,0.44,1.28,0.59,1.21,0.49,1.24,0.69,sampling,1,muestrario
munición,2.57,1.52,6.2,1.73,5.3,1.59,1.37,0.89,3.3,1.47,2.63,1.52,3.4,1.22,1.9,1.27,ammunition,1,municion
muñeco,5.59,1.66,3.86,1.96,5.28,1.78,2.72,1.28,1.14,0.44,1.57,0.86,1.72,1.07,1.17,0.54,doll,1,muneco
muñón,2.67,1.69,4.27,2.13,6.33,0.82,1.07,0.37,1.53,0.73,3.2,1.03,1.93,1.14,2.9,1.24,stump,1,munon
murmurar,3.9,1.35,4.93,2.19,4.73,1.62,1.28,0.59,2.14,1.19,1.34,0.67,1.69,1.07,1.76,1.15,to murmur,2,murmurar
muro,3.71,1.55,3.03,2.21,5.91,1.65,1.17,0.75,2.03,1.22,1.87,1.11,2.17,1.15,1.4,0.72,wall,1,muro
mutilado,1.63,1.33,6.13,2.57,5.8,1.18,1.0,0.0,2.66,1.37,4.1,0.98,3.17,1.49,3.1,1.5,amputee,1,mutilado
nacional,5.07,1.55,3.63,1.92,3.48,1.96,1.87,1.11,1.53,0.9,1.6,0.93,1.7,1.06,1.43,0.77,national,1,nacional
nariz,4.53,1.04,4.17,1.34,5.78,1.82,1.5,0.82,1.4,0.81,1.33,0.76,1.4,0.77,1.83,0.79,nose,1,nariz
navegar,7.13,1.63,5.7,2.73,5.07,1.34,3.63,1.3,1.03,0.18,1.33,0.8,2.2,0.96,1.1,0.31,to navigate,1,navegar
nazi,1.1,0.31,6.9,2.34,6.23,1.09,1.0,0.0,4.27,1.14,3.87,1.38,4.17,1.32,3.93,1.48,nazi,1,nazi
náusea,1.47,0.78,6.8,1.94,5.6,1.45,1.03,0.18,1.7,1.06,2.47,1.33,2.83,1.39,4.59,0.78,nausea,1,nausea
necio,3.1,1.9,5.1,1.65,4.7,1.31,1.27,0.52,2.73,1.34,2.43,1.1,1.63,0.89,2.0,1.11,fool,1,necio
negativo,2.47,1.91,5.43,2.46,3.85,1.7,1.17,0.53,2.23,1.33,3.2,1.24,2.43,1.33,1.87,1.2,negative,1,negativo
negociar,5.6,1.33,5.77,1.43,4.15,1.31,2.37,1.03,1.8,1.06,1.57,0.73,2.3,1.12,1.47,0.63,to negotiate,2,negociar
nivel,5.13,0.82,4.13,2.13,3.5,1.59,1.7,0.99,1.37,0.76,1.43,0.82,1.7,0.95,1.27,0.83,level,1,nivel
noche,6.83,1.88,4.77,2.57,5.67,1.64,2.77,1.22,1.37,0.93,2.13,1.2,2.47,1.22,1.27,0.74,night,1,noche
novedoso,6.6,1.57,6.73,1.55,4.05,1.42,3.4,0.86,1.2,0.41,1.33,0.61,2.1,1.03,1.43,0.68,new,1,novedoso
número,4.53,1.33,3.27,2.0,5.6,1.76,1.43,0.73,1.33,0.88,1.4,0.89,1.5,0.97,1.33,0.88,number,1,numero
oasis,7.3,1.49,3.97,2.06,4.53,1.71,3.86,1.19,1.14,0.52,1.14,0.44,1.48,0.83,1.0,0.0,oasis,1,oasis
objeto,4.03,1.47,3.0,1.76,2.06,1.49,1.67,1.09,1.47,0.94,1.63,1.07,1.57,1.07,1.63,1.07,object,1,objeto
odioso,1.63,0.93,6.13,2.24,3.83,1.88,1.0,0.0,3.86,1.27,2.79,1.45,2.24,1.24,3.0,1.49,hateful,3,odioso
ofensa,2.45,1.62,6.34,1.61,4.44,1.64,1.24,0.69,3.21,1.29,2.97,1.24,2.24,1.15,2.17,1.26,offense,1,ofensa
oloroso,3.83,1.93,5.43,2.06,4.11,1.61,1.4,0.72,1.43,0.77,1.47,0.82,1.5,0.9,3.4,1.35,fragrant,1,oloroso
olvidar,3.5,1.8,5.27,2.41,4.43,1.52,1.9,1.3,2.0,1.11,3.9,1.09,3.53,1.17,1.4,0.93,to forget,1,olvidar
olvido,3.1,1.95,5.23,2.24,3.9,1.73,1.39,0.92,2.58,1.31,3.87,1.28,3.39,1.41,1.81,1.28,forget,1,olvido
oncología,3.21,2.65,6.86,2.28,6.03,1.27,1.75,1.29,2.36,1.45,3.93,1.39,3.89,1.66,1.39,0.69,oncology,1,oncologia
ondulado,5.14,1.3,3.52,1.96,3.85,2.14,1.79,1.21,1.03,0.19,1.07,0.37,1.1,0.31,1.1,0.31,wavy,1,ondulado
opaco,3.53,1.48,3.37,1.77,5.03,1.94,1.2,0.55,1.6,1.0,2.0,1.26,2.3,1.26,1.13,0.43,opaque,1,opaco
operación,3.1,1.71,6.43,2.19,4.4,1.88,1.57,0.86,2.13,1.22,3.23,1.38,4.23,1.04,2.43,1.28,operation,1,operacion
oprimir,1.9,1.16,6.23,1.99,3.98,1.53,1.0,0.0,3.73,1.34,3.07,1.44,3.6,1.33,2.5,1.59,oppress,2,oprimir
orar,4.87,1.83,4.0,2.0,5.03,1.67,2.07,1.34,1.5,1.04,2.27,1.39,1.93,1.2,1.43,1.01,to pray,1,orar
original,7.3,1.29,5.73,2.18,4.0,1.61,3.63,1.0,1.07,0.25,1.1,0.4,1.6,0.97,1.23,0.57,original,1,original
orquídea,7.07,1.74,3.37,1.99,6.65,0.59,3.34,1.04,1.1,0.56,1.38,0.78,1.03,0.19,1.1,0.31,orchid,1,orquidea
oruga,2.66,1.65,6.52,1.89,6.15,1.44,1.24,0.64,1.69,1.11,1.45,0.83,2.62,1.47,3.62,1.5,caterpillar,1,oruga
oscilar,4.52,1.21,4.55,2.28,3.64,1.9,1.34,0.77,1.48,0.83,1.59,0.87,1.55,0.78,1.24,0.51,to oscillate,1,oscilar
otear,5.06,1.59,4.56,1.98,4.08,1.61,1.5,0.71,1.11,0.47,1.17,0.51,1.44,0.7,1.17,0.51,to watch over,2,otear
otitis,1.87,1.41,4.87,2.1,5.93,1.46,1.07,0.25,2.03,1.16,2.6,1.35,2.93,1.14,2.7,1.47,otitis,1,otitis
otorgar,5.66,1.54,4.9,1.92,3.65,1.42,2.9,1.18,1.31,0.66,1.45,0.63,1.52,0.78,1.21,0.49,to grant,1,otorgar
ovacionar,7.77,1.07,6.83,1.97,5.7,1.08,4.38,0.62,1.1,0.41,1.1,0.41,1.21,0.56,1.07,0.37,to cheer,2,ovacionar
padecer,1.6,0.89,6.23,2.19,3.9,1.74,1.07,0.37,2.72,1.31,4.13,1.01,3.83,1.23,1.83,1.2,to suffer,1,padecer
paella,6.7,1.99,5.17,2.32,6.45,1.29,3.41,1.5,1.0,0.0,1.07,0.37,1.0,0.0,1.28,0.75,paella,1,paella
paisaje,6.73,2.15,4.7,2.22,4.9,1.75,3.9,1.04,1.23,0.76,1.87,1.09,1.61,0.99,1.35,0.84,landscape,1,paisaje
paranormal,3.77,1.65,6.67,1.92,2.95,1.79,1.38,0.68,1.48,0.95,1.55,0.83,3.87,1.28,1.34,0.72,paranormal,1,paranormal
parásito,2.43,2.27,5.7,2.25,5.15,1.58,1.2,0.76,2.6,1.4,2.43,1.17,3.53,1.2,4.0,1.23,parasite,1,parasito
parcial,4.93,1.34,3.8,1.88,3.48,1.34,1.67,1.15,1.53,0.94,1.63,0.93,1.77,1.1,1.57,0.97,partial,1,parcial
parecido,4.8,1.52,4.1,1.49,3.38,1.72,1.87,1.01,1.27,0.64,1.3,0.7,1.6,1.04,1.27,0.69,similarity,1,parecido
pasear,7.2,1.61,4.27,2.53,5.28,1.35,4.13,0.94,1.0,0.0,1.27,0.58,1.4,0.62,1.03,0.18,to walk,1,pasear
paseo,7.4,1.52,5.17,2.36,5.07,1.58,3.97,1.05,1.1,0.56,1.28,0.65,1.17,0.54,1.0,0.0,stroll,1,paseo
pavor,1.83,1.09,6.8,2.41,4.75,1.4,1.13,0.35,2.27,0.98,2.63,1.22,4.57,1.01,2.23,1.38,dread,1,pavor
pedo,3.5,2.01,4.43,2.31,6.15,1.39,1.97,1.35,1.83,1.21,1.5,0.97,1.47,0.9,3.93,1.05,fart,1,pedo
pegar,2.37,1.47,6.63,2.19,5.13,1.6,1.23,0.63,4.17,0.91,3.4,1.04,3.4,1.19,3.37,1.07,to hit / to glue,1,pegar
peinar,5.52,1.34,3.74,1.93,6.18,1.16,2.43,1.3,1.2,0.61,1.07,0.37,1.07,0.37,1.13,0.43,to comb,2,peinar
pelear,2.3,1.73,7.37,1.97,4.5,1.52,1.07,0.26,4.11,1.03,3.31,1.37,3.28,1.28,2.48,1.5,to fight,1,pelear
peligrar,2.6,1.69,7.13,2.03,3.98,1.7,1.13,0.43,2.8,1.52,2.73,1.36,4.4,0.97,1.9,1.09,to be in danger,1,peligrar
peligroso,2.6,2.3,7.5,1.8,4.3,1.99,1.2,0.41,2.57,1.43,1.87,1.07,4.5,1.01,1.9,1.27,dangerous,3,peligroso
pelirrojo,5.67,1.77,4.33,2.31,6.25,1.15,2.27,1.39,1.2,0.61,1.2,0.55,1.17,0.53,1.13,0.51,redhead,1,pelirrojo
pensión,4.83,1.74,4.6,1.63,4.9,1.73,2.13,1.2,1.57,1.01,2.2,1.3,2.2,1.06,1.7,0.88,hostel / alimony,1,pension
pequeño,5.3,1.32,3.97,1.77,4.58,1.73,2.33,1.52,1.23,0.68,1.37,0.76,1.77,1.1,1.33,0.84,small,3,pequeno
perder,2.0,1.05,5.47,2.39,5.15,1.84,1.2,0.41,3.23,1.28,3.93,1.08,3.13,1.53,1.8,1.24,to loose,1,perder
perdonar,7.17,1.74,5.57,2.1,5.22,1.57,3.87,0.94,1.47,0.94,1.7,1.02,2.1,1.32,1.23,0.73,to forgive,2,perdonar
perfil,4.47,1.33,3.33,1.86,3.9,1.64,1.53,1.07,1.2,0.48,1.33,0.71,1.4,0.89,1.2,0.48,profile,1,perfil
perfumado,7.07,1.68,5.07,2.35,5.03,1.43,3.4,1.19,1.07,0.25,1.23,0.68,1.07,0.25,1.37,0.72,perfumed,1,perfumado
perjudicar,1.83,1.32,5.7,2.15,4.73,1.48,1.1,0.4,3.27,1.11,3.3,1.21,2.67,1.32,2.57,1.43,to damage,1,perjudicar
perseverar,6.77,1.87,5.6,2.18,4.28,1.47,3.33,1.42,1.27,0.69,1.47,0.82,1.43,0.86,1.07,0.25,to persevere,1,perseverar
pesadilla,1.6,0.86,7.5,1.63,4.58,1.9,1.03,0.19,2.41,1.4,3.3,1.39,4.62,0.62,2.07,1.22,nightmare,1,pesadilla
pesado,2.7,1.12,4.57,2.11,4.3,1.53,1.27,0.58,2.13,1.2,1.83,1.15,1.67,0.92,2.0,1.23,heavy / tiresome,3,pesado
pérdida,2.17,1.34,6.0,2.12,3.78,1.72,1.1,0.41,2.9,1.29,4.45,0.91,3.76,1.27,1.48,0.99,loss,1,perdida
pie,4.33,1.63,4.03,2.33,6.66,0.63,1.3,0.75,1.2,0.55,1.1,0.4,1.2,0.55,2.53,1.25,foot,1,pie
piropear,6.63,1.75,6.43,1.74,5.15,1.39,3.53,1.2,1.5,1.01,1.33,0.8,1.37,0.72,1.83,1.15,to make flattering comments,2,piropear
piropo,7.73,1.2,6.53,1.63,4.9,1.58,4.07,1.11,1.27,0.58,1.13,0.51,1.5,0.9,1.67,0.84,flirtatious remark,1,piropo
piscina,7.4,1.13,6.3,1.64,6.1,0.95,4.0,0.87,1.1,0.31,1.07,0.25,1.43,0.57,1.4,0.72,swimming pool,1,piscina
plenitud,7.47,1.31,5.77,1.63,3.65,1.51,4.2,0.85,1.07,0.25,1.13,0.35,1.43,0.68,1.07,0.25,fullness,1,plenitud
poema,6.93,1.84,5.17,2.32,5.13,1.82,3.84,1.0,1.84,1.34,3.03,1.38,1.74,1.15,1.39,1.02,poem,1,poema
político,2.27,1.29,5.87,2.38,5.15,1.3,1.17,0.46,3.97,1.33,2.77,1.52,2.4,1.33,3.73,1.23,politician,3,politico
posible,6.8,1.4,5.53,1.74,3.15,1.51,3.43,1.19,1.27,0.58,1.53,0.86,1.6,0.86,1.27,0.58,possible,1,posible
positivo,7.73,1.46,5.43,1.89,3.4,1.62,4.3,0.84,1.07,0.25,1.03,0.18,1.3,0.6,1.03,0.18,positive,3,positivo
pólvora,4.07,1.96,6.86,1.96,5.4,1.6,1.72,1.0,2.03,1.27,1.79,1.08,3.17,1.54,1.55,1.12,gunpowder,1,polvora
precintar,4.67,0.84,4.23,1.55,5.45,1.08,1.28,0.65,1.14,0.44,1.28,0.7,1.24,0.64,1.14,0.44,to close off,2,precintar
prejuicio,1.63,0.81,5.57,1.89,4.83,1.25,1.03,0.18,3.5,1.07,3.47,1.25,2.93,1.46,3.13,1.25,prejudice,1,prejuicio
premiar,7.5,1.31,6.57,1.25,4.45,1.68,4.33,0.71,1.23,0.57,1.13,0.35,1.37,0.72,1.07,0.25,to award,1,premiar
premio,7.97,1.59,6.6,1.71,5.25,1.38,4.47,0.94,1.13,0.35,1.07,0.25,1.47,0.9,1.03,0.18,award,1,premio
preocupar,2.6,1.9,6.9,1.88,4.28,1.69,1.1,0.4,2.07,1.26,3.73,1.05,3.97,1.27,1.4,0.81,to worry,2,preocupar
preparado,7.1,1.6,6.2,2.23,4.0,1.49,3.5,1.14,1.1,0.31,1.3,0.7,1.57,0.86,1.07,0.25,qualified,1,preparado
preparar,5.83,1.67,5.76,2.43,3.27,1.94,2.79,1.29,1.07,0.37,1.28,0.59,1.53,0.78,1.1,0.41,to prepare,2,preparar
presumido,4.13,2.08,4.83,1.93,5.07,1.14,1.97,1.19,1.83,1.02,1.33,0.55,1.1,0.31,1.77,0.94,boastfull,1,presumido
pretencioso,2.79,1.32,5.46,2.03,4.59,1.68,1.07,0.26,2.86,1.19,1.93,1.28,1.38,0.9,2.31,1.07,conceited,3,pretencioso
probar,6.5,1.25,6.1,1.88,4.05,1.25,3.17,0.91,1.1,0.31,1.2,0.48,2.4,1.04,1.57,1.04,to try,1,probar
producto,4.93,1.78,3.23,1.85,3.7,2.34,1.71,0.94,1.29,0.53,1.29,0.59,1.35,0.55,1.48,0.77,product,1,producto
programar,5.45,1.43,4.28,2.07,4.62,1.46,1.97,1.05,1.28,0.65,1.31,0.6,1.66,0.86,1.24,0.83,to program,1,programar
prosperar,7.28,2.09,6.23,1.98,4.62,1.46,4.37,0.96,1.03,0.18,1.27,0.64,1.8,1.03,1.07,0.37,to thrive,1,prosperar
prostituir,2.3,1.95,6.33,1.95,5.78,1.09,1.0,0.0,2.47,1.38,3.53,1.28,2.37,1.43,2.83,1.42,to prostitute,1,prostituir
proteger,7.2,1.3,6.33,1.94,4.53,1.35,3.5,0.97,1.53,0.82,1.53,0.78,2.1,1.3,1.03,0.18,to protect,1,proteger
provincia,4.7,1.58,3.07,1.72,5.52,1.63,1.43,1.01,1.33,0.76,1.43,0.94,1.2,0.55,1.27,0.69,province,1,provincia
psicosis,2.7,1.95,6.9,2.01,5.48,1.28,1.27,0.78,2.63,1.3,2.9,1.32,3.6,1.3,1.77,1.22,psychosis,1,psicosis
psicópata,2.43,2.25,7.27,2.36,5.25,1.64,1.03,0.18,2.97,1.5,3.0,1.39,4.13,1.04,2.6,1.59,psychopath,1,psicopata
puñalada,1.43,0.86,7.57,1.33,6.2,0.81,1.03,0.18,4.17,1.29,3.67,1.32,4.47,0.82,3.0,1.64,stab,1,punalada
puro,5.76,2.08,4.76,1.98,3.0,1.98,2.57,1.28,1.1,0.31,1.0,0.0,1.23,0.43,1.13,0.43,pure / cigar,3,puro
purulento,1.85,1.41,5.3,2.38,5.11,1.52,1.0,0.0,1.35,0.8,1.88,1.03,2.42,1.36,4.12,1.31,purulent,3,purulento
pústula,1.89,1.33,6.68,1.92,5.82,1.35,1.25,0.55,2.05,1.19,2.25,1.07,2.7,1.22,4.1,1.37,pustule,1,pustula
quejumbroso,2.84,2.15,5.24,1.92,4.33,1.5,1.12,0.33,2.36,1.32,2.71,1.2,1.76,1.09,2.16,1.21,cranky,3,quejumbroso
quemar,2.97,2.08,6.37,1.97,4.62,1.63,1.13,0.43,3.43,1.43,3.03,1.33,3.83,1.12,2.2,1.27,to burn,2,quemar
quieto,4.6,1.19,2.4,2.09,5.45,1.77,1.57,0.97,1.43,0.86,2.27,1.26,2.17,1.09,1.43,0.77,still,1,quieto
quimioterapia,2.1,2.31,6.07,2.97,5.95,1.14,1.17,0.46,2.93,1.31,4.2,0.92,4.43,0.86,2.13,1.31,chemotherapy,1,quimioterapia
racial,4.3,2.38,4.5,1.83,4.0,1.66,1.97,1.33,1.77,1.22,1.77,1.14,1.77,1.17,1.63,1.16,racial,1,racial
reanimar,6.27,2.43,7.6,1.43,4.92,1.62,2.8,1.4,1.5,0.97,2.17,1.15,2.8,1.67,1.3,0.65,revive,1,reanimar
recalcar,4.72,1.51,5.24,1.77,4.11,1.58,1.38,0.78,1.62,0.86,1.38,0.73,1.41,0.82,1.48,0.99,to emphasize,1,recalcar
recibir,6.9,1.37,5.5,1.74,3.63,1.39,3.97,0.89,1.1,0.31,1.33,0.66,1.7,0.84,1.07,0.25,to receive,2,recibir
reciclar,7.35,1.66,4.32,2.09,5.52,1.43,3.43,1.19,1.13,0.43,1.2,0.41,1.13,0.57,1.1,0.31,to recycle,2,reciclar
recolectar,5.48,1.9,4.83,2.56,5.32,1.29,2.34,1.37,1.1,0.56,1.03,0.19,1.14,0.44,1.1,0.41,to gather,1,recolectar
recompensar,7.73,1.05,6.43,1.89,4.45,1.62,4.43,0.63,1.03,0.19,1.28,0.8,1.24,0.79,1.1,0.56,to reward,1,recompensar
recriminar,2.47,1.33,5.8,2.17,4.47,1.41,1.23,0.5,3.4,1.16,3.03,1.35,2.63,1.1,2.27,1.44,to reproach,2,recriminar
recrudecer,3.35,1.96,5.54,2.28,4.06,1.73,1.15,0.46,2.19,1.27,2.59,1.5,2.52,1.34,2.15,1.23,to worsen,2,recrudecer
redicho,3.64,1.7,5.18,1.87,3.97,1.67,1.56,0.97,1.67,0.83,1.44,0.64,1.33,0.68,1.59,0.89,pretentious,3,redicho
reemplazar,4.47,1.41,5.0,1.49,4.17,1.8,2.17,1.21,1.5,0.9,2.37,1.22,2.17,1.29,1.23,0.5,to replace,1,reemplazar
referir,4.66,0.77,4.17,1.61,3.41,1.53,1.52,0.91,1.31,0.76,1.34,0.67,1.24,0.58,1.31,0.66,to refer,1,referir
reformar,6.03,1.67,6.3,2.02,3.8,1.95,3.1,1.06,1.4,0.81,1.67,0.96,2.0,1.2,1.23,0.68,to remodel,1,reformar
reforzar,6.2,1.27,5.8,1.58,3.95,1.25,3.13,1.31,1.23,0.5,1.3,0.6,1.47,0.73,1.13,0.43,to reinforce,1,reforzar
refrescante,7.21,1.15,5.48,1.92,4.6,1.4,3.73,1.23,1.07,0.25,1.13,0.51,1.07,0.37,1.13,0.51,refreshing,1,refrescante
regalar,8.31,0.97,6.86,1.64,5.19,1.8,4.66,0.67,1.07,0.26,1.14,0.44,1.17,0.47,1.0,0.0,to give (a gift),1,regalar
regañar,2.27,1.31,6.6,1.77,5.25,1.55,1.1,0.4,3.57,0.77,3.4,1.07,3.2,0.96,2.0,1.14,to scold,2,reganar
reinar,5.4,2.08,5.27,2.2,5.33,1.54,2.43,1.22,1.47,0.9,1.63,1.1,1.77,1.04,1.27,0.69,to reign,2,reinar
reír,8.6,0.62,7.57,1.79,5.55,1.55,4.87,0.43,1.0,0.0,1.1,0.4,1.23,0.77,1.03,0.18,to laugh,1,reir
relación,6.13,1.59,5.3,1.97,3.8,1.6,3.83,0.99,1.57,0.86,1.9,0.96,2.2,1.06,1.37,0.67,relation / relationship,1,relacion
relajación,7.5,1.66,2.17,2.28,4.77,1.44,3.7,1.15,1.03,0.18,1.37,0.61,1.17,0.46,1.07,0.37,relaxation,1,relajacion
relax,7.73,1.72,1.93,1.39,4.55,1.72,3.87,1.07,1.17,0.53,1.27,0.74,1.23,0.77,1.07,0.37,relax,1,relax
religioso,4.4,1.75,3.87,2.16,4.3,1.85,2.07,1.36,1.83,1.18,2.0,1.11,2.03,1.3,1.93,1.31,religious,3,religioso
remover,4.37,1.1,5.03,1.35,4.1,1.7,1.3,0.53,1.73,1.23,1.87,1.2,1.7,1.12,1.73,0.98,to remove,1,remover
renacer,7.03,1.33,5.83,2.45,3.63,2.09,3.9,1.03,1.1,0.31,1.17,0.46,1.9,1.09,1.03,0.19,to be reborn,1,renacer
renovar,6.63,1.43,5.8,1.75,4.3,1.73,3.47,1.11,1.17,0.46,1.43,0.77,1.8,1.06,1.1,0.31,to renew,1,renovar
reprender,2.75,1.35,6.11,1.62,3.9,1.44,1.14,0.76,3.36,0.99,2.5,1.11,2.79,1.26,1.61,0.92,to reprimand,1,reprender
repugnancia,1.37,0.81,5.67,2.52,4.8,1.68,1.0,0.0,2.83,1.53,2.4,1.33,1.93,1.01,4.7,0.53,revulsion,1,repugnancia
repugnar,1.83,1.37,6.33,1.65,4.77,1.43,1.1,0.4,2.37,1.5,2.23,1.43,2.17,1.32,4.7,0.84,to disgust,2,repugnar
repulsivo,1.53,1.11,6.03,1.92,4.85,1.43,1.03,0.18,2.4,1.1,2.03,1.07,2.17,1.02,4.6,0.72,repulsive,1,repulsivo
rescatar,7.37,1.77,7.1,1.92,5.28,1.07,3.77,1.36,1.45,1.06,1.68,1.17,2.61,1.26,1.26,0.82,to rescue,1,rescatar
respetar,8.37,1.0,4.7,2.2,4.8,1.7,4.17,1.15,1.23,0.68,1.17,0.53,1.5,1.07,1.23,0.63,to respect,1,respetar
respiración,7.87,1.14,3.77,2.34,5.67,1.58,2.97,1.4,1.2,0.66,1.3,0.75,1.33,0.66,1.07,0.37,breathing,1,respiracion
respirar,7.37,1.5,4.87,2.16,6.05,1.15,3.53,1.48,1.13,0.43,1.13,0.43,1.13,0.43,1.03,0.18,to breathe,1,respirar
resumir,5.0,1.6,4.66,1.99,4.47,1.56,1.38,0.73,1.14,0.44,1.52,0.87,1.24,0.58,1.21,0.49,to sum up,2,resumir
reventar,2.73,1.76,6.97,1.4,4.17,1.31,1.33,0.76,3.23,1.36,2.53,1.38,3.13,1.31,2.03,1.19,to burst,1,reventar
revoltoso,4.7,1.64,6.9,1.54,4.5,1.27,2.2,1.1,2.47,1.11,1.03,0.18,1.97,1.13,1.3,0.53,naughty,1,revoltoso
revolver,3.63,1.85,6.6,1.83,4.68,1.7,1.38,0.9,2.48,1.45,1.83,1.28,2.14,1.41,2.1,1.35,to stir,1,revolver
rezar,4.71,1.81,3.26,1.83,5.21,1.77,2.13,1.33,1.27,0.64,1.67,1.06,1.57,1.04,1.13,0.43,to pray,1,rezar
rico,6.57,1.77,5.66,1.88,3.75,1.52,3.41,1.15,1.4,0.72,1.47,0.82,1.4,0.72,1.47,0.86,rich,3,rico
ridiculizar,2.3,1.99,6.5,1.93,4.92,1.77,1.13,0.43,2.97,1.27,3.53,1.14,2.73,1.28,2.77,1.41,to ridicule,1,ridiculizar
ridículo,2.57,1.43,6.23,1.77,3.68,1.78,1.17,0.46,2.0,1.2,2.43,1.3,2.8,1.4,1.63,1.0,ridiculous,1,ridiculo
risueño,7.73,1.2,5.47,1.59,4.7,1.68,4.2,0.92,1.07,0.25,1.03,0.18,1.07,0.25,1.0,0.0,smiley,1,risueno
rival,3.3,2.23,6.8,1.61,4.95,1.72,1.47,0.68,2.9,1.37,2.23,1.22,2.73,1.26,2.13,1.2,rival,1,rival
rizado,5.43,1.41,4.1,2.11,5.88,1.21,2.3,1.29,1.33,0.8,1.2,0.48,1.23,0.77,1.23,0.57,curly,1,rizado
robo,1.4,0.81,7.63,1.38,5.25,1.4,1.0,0.0,4.43,0.68,3.7,1.26,4.47,0.82,2.97,1.38,theft,1,robo
robusto,5.93,1.73,5.0,2.19,4.65,1.39,1.9,1.01,1.66,0.9,1.31,0.6,1.97,1.05,1.24,0.58,robust,1,robusto
rogar,3.4,1.54,5.9,1.67,4.53,1.4,1.42,0.89,2.03,1.2,2.97,1.33,2.58,1.36,1.77,1.18,to beg,1,rogar
romper,3.2,1.54,6.43,1.85,4.43,1.69,1.4,0.77,2.93,1.6,3.07,1.26,3.0,1.29,1.73,0.94,to break,2,romper
rosa,6.43,1.72,3.53,2.06,5.15,1.9,3.23,1.43,1.13,0.43,1.27,0.69,1.2,0.48,1.13,0.51,rose,1,rosa
rotular,5.0,1.05,4.1,1.58,5.22,1.37,1.72,1.16,1.0,0.0,1.03,0.19,1.0,0.0,1.03,0.19,to label,3,rotular
rudo,3.25,1.53,4.71,1.72,4.65,1.24,1.25,0.59,2.21,1.26,1.79,0.96,1.93,0.94,1.89,1.07,rough,1,rudo
rueda,5.23,1.96,4.3,2.02,5.55,1.99,1.4,0.81,1.03,0.18,1.1,0.4,1.43,0.9,1.1,0.4,wheel,1,rueda
ruin,1.7,1.02,5.13,2.03,5.25,1.37,1.03,0.18,3.57,1.3,2.73,1.11,1.9,0.99,2.93,1.26,despicable,1,ruin
rural,6.17,1.66,5.37,1.83,4.13,1.34,3.37,1.03,1.2,0.48,1.6,0.72,1.6,0.86,1.5,0.73,rural,1,rural
sabiduría,7.93,1.26,4.97,2.36,4.13,1.65,4.1,0.92,1.2,0.55,1.27,0.78,1.27,0.52,1.17,0.65,wisdom,1,sabiduria
sacrificar,2.67,1.99,6.6,2.16,5.0,1.85,1.03,0.18,3.0,1.44,4.17,0.99,3.43,1.38,2.67,1.58,to sacrifice,1,sacrificar
salario,6.3,2.09,5.83,2.45,5.37,1.37,3.53,1.31,1.8,1.19,2.2,1.27,2.0,1.17,1.67,1.15,salary,1,salario
salir,6.33,1.71,6.07,2.05,4.23,1.79,3.63,1.43,1.23,0.57,1.37,0.72,1.97,1.1,1.1,0.55,to leave,2,salir
saltear,5.63,1.1,4.17,2.02,4.45,1.53,1.66,0.86,1.14,0.44,1.07,0.26,1.1,0.31,1.03,0.19,to stir fry,1,saltear
salvaje,5.33,1.79,6.6,1.67,3.87,1.59,2.23,1.28,1.8,1.16,1.4,0.93,2.9,1.18,1.4,0.81,wild,1,salvaje
salvar,7.8,1.32,6.87,1.87,5.2,1.42,4.2,1.0,1.1,0.31,1.23,0.63,1.83,0.87,1.03,0.18,to save,2,salvar
sancionar,2.33,1.56,6.07,2.18,4.75,1.35,1.17,0.59,3.37,0.96,2.87,1.11,3.07,1.36,2.13,1.22,to penalize,1,sancionar
sangrar,2.17,0.83,7.17,1.82,6.03,0.77,1.21,0.56,2.14,1.22,3.0,1.36,3.62,1.21,2.86,1.36,to bleed,2,sangrar
sangre,3.87,1.83,5.9,2.06,6.15,1.68,1.43,0.94,1.83,1.18,1.87,1.25,2.5,1.25,2.5,1.36,blood,1,sangre
sano,7.87,2.06,5.5,2.19,5.48,1.53,4.42,0.85,1.23,0.8,1.29,0.9,1.42,0.92,1.16,0.73,healthy,3,sano
satisfacción,8.53,0.9,6.4,2.13,4.9,1.79,4.73,0.52,1.13,0.57,1.03,0.18,1.1,0.31,1.0,0.0,satisfaction,1,satisfaccion
sauna,6.67,1.83,4.17,2.42,6.12,1.33,3.33,1.24,1.13,0.35,1.27,0.69,1.5,0.82,1.53,0.9,sauna,1,sauna
seco,5.0,1.36,4.47,1.57,4.83,1.65,1.79,1.18,1.21,0.56,1.55,0.95,1.45,0.87,1.38,0.82,dry,3,seco
secuestrar,1.29,0.69,7.52,1.26,5.62,1.36,1.03,0.18,4.13,1.04,3.57,1.45,4.47,1.01,3.1,1.45,to kidnap,1,secuestrar
sed,3.07,1.51,5.5,2.39,5.58,1.57,1.27,0.64,1.63,1.07,2.1,1.4,1.83,1.34,1.6,0.97,thirst,1,sed
seducción,7.7,1.06,7.37,1.22,4.65,1.29,3.6,1.25,1.3,0.6,1.13,0.35,1.7,0.88,1.4,0.77,seduction,1,seduccion
seducir,7.32,1.25,7.0,1.32,4.87,1.48,3.53,1.04,1.1,0.4,1.13,0.35,1.67,0.96,1.23,0.43,to seduce,1,seducir
seductor,6.6,1.28,6.2,1.63,5.05,1.25,2.93,1.2,1.3,0.6,1.13,0.35,1.5,0.94,1.33,0.55,seductive,1,seductor
sellar,5.07,0.94,3.77,1.48,4.77,1.6,1.21,0.49,1.07,0.37,1.1,0.31,1.14,0.44,1.0,0.0,to seal,1,sellar
selva,6.0,1.51,6.0,1.88,5.97,1.21,2.9,1.01,1.28,0.7,1.21,0.49,3.0,1.1,1.52,0.83,jungle,1,selva
sencillo,5.9,1.56,4.33,1.71,3.78,1.22,2.73,1.28,1.1,0.4,1.33,0.66,1.5,0.9,1.17,0.46,simple,1,sencillo
senderismo,6.87,1.65,6.17,1.83,5.97,1.05,3.53,1.11,1.13,0.43,1.23,0.5,1.33,0.66,1.17,0.38,hiking,1,senderismo
sensato,7.0,1.39,4.47,1.94,5.05,1.47,2.87,1.14,1.27,0.69,1.73,1.08,1.7,1.26,1.13,0.57,sensible,1,sensato
sensibilidad,6.33,1.42,4.6,2.06,4.38,1.46,2.8,1.21,1.33,0.88,2.37,1.35,2.07,1.34,1.17,0.46,sensitivity,1,sensibilidad
sentir,6.8,1.71,6.9,1.65,3.85,1.81,4.19,0.83,2.45,1.46,2.58,1.46,3.23,1.33,1.94,1.41,to feel,2,sentir
separación,3.33,2.32,5.37,2.37,4.6,1.85,1.47,0.78,2.47,1.17,4.0,1.11,3.33,1.18,1.53,1.01,separation,1,separacion
septentrional,4.62,1.63,3.77,2.08,4.69,1.9,1.38,0.98,1.31,0.74,1.19,0.57,1.31,0.79,1.12,0.43,northern,1,septentrional
serenidad,7.9,1.09,2.77,2.3,3.98,1.99,3.31,1.37,1.0,0.0,1.34,0.72,1.21,0.49,1.0,0.0,serenity,1,serenidad
servidumbre,2.33,1.49,4.87,1.94,4.28,1.6,1.17,0.47,2.97,1.59,3.1,1.69,2.55,1.53,2.53,1.53,servants,1,servidumbre
sexualidad,7.53,1.28,7.5,1.25,4.68,1.48,3.9,1.09,1.23,0.5,1.13,0.43,1.63,1.03,1.37,0.72,sexuality,1,sexualidad
siesta,6.93,1.82,2.07,1.91,6.1,1.27,3.6,1.3,1.1,0.31,1.33,0.84,1.1,0.4,1.07,0.25,nap,1,siesta
silencioso,5.1,2.11,3.33,1.69,5.07,1.47,1.97,1.22,1.23,0.5,2.37,1.19,2.2,1.13,1.23,0.77,silent,1,silencioso
similar,4.77,1.25,3.87,1.83,3.63,1.68,1.77,1.02,1.32,0.65,1.48,0.77,1.39,0.8,1.26,0.63,similar,1,similar
sincero,7.83,1.39,5.37,2.06,4.4,2.03,4.07,0.75,1.24,0.69,1.28,0.7,1.62,1.01,1.17,0.76,sincere,1,sincero
sintáctico,4.44,1.42,3.84,1.93,3.63,2.07,1.58,0.9,1.38,0.7,1.42,0.7,1.31,0.55,1.5,0.91,syntactic,3,sintactico
sistemático,5.07,1.62,4.31,2.39,3.98,1.82,1.45,0.74,1.34,0.86,1.38,0.78,1.45,0.83,1.28,0.7,systematic,3,sistematico
sífilis,2.0,2.04,7.07,2.23,6.22,1.01,1.18,0.77,2.57,1.48,3.32,1.52,4.04,1.2,3.57,1.43,syphilis,1,sifilis
sobornar,2.13,1.23,5.81,1.6,4.88,1.41,1.17,0.46,3.87,1.2,2.7,1.29,2.17,1.09,3.23,1.43,to bribe,1,sobornar
soborno,1.6,0.77,6.5,1.93,5.13,1.13,1.0,0.0,4.17,1.07,3.27,1.44,2.72,1.36,3.5,1.43,bribery,1,soborno
sobresaliente,8.2,1.35,7.2,1.56,5.48,1.65,4.67,0.61,1.17,0.46,1.03,0.18,1.23,0.5,1.23,0.68,outstanding,1,sobresaliente
sobresalir,6.52,1.94,6.86,1.46,4.86,1.46,3.55,1.35,1.21,0.49,1.24,0.64,1.38,0.9,1.14,0.44,to stand out,2,sobresalir
sobrevivir,6.73,2.27,6.86,2.2,5.0,1.37,3.77,1.45,1.47,0.82,2.0,1.26,2.83,1.18,1.2,0.55,to survive,1,sobrevivir
socorrer,6.73,1.89,7.13,1.93,4.98,1.32,2.27,1.36,1.33,0.96,1.67,0.99,2.67,1.47,1.13,0.51,to help,1,socorrer
solidaridad,8.1,1.21,5.5,2.37,4.08,1.97,4.13,1.28,1.03,0.18,1.33,0.8,1.17,0.38,1.03,0.18,solidarity,1,solidaridad
sollozar,1.87,1.14,6.0,2.05,5.55,1.16,1.27,0.69,2.2,1.3,4.33,1.12,2.43,1.33,1.37,0.93,to sob,2,sollozar
sonido,5.93,1.31,5.83,1.97,3.38,1.91,2.87,1.33,1.47,0.86,1.9,1.21,1.7,1.09,1.37,0.89,sound,1,sonido
sonreír,8.48,0.68,6.81,1.7,6.11,1.26,4.9,0.31,1.03,0.18,1.13,0.43,1.03,0.18,1.03,0.18,to smile,1,sonreir
sonrisa,8.53,0.82,6.93,1.82,6.12,1.28,4.58,0.85,1.39,0.95,1.52,1.06,1.52,1.03,1.39,1.02,smile,1,sonrisa
sorprender,6.87,1.25,7.03,1.33,3.75,1.46,3.73,1.01,1.23,0.68,1.17,0.46,2.03,1.22,1.13,0.35,to surprise,1,sorprender
sorpresa,7.33,1.37,7.83,0.99,3.93,1.53,4.07,0.91,1.33,0.66,1.4,0.72,2.03,1.07,1.3,0.88,surprise,1,sorpresa
sosiego,6.14,2.25,2.41,1.97,4.29,1.57,2.64,1.52,1.39,0.79,1.79,0.96,1.43,0.88,1.29,0.66,calm,1,sosiego
sospecha,3.7,1.19,6.53,1.41,3.8,1.34,1.27,0.64,2.73,1.41,2.17,1.26,2.77,1.38,1.73,1.11,suspicion,1,sospecha
sueldo,7.67,1.6,7.0,1.6,5.78,1.55,4.2,0.89,1.3,0.65,1.37,0.76,1.53,0.78,1.2,0.55,wage,1,sueldo
suelo,4.43,1.36,2.9,1.97,5.82,1.69,1.53,0.9,1.33,0.76,1.57,1.04,1.63,0.93,1.7,1.15,floor,1,suelo
suerte,7.73,1.41,6.6,2.06,4.25,1.97,4.5,0.63,1.13,0.35,1.23,0.57,1.4,0.67,1.17,0.53,luck,1,suerte
sufrimiento,1.77,1.63,5.73,2.72,4.3,1.68,1.03,0.18,3.07,1.41,4.37,0.89,3.9,1.16,2.3,1.44,suffering,1,sufrimiento
superación,7.97,1.22,7.17,1.93,4.9,1.58,4.57,0.63,1.2,0.61,1.13,0.35,1.67,0.88,1.03,0.18,improvement,1,superacion
suscribir,4.97,1.21,4.52,1.74,4.23,1.39,1.52,0.83,1.24,0.58,1.24,0.64,1.34,0.72,1.17,0.54,to subscribe to,1,suscribir
suspenso,1.77,1.52,6.97,2.34,5.8,1.22,1.26,1.0,4.0,1.24,4.45,0.77,3.84,1.34,2.52,1.41,fail,1,suspenso
sustancia,4.53,1.01,3.0,2.0,2.22,1.6,1.37,0.72,1.17,0.53,1.2,0.55,1.5,0.78,1.77,1.01,substance,1,sustancia
susto,3.13,1.68,7.63,2.01,4.65,1.58,1.53,0.97,2.57,1.1,1.97,1.22,4.03,1.03,1.83,0.99,scare,1,susto
susurrar,6.07,1.66,4.23,2.06,5.73,1.19,2.21,1.47,1.45,1.02,1.52,1.06,1.55,1.15,1.21,0.56,to whisper,2,susurrar
susurro,5.67,1.95,3.73,2.63,5.18,1.52,2.77,1.25,1.2,0.48,1.47,0.82,2.03,1.22,1.23,0.5,whispering,1,susurro
tacaño,2.2,1.21,4.87,1.87,5.45,1.34,1.07,0.25,2.7,1.39,2.5,1.38,1.37,0.76,2.43,1.52,stingy,1,tacano
tacto,6.47,1.63,5.23,2.3,4.38,1.79,3.1,1.24,1.3,0.84,1.33,0.96,2.03,1.13,1.9,1.09,touch,1,tacto
tarea,4.57,1.36,5.4,2.18,4.02,1.73,1.63,0.85,1.53,0.9,1.6,0.81,1.53,0.86,1.6,1.0,task,1,tarea
teatro,7.27,1.53,5.73,1.96,5.73,1.28,4.07,0.92,1.34,1.08,1.72,1.19,1.55,1.15,1.34,1.08,theatre,1,teatro
techo,4.9,2.01,3.03,1.81,5.78,1.31,2.03,1.25,1.37,0.93,1.37,0.76,1.63,1.07,1.23,0.5,ceiling,1,techo
tecla,4.17,1.44,3.67,1.84,5.03,2.03,1.53,0.82,1.37,0.72,1.27,0.64,1.33,0.66,1.3,0.65,key,1,tecla
tema,4.48,1.35,3.79,1.76,2.16,1.64,1.77,1.1,1.27,0.52,1.47,0.78,1.47,0.73,1.3,0.53,theme,1,tema
temer,2.2,1.42,7.0,1.82,4.05,1.4,1.07,0.25,2.33,1.35,2.87,1.41,4.7,0.65,1.97,1.22,to fear,2,temer
temerario,3.5,2.36,6.97,1.73,4.88,1.48,1.7,1.26,2.47,1.22,1.73,1.01,4.07,1.28,1.5,0.82,reckless,1,temerario
templado,5.67,1.6,3.3,1.62,3.48,1.55,1.87,0.86,1.13,0.43,1.27,0.74,1.1,0.4,1.3,0.95,lukewarm,1,templado
templanza,7.1,1.37,3.17,1.85,4.23,1.97,3.0,1.1,1.14,0.35,1.41,0.78,1.41,0.82,1.03,0.19,temperance,1,templanza
temporal,4.23,1.43,5.5,1.74,3.38,1.71,1.7,0.92,1.9,1.12,2.47,1.2,2.9,1.3,1.6,0.89,storm / temporary,1,temporal
tenebroso,2.9,2.23,6.4,2.03,4.73,1.47,1.27,0.78,1.93,1.28,2.3,1.37,3.93,1.34,1.93,1.28,sinister,1,tenebroso
tentar,5.3,1.51,6.03,2.06,3.63,1.8,2.14,1.09,1.48,0.74,1.45,0.83,2.34,1.2,1.41,0.68,to tempt,1,tentar
ternura,8.0,1.44,4.7,2.41,5.28,1.65,4.07,1.05,1.07,0.37,1.27,0.69,1.07,0.37,1.07,0.37,tenderness,1,ternura
terremoto,1.87,1.7,8.07,1.2,6.35,1.06,1.0,0.0,2.13,1.04,3.13,1.41,4.47,0.9,1.5,0.94,earthquake,1,terremoto
terrorismo,1.37,1.38,7.47,1.87,5.4,1.4,1.07,0.25,4.53,0.9,4.3,1.18,4.37,1.16,3.83,1.44,terrorism,1,terrorismo
texto,5.3,1.29,3.9,1.67,4.15,1.64,2.35,1.33,1.48,0.85,1.81,1.08,1.58,0.92,1.45,0.81,text,1,texto
tétrico,2.23,1.3,5.53,2.8,4.62,1.77,1.13,0.35,2.1,1.35,2.73,1.55,4.0,1.31,2.37,1.4,gloomy,1,tetrico
timado,2.0,1.31,6.28,2.02,4.91,1.16,1.07,0.25,4.63,0.61,3.23,1.19,2.77,1.28,3.13,1.33,tricked,1,timado
timbre,4.9,1.52,6.17,2.09,5.63,1.63,2.63,1.13,1.67,1.03,1.3,0.6,1.6,1.07,1.1,0.4,bell,1,timbre
tiranía,1.87,1.98,6.83,1.76,4.77,1.55,1.07,0.37,3.9,1.35,3.63,1.43,3.93,1.48,3.63,1.27,tyranny,1,tirania
torcer,3.28,1.53,5.17,2.25,3.6,1.8,1.21,0.56,1.97,1.21,1.9,1.08,2.3,1.26,1.31,0.66,to twist,1,torcer
torcido,2.9,1.16,4.53,1.8,4.45,1.49,1.23,0.5,2.03,0.96,2.1,1.03,1.9,1.09,1.57,0.82,twisted,1,torcido
torear,2.23,1.38,6.45,2.39,5.38,1.61,1.17,0.46,3.63,1.35,3.1,1.3,2.6,1.48,3.37,1.38,to bull fight,1,torear
tormento,2.17,1.56,6.52,1.87,4.23,1.5,1.17,0.46,3.03,1.27,3.27,1.46,2.8,1.35,1.93,1.28,torment,1,tormento
torturado,1.37,0.96,7.38,2.08,5.37,1.2,1.0,0.0,4.27,1.01,4.2,1.0,4.5,1.01,3.4,1.4,tortured,1,torturado
torturar,1.17,0.38,8.13,1.48,5.8,1.22,1.0,0.0,4.62,0.78,3.9,1.47,4.55,1.06,3.93,1.46,to torture,2,torturar
tosco,3.62,1.29,4.07,1.91,3.87,1.59,1.14,0.44,1.76,1.12,1.97,1.05,1.62,0.98,1.97,1.15,coarse,3,tosco
trabajador,6.73,1.98,5.77,2.54,5.05,1.49,3.47,1.48,1.17,0.46,1.27,0.58,1.47,1.07,1.13,0.35,worker,1,trabajador
trabajar,6.03,2.61,6.83,2.09,5.18,1.7,3.4,1.33,1.63,1.07,1.93,1.11,1.8,1.1,1.63,1.03,to work,2,trabajar
traición,1.33,0.55,6.37,2.11,5.18,1.62,1.03,0.18,4.2,0.89,3.93,1.2,3.2,1.42,3.17,1.6,treason,1,traicion
tramposo,3.0,2.05,5.8,2.07,4.62,1.5,1.3,0.53,3.63,1.16,2.5,1.28,1.8,1.03,2.77,1.3,cheater,1,tramposo
tranquilidad,7.53,1.83,2.97,2.71,4.85,1.67,4.07,1.01,1.1,0.4,1.3,0.7,1.17,0.46,1.07,0.37,tranquility,1,tranquilidad
transferible,4.6,1.04,4.13,1.76,3.57,1.84,1.77,1.07,1.43,0.94,1.5,1.04,1.77,1.22,1.53,0.94,transferable,1,transferible
translúcido,4.97,1.47,3.37,1.74,4.35,1.91,1.9,1.03,1.23,0.63,1.37,0.81,1.47,0.94,1.27,0.64,translucent,1,translucido
trastorno,2.37,1.81,5.83,1.97,3.72,1.7,1.07,0.25,2.07,1.34,3.47,1.04,3.07,1.23,1.47,1.17,disorder,1,trastorno
tránsfuga,3.0,1.85,5.41,2.36,3.83,1.43,1.32,0.72,2.32,1.32,2.64,1.43,2.55,1.26,1.91,1.31,fugitive,1,transfuga
tristeza,1.87,1.61,3.73,2.12,4.13,1.82,1.0,0.0,1.97,1.03,4.93,0.37,2.43,1.33,1.63,0.93,sadness,1,tristeza
triturar,4.03,1.13,5.0,2.27,5.28,1.2,1.41,0.82,1.9,1.37,1.72,1.0,2.1,1.47,2.17,1.36,to grind,1,triturar
triunfador,8.03,0.96,7.03,1.4,4.88,1.28,4.47,0.97,1.17,0.46,1.1,0.31,1.5,0.78,1.17,0.46,winner,1,triunfador
triunfar,8.21,1.5,7.76,1.41,4.47,1.67,4.55,1.06,1.17,0.76,1.0,0.0,1.72,0.96,1.07,0.26,to triumph,1,triunfar
tubería,4.03,1.49,3.03,1.76,5.97,1.51,1.1,0.31,1.1,0.4,1.2,0.48,1.33,0.71,2.73,1.6,pipeline,1,tuberia
tumbona,7.13,1.41,3.1,2.44,6.6,1.11,3.47,1.33,1.03,0.18,1.17,0.46,1.07,0.25,1.07,0.37,deck chair,1,tumbona
turbulento,3.0,1.51,5.93,2.36,4.16,1.49,1.31,0.66,1.93,1.19,1.86,0.88,3.28,1.1,1.62,0.9,turbulent,1,turbulento
unión,6.97,1.43,5.03,2.14,4.02,1.34,3.67,1.49,1.2,0.55,1.33,0.92,1.53,0.97,1.13,0.43,union,1,union
universal,5.7,1.53,4.23,2.16,3.18,1.79,2.3,1.21,1.1,0.4,1.27,0.58,1.5,0.78,1.07,0.37,universal,1,universal
vacío,3.3,1.76,4.27,2.52,3.5,2.0,1.1,0.4,1.6,0.93,3.87,1.2,3.1,1.58,1.6,1.04,empty,1,vacio
vago,2.17,1.44,3.73,2.56,5.28,1.45,1.13,0.43,2.33,1.27,2.5,1.25,1.57,0.9,1.87,1.11,lazy,3,vago
valor,6.8,2.09,5.63,2.41,3.85,1.49,3.33,1.45,1.47,0.97,1.23,0.77,2.03,1.19,1.1,0.4,courage,1,valor
vapor,5.23,1.36,4.23,1.79,5.48,1.43,1.52,0.87,1.31,0.76,1.24,0.64,1.72,0.96,1.48,0.87,steam,1,vapor
vaso,4.73,1.36,3.17,1.66,5.82,1.51,1.33,0.66,1.07,0.25,1.13,0.43,1.07,0.25,1.27,0.69,glass,1,vaso
vegetación,7.1,1.88,4.53,2.19,4.4,1.82,3.53,1.36,1.13,0.57,1.37,0.81,1.53,0.82,1.1,0.4,vegetation,1,vegetacion
vejatorio,2.04,1.43,6.2,2.18,4.75,1.46,1.44,1.12,3.3,1.61,3.63,1.15,2.81,1.52,2.93,1.73,hurtful,1,vejatorio
velas,6.17,1.78,4.07,2.32,6.18,1.1,2.93,1.31,1.1,0.55,2.0,1.2,1.6,1.1,1.1,0.4,candles,1,velas
vencer,7.63,1.33,7.07,1.76,4.68,1.64,4.1,1.14,1.43,0.82,1.43,0.86,1.7,0.88,1.23,0.5,to beat,2,vencer
verano,8.37,1.02,6.73,2.5,5.43,1.75,4.63,0.81,1.07,0.37,1.13,0.35,1.17,0.53,1.17,0.46,summer,1,verano
verbalizar,5.13,0.97,4.27,1.93,4.73,1.49,1.52,0.87,1.07,0.26,1.07,0.26,1.17,0.54,1.0,0.0,to verbalize,0,verbalizar
vergüenza,2.83,1.88,6.57,2.21,4.47,1.52,1.48,0.96,2.48,1.29,2.97,1.33,3.42,1.36,2.1,1.25,shame / embarrassment,1,verguenza
versionar,5.2,1.1,4.3,1.7,4.1,1.45,1.83,1.14,1.45,0.87,1.31,0.71,1.17,0.47,1.17,0.47,to adapt,0,versionar
viajar,8.27,0.83,7.3,1.51,5.0,1.27,4.57,0.68,1.13,0.43,1.23,0.43,2.0,0.95,1.3,0.65,to travel,1,viajar
viajero,7.72,1.48,6.83,1.49,5.3,1.34,4.13,1.07,1.1,0.4,1.3,0.7,1.83,0.99,1.17,0.46,traveler,1,viajero
victorioso,7.77,1.45,7.27,1.48,5.13,1.19,4.6,0.56,1.17,0.46,1.1,0.4,1.4,0.86,1.07,0.25,victorious,1,victorioso
viejo,4.27,1.86,3.57,1.72,4.85,1.77,2.23,1.22,1.63,1.1,3.17,1.34,2.6,1.52,1.67,1.06,old,3,viejo
violador,1.1,0.55,7.8,1.79,6.38,0.77,1.0,0.0,4.57,0.82,4.17,1.05,4.63,0.72,4.5,0.97,rapist,1,violador
violar,1.1,0.31,8.27,1.36,6.08,1.06,1.0,0.0,4.83,0.47,4.38,1.18,4.48,1.18,4.62,0.94,to rape,1,violar
visualizar,5.66,1.32,4.41,1.99,3.87,1.84,1.97,1.02,1.21,0.56,1.41,0.63,1.45,0.63,1.24,0.58,to visualize,1,visualizar
viudo,2.03,1.22,3.77,1.79,5.93,1.36,1.13,0.73,2.1,1.21,4.2,0.96,2.97,1.19,1.37,0.72,widow,1,viudo
vocalizar,5.1,1.03,3.83,1.91,5.9,1.04,1.55,0.83,1.24,0.83,1.1,0.56,1.1,0.56,1.0,0.0,to enunciate,2,vocalizar
volar,7.55,1.09,7.06,1.65,5.46,1.28,4.17,0.87,1.1,0.31,1.17,0.46,2.13,1.25,1.07,0.25,to fly,1,volar
voltear,4.83,1.09,3.77,2.18,4.31,1.38,1.43,0.92,1.18,0.67,1.18,0.55,1.32,0.77,1.0,0.0,to turn (over),1,voltear
voluptuoso,5.07,1.53,4.7,2.12,4.13,1.7,2.1,1.08,1.17,0.38,1.28,0.65,1.41,0.87,1.24,0.69,voluptuous,1,voluptuoso
votar,5.52,1.67,4.58,1.78,5.55,1.08,2.43,1.36,1.57,0.9,1.33,0.66,1.73,0.94,1.3,0.65,to vote,1,votar
yoga,7.33,1.63,2.4,2.36,6.15,0.78,3.0,1.2,1.1,0.55,1.23,0.68,1.03,0.18,1.13,0.73,yoga,1,yoga
zopenco,3.33,1.88,5.07,2.26,4.68,1.72,1.43,0.9,1.83,1.05,2.37,1.25,1.57,1.01,1.5,0.9,stupid,1,zopenco
