palabra,valencia_m,valencia_sd,activacion_m,activacion_sd,dominancia_m,dominancia_sd,word,categoria_palabra,palabra_noaccents
abandonado,1.68,1.0,5.88,2.21,3.11,2.03,derelict,1,abandonado
abejas,3.18,1.85,6.59,2.05,3.42,2.32,bees,1,abejas
aborto,2.8,2.13,6.07,1.87,4.17,2.37,abortion,1,aborto
abrasador,2.46,1.58,6.0,2.16,4.0,2.19,scorching,1,abrasador
abrazo,8.13,1.34,5.7,2.57,6.12,2.16,hug,1,abrazo
abrumado,2.9,1.81,5.36,2.14,3.84,2.17,overwhelmed,1,abrumado
absurdo,3.8,1.88,4.9,1.81,4.44,1.65,absurd,1,absurdo
abundancia,6.8,1.75,5.4,2.21,5.68,1.8,abundance,1,abundancia
aburrido,2.33,1.68,2.9,1.94,4.78,2.24,bored,1,aburrido
accidente,1.32,0.82,7.58,1.83,2.62,2.29,accident,1,accidente
ácido,3.41,2.04,5.57,1.73,4.29,1.92,sour,1,acido
acogedor,7.64,1.47,4.37,2.62,6.08,2.16,cozy,1,acogedor
acontecimiento,5.99,1.69,5.81,1.99,5.01,1.65,event,1,acontecimiento
acre,4.23,1.57,4.19,1.65,4.5,1.84,pungent,1,acre
activar,6.0,1.41,6.5,1.95,5.82,1.73,activate,1,activar
acuerdo,7.24,1.86,4.83,2.2,6.22,1.93,agreement,1,acuerdo
adicto,2.41,1.73,5.77,2.06,3.28,2.33,addict,1,adicto
admirado,7.33,1.5,6.53,1.96,5.48,2.18,admired,1,admirado
adorable,7.48,1.41,5.24,2.38,5.76,1.92,adorable,1,adorable
adulto,5.68,1.36,4.9,1.81,5.16,2.11,adult,1,adulto
afectar,3.48,1.9,5.61,2.0,3.77,1.97,impair,1,afectar
afecto,8.1,1.28,6.19,2.22,5.83,2.39,affection,1,afecto
afianzar,5.93,1.69,5.46,1.75,5.66,1.9,secure,1,afianzar
afligido,1.96,1.31,4.41,2.31,3.93,2.1,distressed,1,afligido
afortunado,7.71,1.5,6.26,2.01,5.28,2.53,lucky,1,afortunado
agilidad,6.73,1.59,5.97,2.06,5.82,1.88,agility,1,agilidad
agobiado,2.06,1.49,6.73,2.33,3.48,2.18,burdened,1,agobiado
agonía,1.74,1.1,6.2,2.38,2.94,2.25,agony,1,agonia
agradecido,7.84,1.2,5.5,2.16,5.79,1.91,grateful,1,agradecido
agresión,1.67,1.22,6.88,2.02,3.72,2.42,assault,1,agresion
agresivo,1.96,1.23,6.94,1.82,3.69,2.31,aggressive,1,agresivo
agua,7.47,1.59,4.8,2.6,5.72,2.11,water,1,agua
aguanieve,5.11,1.97,4.79,1.97,4.21,1.97,slush,1,aguanieve
aguja,3.18,1.74,5.66,2.23,4.43,2.14,needle,1,aguja
ahorrar,6.4,1.85,4.94,1.93,6.09,2.35,save,1,ahorrar
aire,6.83,2.14,4.19,2.43,4.6,2.64,air,1,aire
alba,7.48,1.54,4.18,2.69,4.46,2.75,dawn,1,alba
alcohólico,2.01,1.58,5.7,2.31,3.51,2.52,alcoholic,1,alcoholico
alegre,8.41,0.97,7.66,1.65,6.37,2.17,merry,1,alegre
alergia,4.01,2.92,5.84,2.11,4.11,2.31,allergy,1,alergia
alerta,3.69,1.69,7.58,1.58,4.17,2.39,alert,1,alerta
almohada,6.79,2.04,3.1,2.13,6.29,2.35,pillow,1,almohada
amabilidad,8.22,0.86,5.26,2.29,6.24,1.74,kindness,1,amabilidad
amable,7.81,1.2,4.92,2.34,6.22,2.11,kind,1,amable
amado,7.99,1.46,6.43,2.67,5.79,2.35,loved,1,amado
amanecer,8.01,1.03,4.08,2.64,4.5,2.86,sunrise,1,amanecer
amarillo,5.67,1.77,4.84,2.16,5.17,1.67,yellow,1,amarillo
ambición,5.01,1.99,6.42,1.66,5.6,2.16,ambition,1,ambicion
ambulancia,2.34,1.68,7.44,1.48,3.58,2.24,ambulance,1,ambulancia
amenaza,1.99,1.49,7.1,1.8,2.86,1.88,menace,1,amenaza
amigable,8.14,0.89,5.08,2.48,6.24,1.98,friendly,1,amigable
amigo,8.41,1.07,6.73,2.31,6.04,2.04,friend,1,amigo
amor,8.5,1.3,7.46,2.4,4.86,2.87,love,1,amor
ampolla,2.54,1.55,4.99,1.89,4.33,2.02,blister,1,ampolla
ángel,6.87,1.88,4.86,1.99,4.49,2.34,angel,1,angel
angustiado,1.67,1.08,5.89,2.61,3.33,2.13,anguished,1,angustiado
anhelo,4.42,2.3,5.27,2.15,4.39,2.02,desire,1,anhelo
ánimo,7.36,1.81,6.72,1.82,6.19,2.18,cheer,1,animo
ansioso,3.63,2.32,7.7,1.58,3.14,2.04,anxious,1,ansioso
aplastado,2.28,1.53,5.59,2.55,3.21,1.87,crushed,1,aplastado
aplausos,7.67,1.49,7.39,1.58,6.36,2.47,applause,1,aplausos
aprender,7.13,1.4,6.0,2.17,6.33,1.9,learn,1,aprender
aprobación,7.11,1.76,5.94,2.24,5.81,2.14,acceptance,1,aprobacion
apuros,2.61,1.44,6.86,1.81,3.68,2.15,hardship,1,apuros
araña,3.07,2.07,6.4,1.89,4.02,2.14,spider,1,arana
árbol,6.53,1.68,4.18,2.01,5.07,2.01,tree,1,arbol
arcoíris,7.39,1.58,4.81,2.53,3.73,2.4,rainbow,1,arcoiris
arma,1.81,1.33,6.26,2.44,2.9,2.19,weapon,1,arma
armario,5.1,1.35,4.31,1.57,5.16,1.59,cabinet,1,armario
arrepentido,4.5,2.39,5.14,2.15,4.93,2.25,repentant,1,arrepentido
arrogante,2.07,1.17,5.83,1.83,4.14,1.8,arrogant,1,arrogante
arte,7.09,1.59,5.31,2.2,4.92,1.8,art,1,arte
as,6.41,2.21,5.51,2.28,5.17,2.27,ace,1,as
ascensor,4.99,1.8,4.71,1.63,4.73,1.9,elevator,1,ascensor
asediado,2.4,1.42,6.18,1.79,3.51,1.92,embattled,1,asediado
asesinar,1.18,0.55,7.44,2.15,2.72,2.46,assassin,1,asesinar
asesino,1.23,0.52,7.49,2.13,2.16,1.86,killer,1,asesino
asiento,5.7,1.49,4.0,1.79,5.77,1.74,seat,1,asiento
asombrado,5.52,1.82,5.96,1.72,4.26,1.83,astonished,1,asombrado
áspero,3.27,1.81,4.53,1.79,4.39,2.14,rough,1,aspero
asqueado,1.81,1.24,5.58,2.32,4.32,2.19,disgusted,1,asqueado
asqueroso,1.86,1.12,6.13,1.87,4.12,1.89,nasty,1,asqueroso
astronauta,5.67,1.48,5.38,1.73,3.93,1.78,astronaut,1,astronauta
asustado,2.54,1.54,6.56,2.26,3.12,1.9,scared,1,asustado
ataúd,1.63,1.28,6.06,2.49,2.81,2.14,coffin,1,ataud
aterrorizado,1.96,1.41,6.79,2.55,2.64,2.25,terrified,1,aterrorizado
ático,6.74,1.56,5.0,2.17,4.99,2.23,penthouse,1,atico
atracador,2.02,1.62,7.32,1.83,2.34,1.58,robber,1,atracador
atrevido,6.51,1.81,6.71,1.76,5.38,2.07,bold,1,atrevido
atrocidad,1.74,1.27,6.68,1.72,3.22,2.1,outrage,1,atrocidad
aurora,7.29,1.66,4.92,2.38,4.87,2.43,daylight,1,aurora
autobús,4.51,1.49,5.0,2.0,4.43,1.97,bus,1,autobus
avalancha,2.46,1.37,7.2,1.71,2.48,1.59,avalanche,1,avalancha
avaricia,2.44,1.79,5.54,1.94,4.14,1.88,greed,1,avaricia
avenida,4.86,1.7,5.01,1.92,4.16,2.02,avenue,1,avenida
aventura,7.76,1.26,7.62,1.55,5.48,2.65,adventure,1,aventura
avergonzado,2.51,1.5,5.59,2.19,3.44,1.91,shamed,1,avergonzado
avión,6.13,1.94,6.07,1.9,4.96,2.36,plane,1,avion
avispa,2.54,1.86,7.01,2.0,3.12,2.1,wasp,1,avispa
azúcar,6.68,1.87,5.59,1.92,5.67,2.02,sugar,1,azucar
azul,7.01,1.95,3.99,2.25,5.39,1.98,blue,1,azul
bailarín,7.14,1.77,6.52,2.29,5.43,2.38,dancer,1,bailarin
bala,2.01,1.5,7.18,1.83,3.59,2.5,bullet,1,bala
bancarrota,1.63,1.09,6.11,2.61,2.69,1.95,bankrupt,1,bancarrota
banco,5.14,1.83,4.38,1.83,5.09,1.95,bench,1,banco
bandera,4.92,1.8,4.36,1.92,5.04,1.85,flag,1,bandera
bañera,6.76,1.69,3.66,2.1,5.94,1.97,bathtub,1,banera
baño,7.21,1.52,4.08,2.55,6.59,2.09,bath,1,bano
bar,6.53,1.74,6.02,1.56,5.32,2.0,bar,1,bar
barco,6.0,1.79,5.08,1.97,5.02,1.99,ship,1,barco
barril,4.73,1.71,4.12,1.85,4.9,1.95,barrel,1,barril
bastardo,2.89,1.65,5.3,1.79,4.2,2.06,bastard,1,bastardo
basto,3.07,1.82,4.57,2.05,4.66,1.96,coarse,1,basto
bastón,3.83,1.78,4.09,2.05,5.19,2.31,cane,1,baston
basura,2.06,1.5,4.31,2.15,4.42,2.24,trash,1,basura
bebé,7.6,1.88,5.54,2.35,5.31,2.21,baby,1,bebe
bebida,6.26,1.95,5.62,2.32,5.39,2.41,beverage,1,bebida
belleza,7.47,1.54,5.76,2.1,5.13,2.07,beauty,1,belleza
bendecir,5.7,2.24,4.37,2.15,4.8,2.64,bless,1,bendecir
beso,8.43,1.06,7.71,1.64,6.16,2.45,kiss,1,beso
bestia,2.8,2.05,6.88,1.91,2.87,2.01,beast,1,bestia
blanco,6.1,1.68,3.99,2.23,5.5,1.95,white,1,blanco
blasfemia,2.79,1.73,5.57,1.9,4.4,2.01,blasphemy,1,blasfemia
boda,6.87,1.78,5.91,1.99,5.64,2.06,wedding,1,boda
bodega,5.23,1.8,4.54,1.91,5.18,1.8,cellar,1,bodega
bofetada,2.06,1.59,7.16,1.69,4.67,2.54,slap,1,bofetada
bomba,1.42,1.02,7.79,1.87,2.22,2.25,bomb,1,bomba
bombilla,5.29,1.16,4.59,1.84,5.81,1.75,lightbulb,1,bombilla
botella,5.1,1.49,4.68,1.85,5.44,1.87,bottle,1,botella
boxeador,3.62,1.86,5.02,2.18,3.9,1.99,boxer,1,boxeador
brazo,5.37,1.17,4.83,1.7,5.58,1.69,arm,1,brazo
brillante,7.03,1.49,5.74,1.84,5.61,1.98,bright,1,brillante
brío,5.78,2.14,5.77,2.24,5.32,2.08,zest,1,brio
brisa,7.31,1.58,4.51,2.55,4.99,2.47,breeze,1,brisa
brutal,1.9,1.49,6.68,2.05,3.9,2.32,brutal,1,brutal
buceador,5.52,1.81,5.22,2.1,4.83,2.05,diver,1,buceador
bueno,7.92,1.2,4.87,2.64,6.53,1.96,good,1,bueno
búho,5.92,1.75,4.59,2.1,4.22,2.06,owl,1,buho
bulto,3.1,1.69,5.29,2.19,3.71,1.89,lump,1,bulto
burla,2.2,1.35,6.21,2.15,3.94,2.12,ridicule,1,burla
caballo,6.36,2.04,5.66,2.17,4.78,2.02,horse,1,caballo
cable,4.53,1.42,4.4,1.77,5.17,1.84,cord,1,cable
cachorro,7.21,2.11,5.69,2.32,5.86,1.9,puppy,1,cachorro
cadáver,1.41,0.75,6.87,2.18,2.54,1.85,corpse,1,cadaver
caída,2.26,1.28,6.17,2.01,3.42,2.26,fall,1,caida
calidad,6.78,1.73,5.02,1.88,5.68,1.92,quality,1,calidad
callado,4.03,1.87,3.57,1.9,4.76,2.18,quiet,1,callado
calle,5.53,1.63,5.43,2.02,5.24,1.79,street,1,calle
callejón,3.46,1.92,5.58,2.11,4.03,2.07,alley,1,callejon
calmar,6.6,1.85,3.56,2.31,5.8,1.97,soothe,1,calmar
calor,5.92,2.1,5.66,2.15,4.44,2.19,warmth,1,calor
cama,7.71,1.42,4.57,2.96,6.02,2.44,bed,1,cama
camión,4.67,1.37,4.56,1.71,4.87,1.62,truck,1,camion
campeón,7.29,1.82,6.84,2.09,6.09,2.37,champ,1,campeon
campo,7.23,1.58,4.18,2.56,5.97,2.21,field,1,campo
cáncer,1.23,0.91,6.18,2.85,1.91,1.84,cancer,1,cancer
canción,8.01,1.19,6.61,2.49,6.44,2.04,song,1,cancion
cansado,2.47,1.22,2.58,1.79,4.17,2.05,weary,1,cansado
cañón,2.74,1.65,6.04,2.09,3.51,2.22,cannon,1,canon
caos,2.0,1.67,7.02,2.03,2.6,2.1,chaos,1,caos
capaz,7.52,1.08,5.92,2.34,6.7,1.84,capable,1,capaz
capricho,5.92,2.28,6.21,1.72,5.42,2.23,infatuation,1,capricho
cara,6.02,1.54,5.11,1.73,5.03,1.99,face,1,cara
caramelo,7.33,1.32,4.41,2.23,6.11,1.9,candy,1,caramelo
cárcel,1.87,1.22,5.18,2.22,3.41,2.33,jail,1,carcel
caricia,8.27,0.92,6.04,2.82,6.68,1.81,caress,1,caricia
cariñoso,8.41,0.86,6.21,2.61,6.09,2.04,cuddle,1,carinoso
carretera,5.0,1.95,5.6,1.84,4.82,1.99,highway,1,carretera
carro,4.53,1.42,4.18,1.7,5.26,1.67,wagon,1,carro
carroña,2.08,1.48,5.09,2.01,4.52,1.89,carcass,1,carrona
carta,6.79,1.73,5.99,2.2,5.72,1.93,letter,1,carta
casa,7.03,1.79,4.69,2.42,6.12,2.35,house,1,casa
cascada,7.2,1.77,5.2,2.52,4.68,2.43,waterfall,1,cascada
casino,4.84,2.09,4.8,2.35,4.3,2.31,casino,1,casino
casita,6.69,1.71,4.5,2.07,5.84,1.76,cottage,1,casita
castigo,1.87,1.1,6.41,1.97,3.72,2.28,punishment,1,castigo
celos,2.27,1.56,6.87,2.33,3.1,2.11,jealousy,1,celos
célula,4.91,1.65,4.39,1.85,4.37,2.02,cell,1,celula
cementerio,2.06,1.62,5.01,2.59,3.19,2.48,cemetery,1,cementerio
cena,6.58,1.79,5.14,2.2,5.81,2.02,dinner,1,cena
cerdo,3.71,1.9,4.67,1.93,4.52,1.89,pig,1,cerdo
césped,6.31,1.56,4.03,1.97,5.81,1.91,lawn,1,cesped
cesta,5.18,1.65,3.79,1.78,5.82,1.89,basket,1,cesta
chaleco,4.92,1.27,4.3,1.4,5.36,1.82,vest,1,chaleco
champiñón,4.88,1.92,4.23,1.98,5.11,2.04,mushroom,1,champinon
chantaje,2.13,1.68,5.92,2.33,3.76,2.24,blackmail,1,chantaje
chica,5.97,1.76,4.92,1.89,5.1,1.54,girl,1,chica
chico,7.13,1.62,6.54,1.76,5.42,1.92,boy,1,chico
chiflado,4.03,2.09,5.59,1.89,3.31,2.0,madman,1,chiflado
chillido,2.78,1.75,6.78,1.92,4.58,2.15,shriek,1,chillido
chiste,7.2,1.52,5.97,2.16,5.59,2.16,joke,1,chiste
chocolate,7.72,1.54,6.1,2.33,5.84,2.41,chocolate,1,chocolate
choque,2.01,1.14,6.93,1.89,3.14,1.99,crash,1,choque
cicatriz,3.01,1.96,5.01,2.33,3.88,2.28,scar,1,cicatriz
ciclón,2.13,1.45,6.34,2.2,2.04,1.8,cyclone,1,ciclon
ciego,2.41,1.8,5.21,1.91,3.24,2.06,blind,1,ciego
cielo,7.56,1.48,4.56,2.42,4.48,2.64,heaven,1,cielo
ciempiés,4.12,2.08,4.88,2.04,4.26,1.92,roach,1,ciempies
cieno,3.77,1.57,4.51,1.44,4.22,1.6,slime,1,cieno
circo,6.2,1.82,5.56,2.13,4.72,2.05,circus,1,circo
círculo,4.82,1.47,4.2,1.66,4.92,1.69,circle,1,circulo
cirugía,3.08,1.96,5.7,2.13,3.68,2.28,surgery,1,cirugia
ciudad,5.66,1.67,5.97,1.67,4.56,2.02,city,1,ciudad
cobarde,2.56,1.39,5.49,1.98,4.1,2.18,coward,1,cobarde
coche,6.67,1.72,5.83,2.03,4.93,2.33,car,1,coche
cocina,5.71,2.0,4.93,1.94,5.61,2.0,cuisine,1,cocina
cocinero,5.99,1.56,5.11,2.05,5.38,1.8,cook,1,cocinero
codo,4.59,1.28,4.26,1.56,5.28,1.72,elbow,1,codo
coito,7.26,2.2,7.58,1.78,6.07,2.35,intercourse,1,coito
cólera,2.11,1.9,7.58,1.77,3.64,2.38,rage,1,colera
color,6.77,1.76,5.84,2.11,5.52,2.11,color,1,color
columna,4.71,1.57,4.14,1.74,5.29,1.87,column,1,columna
comedia,7.71,1.46,6.33,1.99,5.62,1.95,comedy,1,comedia
comer,7.18,1.48,5.53,1.94,5.82,1.94,eat,1,comer
comida,6.77,1.7,5.5,2.06,5.09,1.98,food,1,comida
comprometido,6.23,1.98,5.47,1.89,6.38,1.94,engaged,1,comprometido
concentrado,6.12,1.75,5.21,2.09,6.23,2.02,concentrate,1,concentrado
conejito,6.46,1.52,4.88,2.23,5.03,1.91,bunny,1,conejito
conejo,6.18,1.5,5.02,1.88,4.81,2.05,rabbit,1,conejo
confianza,7.78,1.43,5.29,2.54,5.77,2.04,trust,1,confianza
confort,8.04,1.27,3.56,2.42,6.63,1.59,comfort,1,confort
confuso,2.78,1.44,5.78,1.94,3.28,1.88,confused,1,confuso
conocimiento,7.73,1.48,6.29,2.08,7.22,1.72,knowledge,1,conocimiento
considerado,6.99,1.62,4.77,1.98,5.07,2.2,thoughtful,1,considerado
consigna,4.79,1.53,4.69,1.48,4.89,1.53,locker,1,consigna
consolado,5.54,1.94,4.49,1.92,5.06,1.81,consoled,1,consolado
contaminar,1.58,1.13,6.56,1.85,4.6,2.57,pollute,1,contaminar
contenido,5.21,1.8,4.27,2.15,4.63,1.99,contents,1,contenido
contexto,5.0,1.26,4.89,1.2,5.01,1.6,context,1,contexto
convencido,6.51,1.76,5.29,2.15,6.43,1.7,confident,1,convencido
corazón,6.64,1.86,6.22,1.99,4.84,2.23,heart,1,corazon
corcho,4.93,1.48,4.16,1.81,5.2,1.85,cork,1,corcho
cordero,5.38,1.65,4.74,1.44,5.06,1.57,lamb,1,cordero
corona,5.21,1.95,4.48,1.97,4.64,2.28,crown,1,corona
corredor,4.08,2.02,5.5,2.23,4.22,2.32,runner,1,corredor
correo,6.43,1.72,5.54,1.97,4.76,1.93,mail,1,correo
corrupto,2.08,1.46,6.14,2.03,3.38,2.41,corrupt,1,corrupto
corte,2.88,1.63,6.0,2.1,3.9,1.75,cut,1,corte
cortesía,6.92,1.33,4.8,1.92,5.76,1.83,politeness,1,cortesia
cortina,4.79,1.24,4.08,1.55,5.22,1.89,curtains,1,cortina
costa,7.23,1.98,4.87,2.76,4.9,2.54,coast,1,costa
costumbre,5.43,1.81,4.32,2.04,5.76,2.17,custom,1,costumbre
cotilleo,4.19,2.24,5.72,1.99,4.64,2.4,gossip,1,cotilleo
cráneo,4.42,1.76,4.94,2.03,4.63,2.04,skull,1,craneo
crepe,6.88,1.77,5.24,1.92,5.53,2.02,pancakes,1,crepe
crepúsculo,6.32,2.14,4.02,2.19,4.38,2.38,twilight,1,crepusculo
criatura,5.93,2.15,5.39,2.01,4.73,2.0,kids,1,criatura
crimen,1.64,1.14,6.67,2.07,3.02,2.1,crime,1,crimen
criminal,1.77,1.38,6.81,2.13,2.97,1.93,criminal,1,criminal
crisis,1.88,1.31,6.41,2.04,2.94,1.78,crisis,1,crisis
crucificar,1.87,1.26,6.26,2.31,3.19,2.03,crucify,1,crucificar
cruel,1.77,0.97,6.63,2.02,3.73,2.13,cruel,1,cruel
cuadrado,4.87,1.14,4.16,1.79,5.16,1.7,square,1,cuadrado
cucaracha,2.57,1.86,6.14,2.24,4.53,2.4,cockroach,1,cucaracha
cuchillo,2.86,1.72,5.68,2.18,4.64,2.28,knife,1,cuchillo
cuenco,5.01,1.31,3.89,1.72,5.34,2.17,bowl,1,cuenco
cuerpo,6.02,1.75,5.59,1.74,5.53,2.05,body,1,cuerpo
culpa,2.09,1.89,6.46,2.01,3.62,2.24,fault,1,culpa
culpable,2.36,1.67,6.19,1.87,3.82,2.07,guilty,1,culpable
cumpleaños,7.54,1.58,6.74,1.85,5.74,2.1,birthday,1,cumpleanos
cura,4.52,2.36,5.08,2.16,4.99,2.15,priest,1,cura
curar,7.66,1.62,6.27,2.24,5.67,2.1,heal,1,curar
curioso,5.62,2.05,6.07,1.82,5.08,2.0,curious,1,curioso
daga,3.66,2.11,5.84,2.02,4.63,2.26,dagger,1,daga
daño,1.8,1.06,6.83,1.76,3.66,2.36,damage,1,dano
débil,2.56,1.4,4.99,2.1,3.46,2.16,feeble,1,debil
decorar,6.83,1.55,5.98,2.18,6.68,1.9,decorate,1,decorar
dedicado,6.51,1.61,5.34,1.77,6.03,1.78,addicted,1,dedicado
dedo,4.86,1.36,4.06,2.14,5.47,2.28,finger,1,dedo
defendido,6.17,2.33,5.28,2.13,4.9,2.42,sheltered,1,defendido
deforme,2.23,1.45,5.22,1.94,3.0,1.74,deformed,1,deforme
deleite,7.23,1.72,5.73,2.27,5.41,1.82,delight,1,deleite
delicado,5.64,2.31,4.13,2.07,5.18,2.23,gentle,1,delicado
demente,2.27,1.59,5.63,2.06,3.16,2.12,insane,1,demente
demonio,2.91,2.15,6.47,1.97,3.58,2.52,demon,1,demonio
dentista,3.0,1.74,6.42,2.18,3.69,2.39,dentist,1,dentista
deportes,6.56,1.87,6.6,1.88,6.23,2.03,athletics,1,deportes
depresión,1.56,1.12,4.88,2.96,3.04,2.49,depression,1,depresion
deprimido,1.5,1.03,4.19,2.67,2.86,2.23,depressed,1,deprimido
desagrado,2.21,1.28,5.46,2.02,4.12,1.94,displeased,1,desagrado
desanimado,2.16,1.5,3.29,2.19,3.42,1.94,discouraged,1,desanimado
desastre,1.6,1.14,6.92,2.03,3.09,2.19,disaster,1,desastre
descanso,7.52,1.81,2.76,2.39,6.54,1.89,vacation,1,descanso
descomposición,1.94,1.57,4.99,2.11,2.87,1.87,decompose,1,descomposicion
desdén,3.08,1.84,5.0,2.1,3.77,1.64,scorn,1,desden
desdeñoso,2.66,1.41,4.76,1.82,4.43,1.66,scornful,1,desdenoso
deseo,7.98,1.25,7.31,1.83,5.26,2.2,wish,1,deseo
desertor,3.38,1.95,5.08,1.9,3.81,1.95,deserter,1,desertor
desesperado,2.0,1.36,7.27,1.76,2.68,2.05,despairing,1,desesperado
desleal,1.74,0.95,5.92,2.17,3.13,1.77,disloyal,1,desleal
deslumbramiento,4.38,1.95,6.02,1.97,3.8,1.95,dazzle,1,deslumbramiento
desnudo,5.48,2.21,6.43,1.85,5.3,2.01,nude,1,desnudo
desordenado,3.33,1.45,5.44,2.01,4.78,2.02,messy,1,desordenado
desperdicio,2.7,1.99,4.52,2.0,4.43,1.91,waste,1,desperdicio
despreciar,1.98,1.61,5.79,1.95,4.5,2.09,despise,1,despreciar
despreocupado,5.07,2.69,4.0,2.23,4.67,2.42,carefree,1,despreocupado
destrucción,1.5,0.88,6.7,2.07,2.53,1.96,destruction,1,destruccion
destruir,2.09,1.4,6.29,2.08,3.97,2.21,destroy,1,destruir
desventaja,2.34,1.45,5.37,2.05,3.43,1.85,handicap,1,desventaja
detalle,6.33,1.88,5.62,2.09,5.31,2.04,detail,1,detalle
deuda,1.92,1.08,6.09,2.06,4.26,2.45,debt,1,deuda
devoto,4.22,2.06,4.16,1.9,4.76,2.23,devoted,1,devoto
diablo,2.7,1.74,6.17,1.79,3.49,2.24,devil,1,diablo
diamante,6.69,2.13,4.96,2.24,4.81,2.14,diamond,1,diamante
dicha,6.7,1.9,5.51,2.38,5.16,2.04,bliss,1,dicha
dificultar,2.21,1.44,6.21,1.96,4.22,2.19,hinder,1,dificultar
digno,7.0,1.71,4.76,2.01,6.02,1.86,dignified,1,digno
dinero,7.46,1.63,6.4,1.92,5.5,2.4,money,1,dinero
dios,5.59,2.2,4.29,2.39,4.0,2.8,god,1,dios
diploma,7.46,1.93,6.1,2.2,6.01,1.99,diploma,1,diploma
disgustado,2.19,1.4,5.46,2.37,3.49,2.06,upset,1,disgustado
distante,2.73,1.71,4.48,1.8,4.46,2.32,aloof,1,distante
disturbio,2.57,2.0,6.64,1.83,3.31,2.23,riot,1,disturbio
diversión,8.32,1.15,7.68,1.7,6.23,1.99,fun,1,diversion
divorcio,2.28,1.45,6.46,1.91,3.64,2.1,divorce,1,divorcio
doctor,4.77,2.18,5.62,1.81,4.3,2.12,doctor,1,doctor
dólar,5.68,2.34,5.12,1.76,4.89,2.11,dollar,1,dolar
dolencia,1.83,1.19,5.69,2.36,2.74,1.84,illness,1,dolencia
dolor,1.61,1.46,6.4,2.59,2.6,2.12,pain,1,dolor
dormir,7.79,1.67,2.51,2.43,5.78,2.51,sleep,1,dormir
duro,4.24,1.89,5.14,1.82,4.96,1.93,hard,1,duro
edificio,4.97,1.25,4.48,1.55,5.12,1.78,building,1,edificio
educación,7.07,1.84,5.73,2.0,6.48,1.97,education,1,educacion
efectivo,6.8,1.46,5.4,2.07,6.04,1.85,cash,1,efectivo
egoísta,2.12,1.17,6.04,1.79,4.18,2.04,selfish,1,egoista
ejecución,2.48,2.13,6.68,2.04,3.96,2.63,execution,1,ejecucion
ejercicio,5.7,1.99,6.33,1.97,6.26,1.87,exercise,1,ejercicio
ejército,2.49,1.74,5.79,2.26,3.19,2.09,army,1,ejercito
electrodoméstico,5.1,1.28,4.02,1.62,5.32,1.91,appliance,1,electrodomestico
elegante,7.23,1.5,5.03,2.11,6.11,2.19,elegant,1,elegante
empleo,6.34,2.18,5.76,2.09,5.21,2.2,employment,1,empleo
enamorado,8.33,1.2,7.32,2.31,4.56,2.84,valentine,1,enamorado
encanto,7.68,1.31,5.86,2.27,5.86,1.74,charm,1,encanto
enérgico,7.16,1.5,6.88,1.87,5.56,2.24,vigorous,1,energico
enfadado,2.2,1.19,6.61,2.22,3.84,2.2,angry,1,enfadado
enfado,2.5,1.72,7.33,1.76,4.4,2.17,anger,1,enfado
enfermedad,1.51,0.93,6.1,2.61,2.44,1.9,sickness,1,enfermedad
enfermera,4.83,1.97,5.66,1.81,4.74,2.25,nurse,1,enfermera
enfermo,1.61,0.86,4.5,2.62,3.01,1.98,sick,1,enfermo
enfurecido,2.02,1.23,7.48,1.55,3.76,2.37,enraged,1,enfurecido
engaño,1.89,1.34,6.61,2.02,3.58,2.33,deceit,1,engano
engreído,2.16,1.52,6.06,1.91,4.08,2.16,disdainful,1,engreido
ensalada,6.12,1.91,4.17,2.11,5.84,2.34,salad,1,ensalada
entierro,1.36,1.04,6.32,2.59,2.4,1.82,burial,1,entierro
entrometido,2.72,1.69,6.07,1.65,4.09,1.96,busybody,1,entrometido
entusiasmo,7.86,1.35,7.49,1.7,5.87,1.97,excitement,1,entusiasmo
erótico,7.44,1.42,7.47,1.64,5.84,2.26,erotic,1,erotico
error,2.62,1.88,6.4,2.05,3.71,2.07,mistake,1,error
erudito,5.83,1.87,4.8,1.73,5.17,2.08,scholar,1,erudito
escándalo,3.47,1.87,6.32,1.79,3.63,1.86,scandal,1,escandalo
escéptico,4.22,1.85,4.97,1.72,4.63,1.96,skeptical,1,esceptico
esclavo,1.62,1.35,5.97,2.39,3.39,2.44,slave,1,esclavo
esconder,3.63,1.73,5.28,1.82,4.43,2.08,hide,1,esconder
escopeta,2.32,1.73,6.33,2.07,4.16,2.56,shotgun,1,escopeta
escorbuto,2.22,1.73,5.21,2.23,3.4,2.06,scurvy,1,escorbuto
escoria,1.87,1.54,5.53,2.17,4.22,2.3,scum,1,escoria
escorpión,2.86,1.96,7.13,2.02,3.16,2.01,scorpion,1,escorpion
escritor,6.47,1.64,4.74,1.84,5.1,1.84,writer,1,escritor
esfera,5.27,1.62,4.24,1.71,4.84,1.8,sphere,1,esfera
espacio,6.3,1.74,5.14,2.09,4.66,2.14,space,1,espacio
espantoso,2.18,1.98,6.54,1.87,3.93,2.1,dreadful,1,espantoso
esperanza,8.11,1.11,6.59,2.27,5.79,2.39,hope,1,esperanza
esperanzado,7.41,1.33,6.24,2.21,5.69,1.95,hopeful,1,esperanzado
espina,2.64,1.74,5.8,2.0,4.28,2.04,thorn,1,espina
espíritu,5.51,2.28,4.86,2.3,4.27,2.24,spirit,1,espiritu
esposa,5.61,2.21,4.88,2.15,5.41,2.3,wife,1,esposa
esposo,6.03,2.24,5.5,1.97,5.41,2.0,spouse,1,esposo
espuma,6.47,1.87,4.84,2.29,5.66,1.89,foam,1,espuma
esquina,4.47,1.09,4.57,1.55,4.76,1.6,corner,1,esquina
estancado,2.63,1.6,4.57,2.47,3.84,2.22,stagnant,1,estancado
estatua,5.32,1.98,3.94,2.15,4.92,2.4,statue,1,estatua
estiércol,2.02,1.37,4.64,2.27,4.4,2.16,manure,1,estiercol
estómago,4.39,1.58,4.73,1.59,4.63,1.9,stomach,1,estomago
estrella,7.52,1.44,4.6,2.58,4.48,2.59,star,1,estrella
estrés,1.83,1.06,7.32,2.0,3.13,2.17,stress,1,estres
estufa,6.37,1.57,3.74,1.92,5.98,1.99,stove,1,estufa
estúpido,2.6,1.54,5.58,1.96,3.86,2.04,stupid,1,estupido
eufórico,6.8,1.98,7.53,1.65,4.62,2.44,elated,1,euforico
excelencia,6.01,2.06,5.39,1.65,5.08,1.86,excellence,1,excelencia
excitado,6.5,2.15,7.89,1.55,4.6,2.31,aroused,1,excitado
excusa,3.14,1.69,6.11,1.71,5.06,2.16,excuse,1,excusa
éxito,7.69,1.79,6.83,2.16,5.79,2.33,success,1,exito
exquisito,7.44,1.7,5.74,2.0,5.47,1.91,luscious,1,exquisito
éxtasis,4.76,2.41,6.69,2.04,4.14,2.43,ecstasy,1,extasis
exterior,6.41,1.84,5.62,2.07,4.83,1.99,outdoors,1,exterior
extraordinario,7.37,1.69,6.12,1.85,5.09,2.56,outstanding,1,extraordinario
extraterrestre,4.66,1.88,5.87,1.75,3.52,2.23,alien,1,extraterrestre
fácil,6.92,1.91,4.48,2.16,6.8,2.18,easy,1,facil
falso,1.73,1.24,6.17,2.31,4.16,2.11,false,1,falso
fama,5.46,2.26,6.18,1.91,4.34,2.44,fame,1,fama
famélico,2.12,1.69,5.82,2.01,3.68,2.04,starving,1,famelico
familia,8.18,1.09,5.31,2.49,5.89,2.47,family,1,familia
famoso,5.18,1.78,5.07,1.92,4.54,2.18,famous,1,famoso
fantasía,7.39,1.5,6.96,1.65,5.46,2.39,fantasy,1,fantasia
faro,5.48,1.38,4.2,1.99,4.93,2.07,lighthouse,1,faro
farol,4.93,1.87,4.47,1.95,5.17,2.02,headlight,1,farol
fase,4.82,1.12,4.8,1.56,4.66,1.64,phase,1,fase
fastidiar,2.26,1.51,5.9,2.31,4.77,2.41,annoy,1,fastidiar
fatigado,2.61,1.42,4.08,2.57,4.01,1.99,fatigued,1,fatigado
favor,6.58,1.84,5.7,1.76,5.33,2.11,favor,1,favor
feliz,8.37,1.48,6.97,2.74,6.44,2.39,happy,1,feliz
feo,3.08,1.81,4.16,2.19,3.88,2.11,ugly,1,feo
festivo,7.97,1.2,6.47,2.46,5.36,2.52,festive,1,festivo
fétido,2.14,1.37,5.31,2.06,3.94,2.12,foul,1,fetido
fiebre,1.86,1.27,4.03,2.62,2.98,2.06,fever,1,fiebre
fiesta,8.26,1.08,7.66,1.63,5.96,2.29,party,1,fiesta
firmamento,7.79,1.53,4.8,2.74,4.14,2.8,sky,1,firmamento
flemón,1.96,1.37,5.36,2.26,3.39,2.2,toothache,1,flemon
flexible,5.91,1.73,4.84,2.21,5.29,2.12,limber,1,flexible
flor,7.34,1.67,4.46,2.36,5.69,2.09,flower,1,flor
fofo,3.01,1.6,4.02,1.97,4.49,2.06,flabby,1,fofo
folleto,4.79,1.22,4.33,1.66,5.38,1.97,pamphlet,1,folleto
follón,2.62,1.66,6.77,1.85,4.04,2.28,stink,1,follon
fortuito,5.89,1.6,5.57,2.09,3.59,2.13,haphazard,1,fortuito
fracaso,1.64,1.29,5.51,2.76,3.52,2.46,failure,1,fracaso
fragancia,7.76,1.38,5.22,2.57,5.97,2.19,fragrance,1,fragancia
fraude,1.86,1.23,5.82,2.08,3.29,2.16,fraud,1,fraude
frío,3.21,2.04,4.98,2.3,4.33,2.74,cold,1,frio
frustrado,1.88,1.07,5.1,2.3,3.19,1.96,frustrated,1,frustrado
fuego,5.0,2.42,6.51,2.2,3.97,2.34,fire,1,fuego
fuerte,6.3,1.67,5.88,2.07,5.32,2.53,strong,1,fuerte
funeral,1.48,1.19,5.06,2.85,2.5,2.09,funeral,1,funeral
furcia,2.66,1.84,4.86,2.17,4.23,2.4,whore,1,furcia
fusil,2.08,1.27,6.41,1.93,3.26,2.16,gun,1,fusil
ganancias,7.58,1.67,6.34,2.16,5.3,2.25,profit,1,ganancias
ganar,7.84,1.55,7.68,1.39,6.12,2.15,win,1,ganar
gangrena,1.68,1.53,6.62,2.21,2.82,2.21,gangrene,1,gangrena
gatito,6.96,2.14,4.86,2.36,5.73,2.32,kitten,1,gatito
gato,6.13,2.14,4.94,2.27,5.14,2.33,cat,1,gato
gélido,3.28,1.85,4.97,2.12,4.08,2.0,frigid,1,gelido
género,4.87,1.58,4.9,1.65,4.84,1.73,gender,1,genero
generoso,7.57,1.42,5.53,2.06,5.67,2.25,lavish,1,generoso
genial,7.98,1.02,6.62,2.2,6.37,2.14,terrific,1,genial
gente,6.53,1.64,6.24,1.88,4.57,1.9,people,1,gente
gérmenes,1.78,1.14,6.26,1.83,3.42,2.24,germs,1,germenes
gimnasta,5.91,1.83,5.42,2.26,5.26,2.05,gymnast,1,gimnasta
glaciar,5.76,1.96,5.03,1.88,4.1,2.11,glacier,1,glaciar
glamour,5.94,2.15,5.51,1.95,5.47,1.67,glamour,1,glamour
gloria,6.9,1.65,5.8,1.98,5.51,2.0,glory,1,gloria
goce,8.09,1.42,6.62,2.56,5.8,2.18,enjoyment,1,goce
golfista,4.43,2.05,4.33,2.19,5.18,2.21,golfer,1,golfista
golpe,2.33,1.75,6.03,2.17,3.74,2.06,hit,1,golpe
gordo,3.56,1.71,4.89,2.11,4.84,2.05,fat,1,gordo
graduado,7.09,1.76,6.16,2.04,6.59,1.88,graduate,1,graduado
granada,3.42,2.67,6.61,2.03,3.87,2.53,grenade,1,granada
granja,5.53,1.81,4.9,2.16,5.22,1.83,farm,1,granja
grave,1.89,1.47,6.83,2.24,3.24,2.27,severe,1,grave
grito,3.39,2.55,7.42,1.79,4.43,2.37,scream,1,grito
grosero,2.22,1.37,5.99,2.14,4.3,2.26,crude,1,grosero
guapa,7.22,1.4,5.4,2.3,5.18,2.01,pretty,1,guapa
guapo,7.79,1.32,6.64,1.79,5.07,2.33,handsome,1,guapo
guardería,6.59,1.98,6.07,2.2,4.98,2.12,nursery,1,guarderia
guerra,1.23,0.72,7.28,2.23,2.04,1.93,war,1,guerra
guillotina,1.87,1.36,6.13,2.51,3.17,2.56,guillotine,1,guillotina
guiño,6.93,1.51,6.09,1.66,5.28,1.79,wink,1,guino
gusano,2.99,1.73,5.07,2.09,4.6,2.32,maggot,1,gusano
habitante,5.91,1.6,4.61,1.94,5.19,1.84,inhabitant,1,habitante
hábito,4.84,1.75,4.33,2.11,5.87,2.37,habit,1,habito
halcón,5.29,1.48,5.13,1.78,4.26,2.01,hawk,1,halcon
hambriento,3.12,2.03,6.29,2.01,3.56,2.08,hungry,1,hambriento
hamburguesa,5.78,2.22,4.86,1.91,5.38,2.39,hamburger,1,hamburguesa
harto,2.73,1.8,5.78,2.28,4.27,2.11,blase,1,harto
hastío,2.46,1.61,4.0,2.22,3.61,2.02,ennui,1,hastio
hedor,1.91,1.56,5.62,2.39,3.81,2.35,stench,1,hedor
heno,5.0,1.61,3.97,1.82,5.24,2.02,hay,1,heno
heridas,2.07,1.3,6.43,1.43,3.99,1.97,wounds,1,heridas
herido,1.98,1.34,6.73,1.86,3.31,1.77,hurt,1,herido
hermano,7.81,1.47,5.08,2.52,5.86,2.23,brother,1,hermano
hermoso,7.61,1.56,5.44,2.67,5.13,2.38,beautiful,1,hermoso
heroína,3.61,2.89,6.09,2.3,4.54,2.79,heroin,1,heroina
herramienta,4.58,1.47,4.51,1.92,5.43,1.96,tool,1,herramienta
hervir,4.81,0.87,4.77,1.8,5.21,1.79,scalding,1,hervir
hierro,4.44,1.25,4.44,1.64,4.93,1.86,iron,1,hierro
historia,5.37,1.93,4.32,2.08,4.93,2.16,history,1,historia
hogar,7.63,1.6,5.01,2.49,6.29,2.18,home,1,hogar
hombre,6.91,1.69,6.06,2.22,5.1,2.31,man,1,hombre
homicida,1.68,1.14,6.69,2.42,3.1,2.57,murderer,1,homicida
honesto,7.52,1.48,5.02,2.07,6.09,2.08,honest,1,honesto
hongo,2.91,2.03,4.9,2.33,4.0,1.97,fungus,1,hongo
honor,7.36,1.6,5.53,2.37,6.47,2.08,honor,1,honor
hornear,5.47,1.53,4.71,1.78,5.54,1.89,bake,1,hornear
horquilla,5.11,1.54,4.21,1.76,5.71,1.96,hairpin,1,horquilla
horror,1.68,1.24,6.89,2.26,2.81,2.03,horror,1,horror
hospital,2.07,1.43,5.49,2.32,3.46,2.13,hospital,1,hospital
hostil,2.2,1.84,5.97,2.17,3.96,2.01,hostile,1,hostil
hotel,6.39,1.56,5.49,2.1,5.54,1.79,hotel,1,hotel
huevo,5.01,1.68,3.94,1.93,5.31,2.31,egg,1,huevo
humano,6.67,2.0,5.49,2.05,5.17,2.27,humane,1,humano
humilde,6.59,2.17,4.16,2.23,5.64,2.32,humble,1,humilde
humillar,1.68,1.41,6.42,2.51,3.68,2.39,humiliate,1,humillar
humor,7.7,1.57,6.9,1.98,5.47,2.05,humor,1,humor
huracán,2.28,1.54,7.16,1.95,2.63,2.06,hurricane,1,huracan
idea,7.36,1.5,6.62,2.13,6.46,2.05,idea,1,idea
identidad,6.2,2.01,5.04,2.07,6.01,1.99,identity,1,identidad
idiota,2.56,1.52,5.11,2.34,4.73,2.18,idiot,1,idiota
ídolo,6.29,2.16,5.8,1.87,4.86,2.01,idol,1,idolo
iglesia,3.77,2.3,4.31,2.24,4.78,2.17,church,1,iglesia
ignorancia,2.0,1.21,5.18,2.44,4.51,2.48,ignorance,1,ignorancia
imaginar,7.58,1.64,6.33,2.19,6.29,2.58,imagine,1,imaginar
imparcial,4.68,2.05,4.83,2.07,4.84,1.95,detached,1,imparcial
impotente,1.98,1.33,5.58,2.44,2.82,2.05,impotent,1,impotente
impresionado,6.09,1.63,6.69,1.74,4.2,2.06,impressed,1,impresionado
incentivo,7.39,1.57,6.71,1.76,5.66,2.03,incentive,1,incentivo
incomodidad,2.16,1.45,6.57,1.77,4.33,2.12,discomfort,1,incomodidad
incordio,2.29,1.4,5.83,2.24,4.26,2.03,nuisance,1,incordio
indefenso,1.89,1.35,5.71,2.33,2.83,2.1,helpless,1,indefenso
indiferente,3.98,1.93,4.72,1.94,4.9,1.94,indifferent,1,indiferente
industria,4.21,1.72,4.83,2.04,4.47,1.9,industry,1,industria
infección,1.69,0.93,6.47,2.01,2.94,2.01,infection,1,infeccion
infeliz,1.43,0.98,4.73,2.72,3.27,2.19,unhappy,1,infeliz
inferior,2.5,1.7,4.86,2.14,4.01,2.4,inferior,1,inferior
infiel,1.7,1.05,6.81,1.95,4.13,2.5,unfaithful,1,infiel
infierno,2.47,2.17,5.4,2.63,3.46,2.27,hell,1,infierno
ingenio,7.34,1.58,6.28,1.9,5.7,2.21,wit,1,ingenio
inmaduro,3.18,1.66,5.1,1.72,4.67,1.85,immature,1,inmaduro
inmoral,2.86,1.73,5.91,1.51,4.76,1.8,immoral,1,inmoral
inocente,6.31,2.06,4.39,2.13,5.14,2.29,innocent,1,inocente
inquieto,4.47,1.73,6.83,1.64,4.23,1.85,troubled,1,inquieto
insecto,3.24,1.72,5.57,2.1,4.13,2.34,insect,1,insecto
inseguro,2.18,1.65,6.29,2.1,2.72,2.08,insecure,1,inseguro
insolente,2.44,1.56,5.82,2.09,4.17,2.02,insolent,1,insolente
inspirado,7.04,1.67,5.78,2.26,6.03,2.17,inspired,1,inspirado
inspirar,7.17,1.49,5.14,2.52,5.46,2.3,inspire,1,inspirar
insulto,2.33,1.6,6.3,1.84,4.17,1.95,insult,1,insulto
intelecto,6.56,1.5,5.16,2.04,6.47,1.7,intellect,1,intelecto
interés,6.57,1.94,5.89,1.97,5.96,1.94,interest,1,interes
íntimo,7.46,1.35,5.13,2.74,6.38,2.09,intimate,1,intimo
intruso,2.36,1.38,6.64,2.12,3.33,2.11,intruder,1,intruso
inundación,1.99,1.42,6.3,2.0,2.52,1.93,flood,1,inundacion
inútil,2.09,1.45,5.19,2.24,4.0,2.25,useless,1,inutil
invasor,2.52,2.02,6.96,1.56,3.57,2.33,invader,1,invasor
invertir,5.27,1.57,5.63,2.12,5.09,2.31,invest,1,invertir
invitación,7.86,1.09,6.79,1.8,5.42,1.96,treat,1,invitacion
jaqueca,1.58,1.37,4.38,2.65,2.62,1.88,headache,1,jaqueca
jardín,7.99,1.11,4.47,2.63,5.96,2.38,garden,1,jardin
jarra,4.81,1.27,4.17,1.7,5.83,1.97,jug,1,jarra
joven,7.71,1.33,6.6,1.98,4.93,2.56,young,1,joven
jovial,7.23,1.15,5.59,2.14,5.7,2.14,jolly,1,jovial
joya,6.51,1.69,5.32,2.06,5.51,1.83,jewel,1,joya
júbilo,7.61,1.33,6.92,1.86,5.68,1.88,joy,1,jubilo
jubiloso,7.44,1.33,6.62,1.6,5.88,2.2,joyful,1,jubiloso
juego,6.94,1.67,6.72,1.25,5.62,2.08,game,1,juego
juguete,6.72,1.82,5.06,2.38,6.13,2.15,toy,1,juguete
justicia,7.0,1.88,5.78,2.53,4.98,2.66,justice,1,justicia
juventud,7.82,1.48,6.6,2.17,4.49,2.52,youth,1,juventud
ketchup,4.76,2.15,4.39,2.0,5.3,2.3,ketchup,1,ketchup
ladrón,1.93,1.53,6.98,2.13,3.41,2.35,thief,1,ladron
lago,7.19,1.28,4.33,2.37,5.02,2.16,lake,1,lago
lámpara,5.42,1.37,4.24,1.82,6.01,1.91,lamp,1,lampara
lápiz,4.98,1.16,4.63,1.56,6.0,1.97,pencil,1,lapiz
lástima,1.79,1.07,5.62,1.99,3.92,2.05,pity,1,lastima
lavabo,4.72,1.49,4.3,1.73,5.39,1.58,bathroom,1,lavabo
leal,7.73,1.26,4.88,2.37,5.82,2.18,loyal,1,leal
leche,5.83,2.27,4.07,2.16,5.92,2.18,milk,1,leche
lento,3.71,1.89,4.27,2.36,4.81,2.05,slow,1,lento
león,4.98,1.9,7.09,1.42,3.73,2.43,lion,1,leon
lepra,1.42,1.02,6.91,1.91,2.88,2.12,leprosy,1,lepra
lesbiana,5.37,1.8,4.81,1.69,4.68,2.13,lesbian,1,lesbiana
lesión,1.92,1.21,5.69,2.2,3.54,2.08,injury,1,lesion
leyenda,6.7,1.7,5.66,2.05,4.57,2.25,legend,1,leyenda
liberación,7.97,1.52,6.63,2.43,5.77,2.54,liberty,1,liberacion
libertad,8.54,0.8,6.4,2.46,6.26,2.52,freedom,1,libertad
libre,8.28,1.23,6.38,2.91,7.01,2.03,free,1,libre
libro,6.42,1.75,5.3,2.06,5.84,1.96,book,1,libro
licenciado,7.56,1.61,6.31,2.13,6.2,2.3,grass,1,licenciado
líder,5.47,2.26,6.16,1.62,5.33,2.3,leader,1,lider
liga,5.38,1.76,5.06,2.31,4.78,1.85,garter,1,liga
linterna,5.11,1.53,4.22,1.93,5.56,2.0,lantern,1,linterna
liso,5.4,1.35,4.51,1.76,5.2,1.73,smooth,1,liso
litro,5.07,1.32,4.14,1.88,5.26,1.89,quart,1,litro
llano,5.18,1.73,3.84,1.83,4.78,2.16,plain,1,llano
llave,5.57,1.64,4.28,1.84,5.89,1.97,key,1,llave
lloriqueo,2.22,1.34,5.96,1.93,4.07,1.91,blubber,1,lloriqueo
lluvia,4.52,2.32,4.43,2.29,3.11,2.34,rain,1,lluvia
loco,3.41,1.9,6.67,1.77,3.6,2.05,mad,1,loco
logro,8.01,1.2,6.99,1.83,6.58,1.87,achievement,1,logro
lotería,6.98,2.09,6.22,2.36,3.63,2.65,lottery,1,loteria
lucha,2.4,1.74,6.67,2.11,4.24,2.14,fight,1,lucha
lujo,6.51,2.13,5.57,1.91,4.66,2.31,luxury,1,lujo
lujuria,5.43,2.52,6.94,1.86,4.4,2.44,lust,1,lujuria
madre,8.19,1.35,5.19,2.85,5.74,2.28,mother,1,madre
maestro,5.5,1.5,4.98,1.55,4.82,1.74,teacher,1,maestro
magdalena,6.27,1.66,4.26,2.12,5.64,2.14,muffin,1,magdalena
mágico,7.17,1.61,6.13,2.34,4.3,2.51,magical,1,magico
magistral,6.34,2.01,5.67,2.24,5.72,2.24,masterful,1,magistral
malaria,1.81,1.65,6.4,1.96,2.83,2.06,malaria,1,malaria
maleducado,2.21,1.26,6.06,1.76,4.03,1.9,rude,1,maleducado
maletero,4.21,1.76,4.19,2.04,4.7,2.19,trunk,1,maletero
malicia,2.08,1.46,6.02,2.32,3.7,2.25,malice,1,malicia
maltrato,1.39,1.16,7.39,2.13,2.64,1.97,abuse,1,maltrato
malvado,1.8,1.11,6.46,1.93,4.07,2.07,wicked,1,malvado
manera,5.0,1.45,4.5,1.81,4.99,1.63,manner,1,manera
manguera,5.26,1.36,4.62,1.68,5.42,1.76,hydrant,1,manguera
maníaco,1.88,1.23,6.84,1.91,3.0,2.05,maniac,1,maniaco
maniquí,4.38,1.79,3.91,1.94,4.99,2.0,dummy,1,maniqui
mano,6.04,1.36,5.1,2.28,6.09,2.04,hand,1,mano
manosear,3.99,2.16,5.64,2.08,5.11,2.25,tamper,1,manosear
manso,5.9,1.94,3.51,2.09,5.21,2.26,meek,1,manso
mantequilla,5.2,1.71,4.03,1.81,5.4,2.12,butter,1,mantequilla
máquina,4.44,1.54,4.83,1.67,5.42,1.74,machine,1,maquina
maquinilla,4.22,1.72,4.59,1.62,5.3,1.66,razor,1,maquinilla
maravilla,7.96,1.27,6.13,2.62,5.23,2.11,wonder,1,maravilla
mareado,2.01,1.3,5.33,2.28,2.6,1.9,seasick,1,mareado
mariposa,6.74,1.76,4.6,2.16,5.31,2.32,butterfly,1,mariposa
mariquita,5.8,1.93,4.6,2.05,5.17,2.18,sissy,1,mariquita
martillo,4.38,1.49,4.92,1.83,5.48,1.9,hammer,1,martillo
masacre,1.32,1.21,7.01,2.65,1.92,1.94,massacre,1,masacre
mascota,7.33,1.83,5.58,2.44,5.84,2.2,pet,1,mascota
masturbarse,5.79,2.13,6.41,2.07,6.49,2.08,masturbate,1,masturbarse
matanza,1.66,1.62,7.7,1.7,2.39,2.03,slaughter,1,matanza
material,5.01,1.74,4.19,2.02,5.4,1.99,material,1,material
medicina,5.38,2.43,5.56,2.12,4.56,2.47,medicine,1,medicina
mejorar,7.46,1.22,6.41,2.08,6.69,1.82,improve,1,mejorar
melodía,7.71,1.22,5.31,2.63,6.39,1.99,melody,1,melodia
memoria,6.41,1.82,5.14,1.94,5.26,2.2,memory,1,memoria
mendigo,2.92,1.59,5.6,1.84,3.69,1.95,beggar,1,mendigo
menosprecio,1.72,1.54,5.8,2.43,3.5,2.33,contempt,1,menosprecio
mente,6.41,1.75,5.81,1.77,5.93,2.21,mind,1,mente
mentira,1.88,1.57,6.51,2.23,4.32,2.61,lie,1,mentira
mentón,4.67,1.35,4.38,1.57,4.47,1.58,chin,1,menton
mercado,5.41,1.75,4.98,2.13,5.07,1.92,market,1,mercado
mermelada,5.93,2.07,4.47,1.89,5.71,2.09,jelly,1,mermelada
mes,5.03,1.14,4.61,1.8,4.6,1.91,month,1,mes
mesa,4.8,1.26,4.21,1.71,5.13,1.68,table,1,mesa
metal,4.98,1.4,4.42,1.81,4.97,1.85,metal,1,metal
método,5.07,1.54,4.68,1.8,4.76,1.68,method,1,metodo
miedoso,2.57,1.48,6.09,2.01,3.67,2.17,afraid,1,miedoso
miel,5.46,2.19,4.06,2.16,5.66,2.2,honey,1,miel
milagro,6.84,1.9,5.86,2.23,3.46,2.48,miracle,1,milagro
millonario,6.57,2.02,6.0,2.34,4.89,2.62,millionaire,1,millonario
miseria,1.47,1.22,5.57,2.7,3.1,2.19,misery,1,miseria
místico,5.64,1.86,4.98,1.9,4.87,1.9,mystic,1,mistico
modesto,6.31,1.85,4.24,1.94,5.86,1.84,modest,1,modesto
moho,2.61,1.84,4.87,2.29,4.33,2.27,mildew,1,moho
molde,4.76,1.46,4.02,1.82,5.46,2.07,mold,1,molde
molestar,2.33,1.32,6.37,1.57,4.02,2.15,disturb,1,molestar
molestia,2.17,1.31,6.0,1.73,3.82,1.8,ache,1,molestia
molino,5.36,1.42,4.22,1.85,4.61,1.95,windmill,1,molino
momento,6.0,1.76,5.31,2.03,5.41,2.17,moment,1,momento
moneda,6.01,1.83,5.72,1.81,5.64,1.98,coin,1,moneda
monja,3.79,1.81,3.64,1.86,4.79,2.0,nun,1,monja
mono,5.29,2.15,5.1,1.95,4.49,1.76,cute,1,mono
montaña,6.49,1.66,4.99,2.27,4.84,1.99,mountain,1,montana
moral,6.12,1.8,5.31,1.8,6.09,1.78,moral,1,moral
morboso,4.29,2.46,6.36,1.91,4.69,2.0,morbid,1,morboso
morgue,2.71,1.95,5.33,2.2,3.21,1.92,morgue,1,morgue
mosquito,2.54,1.54,5.84,2.14,4.28,2.52,mosquito,1,mosquito
motor,4.83,1.45,4.91,2.04,4.63,1.84,engine,1,motor
movilidad,7.16,1.75,6.23,2.37,6.14,2.1,mobility,1,movilidad
mucosidad,2.58,1.51,4.69,1.86,4.08,1.84,mucus,1,mucosidad
mueca,5.2,1.66,5.11,1.47,5.29,1.76,grin,1,mueca
muerte,1.23,0.64,6.46,2.76,1.93,1.89,death,1,muerte
muerto,1.17,0.57,5.99,2.89,1.98,1.9,dead,1,muerto
mugre,1.93,1.45,5.21,2.41,5.04,2.37,grime,1,mugre
mujer,6.4,1.89,4.89,2.12,5.51,2.02,woman,1,mujer
muleta,2.87,1.74,4.5,1.95,4.24,2.07,crutch,1,muleta
multa,1.98,1.51,6.67,2.12,3.62,2.43,penalty,1,multa
mundo,6.57,1.96,6.12,2.1,3.9,2.28,world,1,mundo
muñeca,6.24,1.78,4.48,1.93,5.79,2.18,doll,1,muneca
musculoso,5.04,1.94,4.89,1.81,5.22,2.13,muscular,1,musculoso
museo,6.26,1.8,4.52,2.1,5.44,1.74,museum,1,museo
música,8.16,1.24,6.62,2.56,6.61,2.31,music,1,musica
mutación,3.27,1.94,5.24,2.32,3.0,2.02,mutation,1,mutacion
nadador,5.92,1.57,5.4,1.88,5.04,1.79,swimmer,1,nadador
narcótico,2.92,2.22,5.71,2.34,4.32,2.59,narcotic,1,narcotico
natural,7.17,1.71,4.26,2.52,5.19,2.35,natural,1,natural
naturaleza,8.03,1.19,5.38,2.71,4.58,2.63,nature,1,naturaleza
navidad,6.69,2.23,6.1,2.29,5.09,2.43,christmas,1,navidad
néctar,6.1,1.81,4.6,1.86,5.28,1.9,nectar,1,nectar
negligencia,1.88,1.14,6.06,2.25,3.17,2.33,neglect,1,negligencia
negro,4.87,2.48,4.47,2.23,4.81,2.3,black,1,negro
nene,7.36,1.82,5.4,2.32,5.62,2.16,infant,1,nene
nervioso,3.26,1.86,7.36,1.7,3.02,2.13,nervous,1,nervioso
neurótico,2.57,1.48,6.51,1.84,3.94,2.22,neurotic,1,neurotico
nevera,5.44,1.44,4.84,1.58,5.5,1.77,icebox,1,nevera
nieve,7.0,1.68,5.34,2.32,4.4,2.28,snow,1,nieve
niño,7.34,1.79,6.4,2.15,5.38,2.13,child,1,nino
nombre,5.72,1.46,4.58,1.75,5.41,2.04,name,1,nombre
noticias,5.16,1.79,5.77,1.93,3.69,2.03,news,1,noticias
novia,6.63,2.04,5.79,2.25,5.04,2.08,bride,1,novia
novio,7.49,2.14,6.7,2.41,5.13,2.17,sweetheart,1,novio
nubes,6.37,2.26,4.21,2.21,3.51,2.51,clouds,1,nubes
nublado,3.27,2.02,3.61,2.09,3.0,2.03,overcast,1,nublado
nudo,3.96,1.69,4.76,1.96,5.19,1.82,knot,1,nudo
nutrir,6.3,1.7,5.12,1.85,5.91,1.92,nourish,1,nutrir
obedecer,3.84,1.85,5.28,1.79,4.89,2.33,obey,1,obedecer
obesidad,2.28,1.51,5.22,2.48,3.73,2.15,obesity,1,obesidad
obsceno,2.51,1.52,5.79,2.0,4.12,1.91,obscene,1,obsceno
obsequio,7.8,1.28,6.29,2.01,5.37,2.38,gift,1,obsequio
obsesión,2.78,1.58,6.09,2.14,3.09,2.15,obsession,1,obsesion
ocaso,6.39,2.63,4.54,2.59,4.19,2.6,sunset,1,ocaso
océano,7.54,1.79,5.36,2.89,4.38,2.79,ocean,1,oceano
odiar,1.86,1.46,6.48,2.17,4.23,2.39,hate,1,odiar
odio,1.74,1.17,7.01,2.03,3.67,2.44,hatred,1,odio
ofender,2.1,1.32,5.96,1.96,4.57,2.07,offend,1,ofender
oficina,4.09,1.71,4.64,2.05,5.08,2.19,office,1,oficina
olla,4.66,1.49,4.16,2.1,5.38,1.97,kettle,1,olla
opción,6.08,1.96,5.7,2.0,5.94,2.01,option,1,opcion
opinión,6.34,1.72,5.69,1.94,5.71,2.11,opinion,1,opinion
oportunidad,7.91,1.3,7.07,2.08,5.31,2.05,chance,1,oportunidad
optimismo,8.31,0.93,6.38,2.56,6.33,2.08,optimism,1,optimismo
ordenado,6.57,1.36,4.19,2.04,6.78,1.75,tidy,1,ordenado
ordenador,5.5,1.89,5.06,1.8,5.27,1.99,computer,1,ordenador
orgasmo,8.06,1.46,8.16,1.18,5.13,2.46,orgasm,1,orgasmo
orgullo,5.12,2.34,5.96,1.78,5.4,1.91,pride,1,orgullo
orgulloso,5.53,2.36,5.8,1.99,5.82,2.11,proud,1,orgulloso
orina,2.82,2.02,4.64,2.06,5.29,2.28,urine,1,orina
oro,6.68,2.15,5.76,1.95,5.04,2.36,gold,1,oro
orquesta,6.24,1.95,5.26,2.36,4.64,2.09,orchestra,1,orquesta
oscuro,3.71,2.13,5.06,2.4,4.04,2.12,dark,1,oscuro
otoño,5.17,2.05,4.44,1.99,4.19,2.45,autumn,1,otono
oxidado,3.11,1.73,3.97,1.87,4.34,2.29,rusty,1,oxidado
paciente,4.36,2.29,4.88,2.04,4.78,2.27,patient,1,paciente
padre,7.0,2.27,4.86,2.05,4.94,2.27,father,1,padre
pájaro,6.43,1.51,4.79,1.78,4.53,1.79,bird,1,pajaro
palacio,6.91,1.46,5.03,2.1,5.0,2.13,palace,1,palacio
paloma,6.32,2.16,4.38,2.33,5.04,2.26,dove,1,paloma
pancarta,5.49,1.28,5.17,1.97,5.08,1.78,banner,1,pancarta
pánico,1.53,0.93,7.72,1.82,2.43,1.99,panic,1,panico
pantano,3.97,2.12,4.81,1.95,3.94,1.87,swamp,1,pantano
pañuelo,4.33,1.56,4.17,1.69,5.36,1.92,kerchief,1,panuelo
papel,4.98,1.17,3.89,1.93,5.73,2.21,paper,1,papel
paraguas,4.27,1.73,3.99,1.83,5.23,2.16,umbrella,1,paraguas
paraíso,8.24,1.32,5.7,2.89,5.7,2.59,paradise,1,paraiso
parálisis,1.33,0.81,5.16,2.73,2.16,2.04,paralysis,1,paralisis
pareja,7.91,1.4,7.08,1.76,5.6,2.03,couple,1,pareja
parte,4.66,0.94,4.52,1.36,5.04,1.39,part,1,parte
pasaje,5.23,1.41,4.92,1.67,4.74,1.87,passage,1,pasaje
pasillo,4.37,1.46,4.47,1.82,4.74,2.29,corridor,1,pasillo
pasión,7.84,1.35,7.96,1.17,4.96,2.52,passion,1,pasion
pasta,6.22,1.83,4.92,1.74,5.62,1.97,pasta,1,pasta
pastel,7.18,1.47,5.28,1.97,5.69,2.08,pie,1,pastel
patente,4.77,1.26,4.53,1.6,5.04,1.68,patent,1,patente
patriota,4.91,2.16,5.52,1.72,5.33,2.03,patriot,1,patriota
pausado,5.19,1.74,3.23,2.04,5.33,2.04,leisurely,1,pausado
paz,8.11,1.62,3.49,2.76,5.71,2.52,peace,1,paz
pecado,3.92,2.12,5.54,2.01,4.92,1.9,sin,1,pecado
pecaminoso,3.66,2.16,5.57,1.79,4.54,2.11,sinful,1,pecaminoso
película,7.14,1.49,5.41,2.34,5.87,2.03,movie,1,pelicula
peligro,2.02,1.61,7.56,1.71,2.93,2.03,danger,1,peligro
pellizco,3.17,1.92,5.89,1.76,4.2,1.94,pinch,1,pellizco
pena,1.6,1.04,4.8,2.62,3.22,1.91,grief,1,pena
pene,5.93,1.76,6.54,2.02,5.54,1.91,penis,1,pene
penoso,2.13,1.64,5.31,2.24,3.88,2.08,embarrassed,1,penoso
pensamiento,5.91,1.91,5.51,1.76,5.56,2.17,thought,1,pensamiento
perdedor,2.1,1.27,5.33,2.23,3.72,2.09,loser,1,perdedor
perdido,2.28,1.44,6.18,2.31,2.73,2.02,lost,1,perdido
perezoso,3.62,1.84,3.37,2.07,4.67,1.95,lazy,1,perezoso
perfección,6.58,1.99,5.83,2.11,5.78,2.08,perfection,1,perfeccion
perfume,7.03,1.73,4.88,2.22,5.59,2.1,perfume,1,perfume
perro,6.5,2.03,5.83,2.15,5.08,2.07,dog,1,perro
persona,6.89,1.58,5.27,2.21,5.58,2.01,person,1,persona
perverso,2.59,1.88,6.12,1.56,3.9,1.99,evil,1,perverso
pervertido,1.96,1.52,6.54,1.96,3.42,2.13,pervert,1,pervertido
pesadilla,1.8,1.53,7.31,2.03,2.3,1.97,nightmare,1,pesadilla
pesar,3.04,1.97,5.41,2.19,4.33,2.22,bereavement,1,pesar
pescado,5.7,2.1,4.63,1.78,5.09,2.06,fish,1,pescado
pesimismo,2.06,1.65,4.61,2.25,3.41,2.18,gloom,1,pesimismo
peste,1.53,1.38,6.2,2.5,3.01,2.24,pest,1,peste
pezón,6.14,1.61,5.42,2.38,5.27,1.72,nipple,1,pezon
pie,4.67,1.75,4.58,2.0,5.19,2.37,foot,1,pie
piel,6.19,1.73,4.9,2.21,5.23,2.17,fur,1,piel
pieza,4.84,1.39,4.12,1.8,5.12,1.7,item,1,pieza
pinchazo,2.18,1.39,6.69,1.91,3.7,2.04,prick,1,pinchazo
pintura,6.2,1.82,5.2,2.19,5.64,1.87,paint,1,pintura
piojo,1.97,1.2,5.64,2.26,3.64,2.13,louse,1,piojo
piojos,1.9,1.23,6.32,2.1,3.46,2.16,lice,1,piojos
pirotecnia,5.06,2.28,6.48,2.02,3.79,2.15,fireworks,1,pirotecnia
pistola,1.83,1.23,7.08,1.82,3.58,2.69,pistol,1,pistola
pitón,2.93,1.89,6.82,2.03,3.16,2.17,python,1,piton
pizza,7.07,1.56,5.31,2.15,6.0,1.91,pizza,1,pizza
placer,8.48,1.13,7.57,1.99,5.69,2.58,pleasure,1,placer
planta,6.46,1.74,3.8,2.12,5.28,2.21,plant,1,planta
playa,8.07,1.26,5.93,2.67,6.28,2.13,beach,1,playa
pleito,2.81,1.71,6.07,2.3,3.64,1.69,lawsuit,1,pleito
pobreza,1.54,1.15,5.89,2.19,3.07,2.22,poverty,1,pobreza
poder,5.73,1.99,6.09,1.88,5.7,2.48,power,1,poder
poderoso,5.37,2.39,5.4,2.16,5.53,2.56,powerful,1,poderoso
podrido,1.91,1.23,5.16,2.23,4.17,2.16,rotten,1,podrido
poesía,7.23,1.72,5.6,2.32,5.36,2.23,poetry,1,poesia
ponzoña,3.39,1.99,4.37,1.84,4.16,1.98,poison,1,ponzona
porquería,1.66,1.06,5.37,2.34,5.3,2.3,garbage,1,porqueria
póster,5.49,1.42,4.63,1.53,4.96,1.6,poster,1,poster
pradera,7.49,1.38,5.03,2.62,5.59,2.21,prairie,1,pradera
precipicio,2.6,1.87,6.91,2.14,3.28,2.19,cliff,1,precipicio
predominante,4.7,1.83,5.14,1.82,4.96,1.81,controlling,1,predominante
prenda,5.88,1.67,4.54,1.9,5.43,2.03,garment,1,prenda
presión,2.7,1.79,7.08,1.92,4.07,2.34,pressure,1,presion
prestigio,7.17,1.61,6.09,2.08,6.44,1.94,prestige,1,prestigio
primavera,7.53,1.38,5.99,2.21,4.76,2.46,spring,1,primavera
prisión,1.98,1.3,5.56,2.64,3.56,2.49,prison,1,prision
privacidad,6.08,2.15,4.88,2.28,6.11,2.22,privacy,1,privacidad
problema,1.89,1.17,6.56,1.97,3.81,2.19,trouble,1,problema
progreso,7.29,1.59,6.43,2.04,5.59,2.17,progress,1,progreso
promoción,5.89,1.76,5.58,1.9,5.29,1.47,promotion,1,promocion
protegido,6.69,1.89,4.01,2.38,6.1,2.42,protected,1,protegido
publicación,5.31,1.74,4.91,1.91,5.06,1.92,journal,1,publicacion
pueblo,6.52,1.66,5.21,2.16,5.6,1.72,village,1,pueblo
puerta,5.07,1.47,4.36,1.96,5.18,1.97,door,1,puerta
puntapié,3.24,1.76,5.83,1.74,4.49,2.09,kick,1,puntapie
pus,1.7,1.15,5.91,2.08,3.83,2.15,pus,1,pus
puta,3.24,2.13,5.46,2.45,4.11,2.27,hooker,1,puta
putrefacto,1.64,1.03,5.36,2.23,3.94,2.3,putrid,1,putrefacto
queja,2.84,1.42,5.67,1.65,4.73,1.83,gripe,1,queja
quemadura,1.76,1.14,6.83,1.93,3.54,2.32,burn,1,quemadura
queroseno,3.19,1.85,5.04,1.88,4.0,2.05,kerosene,1,queroseno
rabia,2.33,1.51,7.47,1.83,3.6,2.44,rabies,1,rabia
radiador,5.5,1.81,3.97,1.81,5.39,2.17,radiator,1,radiador
radiante,7.43,1.58,5.94,2.18,5.58,1.99,radiant,1,radiante
radio,6.29,1.74,5.52,2.02,5.87,1.9,radio,1,radio
ramo,6.42,2.01,5.17,2.18,5.54,2.01,bouquet,1,ramo
rana,4.23,2.1,4.81,1.97,4.8,2.24,frog,1,rana
rancio,2.41,1.69,4.72,2.05,4.66,2.03,rancid,1,rancio
rápido,5.71,1.57,6.3,2.32,5.26,2.24,quick,1,rapido
rapto,1.67,1.37,7.0,1.97,2.36,1.69,abduction,1,rapto
raro,4.24,1.74,4.99,1.66,4.11,1.52,odd,1,raro
rascacielos,4.73,2.26,5.94,1.8,4.29,2.14,skyscraper,1,rascacielos
rata,2.67,1.82,6.32,1.9,3.78,2.03,rat,1,rata
rebelde,4.56,1.99,6.14,1.76,4.13,2.11,defiant,1,rebelde
recado,4.43,1.29,4.83,1.57,4.98,2.01,errand,1,recado
rechazado,1.94,1.6,5.71,2.35,3.03,2.01,rejected,1,rechazado
recogedor,4.22,1.62,4.28,1.71,5.41,2.02,dustpan,1,recogedor
recompensa,7.6,1.27,6.36,2.19,5.76,1.97,reward,1,recompensa
reconocido,6.11,1.59,5.02,2.06,5.4,1.81,thankful,1,reconocido
recuerdos,6.96,1.88,5.69,2.33,5.8,2.55,memories,1,recuerdos
refrigerio,5.18,2.22,4.68,1.75,5.14,1.7,refreshment,1,refrigerio
regalo,7.91,1.37,6.63,2.33,5.13,2.34,present,1,regalo
rehén,1.74,1.37,6.39,2.35,2.58,1.95,hostage,1,rehen
reina,4.91,2.23,4.74,2.04,4.66,2.07,queen,1,reina
relajado,7.53,1.9,2.86,2.36,6.19,2.28,relaxed,1,relajado
relámpago,3.98,2.17,6.57,2.03,2.86,2.34,lightning,1,relampago
reloj,4.96,2.02,4.72,2.01,5.29,2.37,clock,1,reloj
repisa,4.73,1.1,4.24,1.81,5.03,1.89,mantel,1,repisa
reptil,3.41,2.1,6.08,2.28,3.56,2.08,reptile,1,reptil
repugnante,1.78,1.63,5.82,2.19,3.73,2.21,obnoxious,1,repugnante
rescate,7.27,1.97,7.0,1.98,4.71,2.23,rescue,1,rescate
resentirse,2.29,1.31,5.86,1.58,3.58,1.91,resent,1,resentirse
reservado,4.5,1.93,3.91,1.94,5.04,2.05,reserved,1,reservado
respeto,7.27,1.51,4.74,2.48,6.1,2.29,respect,1,respeto
respetuoso,7.63,1.35,4.21,2.19,6.76,1.68,respectful,1,respetuoso
respuesta,5.79,1.61,5.52,1.99,5.64,2.0,answer,1,respuesta
restaurante,6.72,1.38,5.71,1.89,5.87,1.72,restaurant,1,restaurante
retrasado,2.84,1.84,5.11,2.17,3.28,1.97,delayed,1,retrasado
reunión,5.62,2.16,5.9,1.74,5.2,1.94,reunion,1,reunion
revólver,2.13,1.61,7.01,1.91,3.69,2.43,revolver,1,revolver
revuelta,3.23,1.86,6.64,1.66,3.16,1.9,revolt,1,revuelta
rey,4.98,1.85,4.36,1.92,4.34,2.2,king,1,rey
rifle,1.92,1.29,6.26,2.45,3.24,2.16,rifle,1,rifle
rígido,3.39,1.8,4.89,2.07,4.51,2.17,rigid,1,rigido
riña,2.16,1.31,6.99,1.91,4.13,2.56,quarrel,1,rina
río,7.03,1.49,4.62,2.32,4.58,2.37,river,1,rio
riqueza,7.04,1.72,5.81,2.04,5.42,2.42,riches,1,riqueza
risa,8.34,0.93,7.1,2.3,6.14,2.34,laughter,1,risa
roca,4.92,1.37,3.9,1.93,5.28,2.09,rock,1,roca
rojo,5.93,1.59,5.93,1.9,5.48,1.72,red,1,rojo
romántico,7.99,1.18,7.07,1.98,5.72,2.29,romantic,1,romantico
roña,1.94,1.28,5.38,2.1,5.39,2.52,filth,1,rona
ropa,6.69,1.7,5.63,2.12,5.78,1.85,clothing,1,ropa
roto,3.02,1.51,5.46,1.64,3.93,1.86,broken,1,roto
rubio,5.28,1.43,4.96,1.77,4.78,1.79,blond,1,rubio
ruidoso,2.63,1.38,6.93,1.92,3.62,1.95,noisy,1,ruidoso
sabio,7.14,1.47,5.17,2.17,5.67,2.18,wise,1,sabio
sabor,6.88,1.56,5.39,2.18,5.33,2.25,taste,1,sabor
salud,7.74,1.6,5.31,2.52,5.39,2.52,health,1,salud
saludar,6.61,1.5,5.12,2.06,6.04,2.02,greet,1,saludar
saludo,6.86,1.55,5.6,2.01,6.42,1.91,salute,1,saludo
salvador,6.89,1.75,5.51,2.17,5.34,2.24,savior,1,salvador
sangriento,1.42,0.7,6.79,2.33,3.16,1.87,bloody,1,sangriento
santo,4.87,2.01,3.56,1.91,4.19,2.14,saint,1,santo
sarampión,1.84,1.2,4.96,2.38,2.72,2.01,measles,1,sarampion
satisfecho,7.88,1.51,5.31,2.66,6.59,1.84,satisfied,1,satisfecho
secador,5.01,1.47,4.42,1.65,5.23,1.9,hairdryer,1,secador
seda,6.73,1.72,4.0,2.09,5.4,1.94,silk,1,seda
seguro,7.48,2.0,4.34,2.58,6.9,2.21,safe,1,seguro
seno,5.81,1.63,4.8,2.07,5.17,1.84,breast,1,seno
sentimiento,7.36,1.7,6.79,2.1,4.33,2.33,sentiment,1,sentimiento
serio,3.8,1.84,4.04,1.77,4.73,1.88,serious,1,serio
serpiente,3.07,1.95,6.74,2.05,3.54,2.08,snake,1,serpiente
sexo,7.76,1.17,7.59,1.55,5.87,2.3,sex,1,sexo
sexy,7.33,1.68,7.07,1.61,5.8,1.88,sexy,1,sexy
sífilis,1.6,1.23,5.21,2.23,3.02,2.06,syphilis,1,sifilis
silbato,4.21,1.5,5.81,2.01,4.84,1.7,whistle,1,silbato
silla,5.03,1.15,3.48,1.95,5.57,2.02,chair,1,silla
simpático,7.94,1.42,6.62,2.1,6.38,1.67,nice,1,simpatico
snob,3.14,1.85,5.12,1.8,4.81,2.12,snob,1,snob
sociable,7.56,1.8,6.06,2.12,6.01,2.02,social,1,sociable
soga,2.01,1.52,5.83,2.37,3.22,2.18,noose,1,soga
sol,7.9,1.31,5.69,2.73,5.41,2.66,sun,1,sol
soleado,8.14,1.15,6.39,2.49,5.42,2.75,sunlight,1,soleado
soledad,2.5,1.78,4.67,2.62,3.78,2.22,loneliness,1,soledad
solemne,4.58,1.9,4.31,1.99,4.76,2.24,solemn,1,solemne
solitario,2.68,1.83,4.4,2.32,4.23,2.23,lonely,1,solitario
solo,2.76,1.74,3.61,2.33,4.58,2.58,alone,1,solo
sombra,4.03,1.57,4.57,2.2,4.23,1.81,shadow,1,sombra
sombrero,4.87,1.36,4.11,1.83,5.46,2.03,hat,1,sombrero
sonajero,6.06,1.79,4.96,2.04,5.74,2.37,rattle,1,sonajero
sorprendido,6.29,1.96,6.87,1.89,3.76,2.37,surprised,1,sorprendido
soso,2.49,1.33,3.99,2.07,5.07,2.2,bland,1,soso
sospechoso,3.07,1.45,6.46,1.47,3.71,1.96,suspicious,1,sospechoso
spray,4.17,1.82,4.78,1.75,5.1,2.06,spray,1,spray
suave,7.04,1.44,4.29,2.38,5.32,2.16,soft,1,suave
suburbio,2.5,1.48,5.32,2.26,3.18,1.85,slum,1,suburbio
suciedad,1.98,1.12,5.61,2.06,5.48,2.3,dirt,1,suciedad
sucio,1.91,1.06,5.62,1.99,5.5,2.27,dirty,1,sucio
sueño,6.6,2.1,3.63,2.44,4.1,2.45,dream,1,sueno
suicidio,1.24,0.62,6.8,2.44,4.01,2.93,suicide,1,suicidio
sustento,5.49,1.75,4.98,1.87,5.01,1.78,alimony,1,sustento
tabaco,3.18,2.42,5.06,2.59,4.57,2.69,tobacco,1,tabaco
tablero,4.8,1.46,4.71,1.75,5.21,2.03,board,1,tablero
taburete,4.79,1.5,3.59,1.89,5.44,2.38,stool,1,taburete
talento,7.44,1.84,5.84,2.18,5.83,2.28,talent,1,talento
tanque,2.39,1.9,6.04,2.08,3.03,1.99,tank,1,tanque
tarta,7.26,1.58,5.26,2.15,5.53,1.9,cake,1,tarta
taxi,4.64,1.47,4.71,1.96,4.86,1.95,taxi,1,taxi
tela,5.11,1.13,4.24,1.55,5.58,1.77,fabric,1,tela
temeroso,2.67,1.51,6.22,2.19,3.3,2.0,fearful,1,temeroso
temor,1.96,1.09,6.9,1.74,2.77,1.77,fear,1,temor
temperamental,4.27,1.85,6.14,2.01,4.24,2.17,moody,1,temperamental
tenedor,4.8,1.51,4.43,1.74,5.56,2.02,fork,1,tenedor
tenis,5.81,1.7,5.37,2.1,5.41,1.87,tennis,1,tenis
tenso,2.73,1.72,7.12,1.72,3.57,2.02,tense,1,tenso
teoría,4.59,1.87,4.67,1.91,4.81,1.96,theory,1,teoria
termita,3.4,1.67,5.04,1.95,4.74,1.89,termite,1,termita
termómetro,4.28,1.7,4.49,1.66,4.87,1.83,thermometer,1,termometro
terrible,1.49,0.89,6.87,2.18,2.91,2.2,terrible,1,terrible
terrorista,1.51,1.21,7.33,2.14,2.28,2.13,terrorist,1,terrorista
tesoro,7.27,1.68,6.39,1.88,5.37,2.07,treasure,1,tesoro
tiburón,3.07,1.98,7.38,1.99,3.46,2.57,shark,1,tiburon
tiempo,5.27,2.22,5.51,2.02,3.54,2.25,time,1,tiempo
tierno,7.91,1.26,4.47,2.61,5.81,2.22,tender,1,tierno
tierra,5.63,1.81,4.64,1.91,4.93,1.92,earth,1,tierra
tieso,3.68,1.81,4.38,2.11,4.33,2.03,stiff,1,tieso
tijeras,4.18,1.45,5.0,1.6,5.01,2.1,scissors,1,tijeras
tímido,4.17,1.79,4.24,2.28,4.07,2.23,timid,1,timido
tinta,4.62,1.64,4.69,1.77,5.28,1.88,ink,1,tinta
tobillo,4.6,1.44,4.33,1.67,5.16,1.85,ankle,1,tobillo
tobogán,6.54,1.76,6.42,1.93,5.4,2.12,rollercoaster,1,tobogan
tolerante,7.66,1.34,4.72,2.09,6.2,2.05,easygoing,1,tolerante
tonada,5.0,1.33,4.72,1.27,4.7,1.46,tune,1,tonada
tontería,4.19,2.05,5.36,1.91,5.12,1.86,nonsense,1,tonteria
tonto,3.3,1.65,4.57,1.78,4.51,1.87,silly,1,tonto
tormenta,4.14,2.36,6.1,2.19,2.94,1.97,storm,1,tormenta
tornado,2.24,1.62,6.94,2.29,2.17,1.68,tornado,1,tornado
torpe,3.09,1.38,5.26,1.8,3.98,1.93,clumsy,1,torpe
torre,5.16,1.75,4.54,1.89,4.52,2.0,tower,1,torre
tortura,1.24,0.83,7.47,2.04,2.44,2.16,torture,1,tortura
tóxico,1.77,1.17,6.21,2.29,3.29,2.35,toxic,1,toxico
tragedia,1.64,1.15,7.24,1.94,2.52,1.7,tragedy,1,tragedia
traicionar,1.58,0.95,6.57,2.34,3.96,2.51,betray,1,traicionar
traidor,1.53,0.91,6.83,2.05,3.53,2.45,traitor,1,traidor
trampolín,5.69,1.69,5.9,1.99,5.43,1.99,skijump,1,trampolin
tranquilo,6.86,1.91,2.36,2.04,5.61,2.72,untroubled,1,tranquilo
trauma,1.66,1.14,5.86,2.37,3.13,2.35,trauma,1,trauma
travesía,5.44,1.99,5.04,1.86,5.17,1.86,voyage,1,travesia
travesura,6.03,1.74,6.82,1.64,5.52,2.08,mischief,1,travesura
triste,2.0,1.79,4.33,2.52,3.59,2.19,sad,1,triste
triunfante,7.51,1.81,6.72,1.93,5.59,2.19,triumphant,1,triunfante
triunfo,7.89,1.56,7.03,2.05,5.96,2.26,triumph,1,triunfo
trofeo,7.3,1.94,6.89,2.04,6.26,1.98,trophy,1,trofeo
trompeta,5.19,1.79,5.7,2.06,4.81,2.19,trumpet,1,trompeta
tumba,1.74,1.5,4.9,2.69,3.06,2.36,tomb,1,tumba
tumor,1.34,1.14,6.77,2.58,1.98,1.54,tumor,1,tumor
turbio,2.81,1.7,4.99,2.03,3.72,1.82,muddy,1,turbio
úlcera,1.7,1.25,5.71,2.16,2.51,1.96,ulcer,1,ulcera
unidad,5.5,2.06,4.43,2.25,5.34,2.12,unit,1,unidad
utensilio,4.78,1.5,4.44,1.88,5.5,2.05,utensil,1,utensilio
útil,7.24,1.71,5.96,2.14,6.2,2.06,useful,1,util
vaca,5.41,1.44,4.57,1.74,4.6,1.73,cow,1,vaca
vacación,8.52,0.9,6.18,2.94,6.37,2.34,holiday,1,vacacion
vacilar,3.83,2.22,6.37,1.63,4.94,2.5,tease,1,vacilar
vagina,5.0,1.87,4.82,2.22,5.02,2.13,vagina,1,vagina
valiente,7.49,1.36,6.46,2.01,6.37,1.97,brave,1,valiente
vampiro,3.49,2.26,6.26,1.91,3.82,2.35,vampire,1,vampiro
vándalo,2.49,1.6,6.29,1.83,3.49,1.99,vandal,1,vandalo
vanidad,2.83,2.13,5.49,1.92,4.41,2.12,vanity,1,vanidad
vehículo,6.33,1.61,5.78,1.8,5.09,2.03,vehicle,1,vehiculo
velero,6.41,1.76,4.88,2.41,4.93,2.08,sailboat,1,velero
veloz,5.99,1.53,6.72,1.74,5.22,1.95,swift,1,veloz
vencedor,7.39,1.37,6.77,1.72,5.66,2.04,champion,1,vencedor
vencido,2.2,1.21,5.06,2.52,3.56,2.25,defeated,1,vencido
venda,4.14,1.76,4.72,1.73,4.84,1.98,bandage,1,venda
veneno,1.67,1.17,6.93,2.12,3.62,2.58,venom,1,veneno
ventaja,6.9,1.51,5.6,2.03,5.36,1.84,advantage,1,ventaja
ventana,5.88,1.75,4.88,1.84,5.58,1.78,window,1,ventana
verdad,7.78,1.78,5.72,2.47,6.36,2.13,truth,1,verdad
verde,6.43,1.75,4.72,2.18,5.48,2.46,green,1,verde
vergonzoso,3.14,1.7,6.13,1.84,3.22,1.76,shy,1,vergonzoso
vertedero,2.2,1.57,4.81,2.26,3.84,2.03,dump,1,vertedero
vestido,6.32,1.35,5.32,1.84,6.16,1.84,dress,1,vestido
viajes,7.84,1.72,7.39,1.74,5.99,2.14,travel,1,viajes
víctima,1.74,1.36,6.37,2.02,2.74,1.8,victim,1,victima
victimismo,2.48,1.62,5.9,2.01,4.16,2.27,scapegoat,1,victimismo
victoria,7.93,1.37,7.19,2.09,6.47,2.22,victory,1,victoria
vida,8.07,1.54,6.59,2.27,5.32,2.27,life,1,vida
vidrio,4.64,1.4,4.58,1.82,5.17,1.58,glass,1,vidrio
vigilante,4.83,1.87,5.09,1.78,4.79,2.03,watch,1,vigilante
vigoroso,5.99,1.58,5.62,1.65,5.54,1.56,mighty,1,vigoroso
vino,4.88,2.0,5.47,1.76,5.14,2.09,wine,1,vino
violación,1.11,0.48,7.98,1.51,2.13,1.84,rape,1,violacion
violento,1.69,1.0,7.06,1.74,3.58,2.31,violent,1,violento
violín,6.14,1.92,4.1,2.13,5.07,1.99,violin,1,violin
virgen,4.66,2.03,4.23,2.03,5.01,2.03,virgin,1,virgen
virtud,7.27,1.38,5.1,2.17,5.47,2.09,virtue,1,virtud
viruela,1.77,1.15,5.04,2.32,2.98,2.22,smallpox,1,viruela
visión,6.82,1.95,5.28,2.0,5.21,2.31,vision,1,vision
vivo,8.07,1.31,6.54,2.13,6.53,2.19,alive,1,vivo
volcán,3.52,2.02,6.63,2.07,2.58,2.26,volcano,1,volcan
vómito,1.76,1.16,5.8,2.54,3.12,2.15,vomit,1,vomito
yate,6.57,1.81,5.19,2.23,5.49,1.92,yacht,1,yate
zafiro,6.71,1.83,5.21,2.12,5.12,1.87,sapphire,1,zafiro
zurra,1.96,1.54,6.63,2.04,3.97,2.4,spanking,1,zurra
acurrucarse,6.98,2.09,4.28,2.43,6.01,2.06,snuggle,2,acurrucarse
ahogarse,1.32,0.93,7.61,1.92,2.41,2.12,drown,2,ahogarse
asfixiarse,1.48,1.07,7.8,1.68,2.33,1.88,suffocate,2,asfixiarse
decepcionar,1.57,1.25,6.01,2.48,3.64,2.51,disappoint,2,decepcionar
despedazar,2.52,1.66,6.29,2.03,4.16,2.2,mangle,2,despedazar
desvestido,5.12,2.53,6.02,2.14,4.9,2.3,naked,2,desvestido
detestar,2.18,1.61,5.77,2.15,4.13,2.06,detest,2,detestar
estremecerse,3.67,2.44,6.17,2.27,3.27,1.95,thrill,2,estremecerse
fascinar,7.42,1.5,6.84,1.74,5.89,1.6,fascinate,2,fascinar
florecer,7.49,1.42,5.38,2.21,4.81,2.29,blossom,2,florecer
irritar,1.93,1.14,6.34,2.25,4.14,1.99,irritate,2,irritar
mutilar,1.36,0.94,7.01,2.28,2.93,2.17,mutilate,2,mutilar
sobrecogido,3.0,1.85,5.67,2.36,3.73,1.87,awed,2,sobrecogido
sobresaltado,4.01,1.87,7.59,1.7,3.27,2.01,startled,2,sobresaltado
adinerado,6.21,1.71,5.58,1.92,5.69,2.14,wealthy,3,adinerado
coqueto,5.79,1.69,5.13,1.77,5.3,1.84,flirt,3,coqueto
desenfadado,6.26,1.58,5.44,1.93,5.28,2.12,nonchalant,3,desenfadado
lánguido,3.0,1.77,3.49,1.81,4.0,1.94,listless,3,languido
lóbrego,3.39,2.06,5.26,1.86,4.16,1.75,dreary,3,lobrego
pesaroso,2.86,1.76,4.24,1.94,4.0,1.77,regretful,3,pesaroso
reverente,4.59,1.73,4.6,1.84,4.74,1.76,reverent,3,reverente
tenue,5.23,1.99,3.79,1.95,5.2,2.09,subdued,3,tenue
vívido,5.7,1.86,5.93,1.85,5.13,1.9,lively,3,vivido
